orf,label
YAL043C,ess
YAL041W,ess
YAL038W,ess
YAL034W-A,ess
YAL033W,ess
YAL032C,ess
YAL003W,ess
YAR007C,ess
YAR008W,ess
YAR019C,ess
YBL105C,ess
YBL097W,ess
YBL092W,ess
YBL084C,ess
YBL076C,ess
YBL074C,ess
YBL050W,ess
YBL041W,ess
YBL040C,ess
YBL035C,ess
YBL034C,ess
YBL026W,ess
YBL020W,ess
YBL018C,ess
YBR002C,ess
YBR004C,ess
YBR011C,ess
YBR029C,ess
YBR038W,ess
YBR049C,ess
YBR060C,ess
YBR070C,ess
YBR079C,ess
YBR087W,ess
YBR088C,ess
YBR102C,ess
YBR109C,ess
YBR110W,ess
YBR123C,ess
YBR135W,ess
YBR136W,ess
YBR142W,ess
YBR143C,ess
YBR152W,ess
YBR153W,ess
YBR154C,ess
YBR155W,ess
YBR160W,ess
YBR167C,ess
YBR192W,ess
YBR193C,ess
YBR196C,ess
YBR198C,ess
YBR202W,ess
YBR211C,ess
YBR234C,ess
YBR236C,ess
YBR243C,ess
YBR247C,ess
YBR252W,ess
YBR253W,ess
YBR254C,ess
YBR256C,ess
YBR257W,ess
YBR265W,ess
YCL059C,ess
YCL054W,ess
YCL052C,ess
YCL043C,ess
YCL031C,ess
YCL017C,ess
YCL004W,ess
YCR012W,ess
YCR035C,ess
YCR054C,ess
YCR057C,ess
YCR072C,ess
YCR093W,ess
YDL235C,ess
YDL220C,ess
YDL217C,ess
YDL209C,ess
YDL208W,ess
YDL207W,ess
YDL195W,ess
YDL166C,ess
YDL165W,ess
YDL164C,ess
YDL153C,ess
YDL150W,ess
YDL148C,ess
YDL147W,ess
YDL145C,ess
YDL143W,ess
YDL141W,ess
YDL139C,ess
YDL132W,ess
YDL126C,ess
YDL120W,ess
YDL111C,ess
YDL108W,ess
YDL105W,ess
YDL103C,ess
YDL102W,ess
YDL097C,ess
YDL092W,ess
YDL087C,ess
YDL084W,ess
YDL064W,ess
YDL060W,ess
YDL058W,ess
YDL055C,ess
YDL045C,ess
YDL043C,ess
YDL031W,ess
YDL030W,ess
YDL029W,ess
YDL028C,ess
YDL017W,ess
YDL015C,ess
YDL014W,ess
YDL008W,ess
YDL004W,ess
YDL003W,ess
YDR002W,ess
YDR013W,ess
YDR016C,ess
YDR021W,ess
YDR023W,ess
YDR041W,ess
YDR044W,ess
YDR045C,ess
YDR047W,ess
YDR050C,ess
YDR052C,ess
YDR054C,ess
YDR060W,ess
YDR062W,ess
YDR081C,ess
YDR082W,ess
YDR086C,ess
YDR088C,ess
YDR091C,ess
YDR113C,ess
YDR118W,ess
YDR141C,ess
YDR160W,ess
YDR164C,ess
YDR166C,ess
YDR167W,ess
YDR168W,ess
YDR170C,ess
YDR172W,ess
YDR177W,ess
YDR180W,ess
YDR182W,ess
YDR187C,ess
YDR188W,ess
YDR190C,ess
YDR196C,ess
YDR201W,ess
YDR208W,ess
YDR211W,ess
YDR224C,ess
YDR228C,ess
YDR232W,ess
YDR235W,ess
YDR236C,ess
YDR238C,ess
YDR240C,ess
YDR243C,ess
YDR246W,ess
YDR267C,ess
YDR280W,ess
YDR292C,ess
YDR299W,ess
YDR301W,ess
YDR302W,ess
YDR303C,ess
YDR308C,ess
YDR311W,ess
YDR324C,ess
YDR328C,ess
YDR331W,ess
YDR339C,ess
YDR341C,ess
YDR353W,ess
YDR362C,ess
YDR373W,ess
YDR376W,ess
YDR390C,ess
YDR394W,ess
YDR397C,ess
YDR398W,ess
YDR404C,ess
YDR412W,ess
YDR416W,ess
YDR427W,ess
YDR429C,ess
YDR434W,ess
YDR437W,ess
YDR449C,ess
YDR454C,ess
YDR460W,ess
YDR464W,ess
YDR468C,ess
YDR472W,ess
YDR478W,ess
YDR487C,ess
YDR489W,ess
YDR498C,ess
YDR499W,ess
YDR527W,ess
YEL058W,ess
YEL055C,ess
YEL034W,ess
YEL032W,ess
YEL026W,ess
YEL019C,ess
YEL002C,ess
YER003C,ess
YER006W,ess
YER009W,ess
YER012W,ess
YER013W,ess
YER018C,ess
YER021W,ess
YER022W,ess
YER023W,ess
YER025W,ess
YER043C,ess
YER048W-A,ess
YER082C,ess
YER093C,ess
YER094C,ess
YER104W,ess
YER112W,ess
YER125W,ess
YER126C,ess
YER127W,ess
YER133W,ess
YER136W,ess
YER146W,ess
YER147C,ess
YER148W,ess
YER157W,ess
YER159C,ess
YER165W,ess
YER171W,ess
YER172C,ess
YFL045C,ess
YFL039C,ess
YFL038C,ess
YFL037W,ess
YFL024C,ess
YFL017W-A,ess
YFL017C,ess
YFL008W,ess
YFL005W,ess
YFL002C,ess
YFR002W,ess
YFR004W,ess
YFR027W,ess
YFR028C,ess
YFR042W,ess
YFR050C,ess
YFR051C,ess
YFR052W,ess
YGL247W,ess
YGL245W,ess
YGL238W,ess
YGL233W,ess
YGL225W,ess
YGL207W,ess
YGL201C,ess
YGL172W,ess
YGL171W,ess
YGL169W,ess
YGL155W,ess
YGL150C,ess
YGL142C,ess
YGL137W,ess
YGL130W,ess
YGL128C,ess
YGL123W,ess
YGL122C,ess
YGL116W,ess
YGL113W,ess
YGL111W,ess
YGL103W,ess
YGL099W,ess
YGL097W,ess
YGL093W,ess
YGL092W,ess
YGL091C,ess
YGL075C,ess
YGL073W,ess
YGL068W,ess
YGL065C,ess
YGL061C,ess
YGL048C,ess
YGL047W,ess
YGL044C,ess
YGL040C,ess
YGL030W,ess
YGL018C,ess
YGL011C,ess
YGL008C,ess
YGL001C,ess
YGR005C,ess
YGR009C,ess
YGR013W,ess
YGR024C,ess
YGR030C,ess
YGR046W,ess
YGR047C,ess
YGR048W,ess
YGR060W,ess
YGR065C,ess
YGR074W,ess
YGR075C,ess
YGR082W,ess
YGR083C,ess
YGR090W,ess
YGR091W,ess
YGR094W,ess
YGR095C,ess
YGR099W,ess
YGR103W,ess
YGR113W,ess
YGR116W,ess
YGR119C,ess
YGR120C,ess
YGR128C,ess
YGR140W,ess
YGR145W,ess
YGR147C,ess
YGR156W,ess
YGR158C,ess
YGR172C,ess
YGR179C,ess
YGR185C,ess
YGR186W,ess
YGR191W,ess
YGR198W,ess
YGR211W,ess
YGR218W,ess
YGR245C,ess
YGR246C,ess
YGR251W,ess
YGR253C,ess
YGR264C,ess
YGR267C,ess
YGR277C,ess
YGR278W,ess
YGR280C,ess
YHL015W,ess
YHR005C-A,ess
YHR019C,ess
YHR020W,ess
YHR024C,ess
YHR036W,ess
YHR040W,ess
YHR042W,ess
YHR058C,ess
YHR065C,ess
YHR068W,ess
YHR069C,ess
YHR070W,ess
YHR072W,ess
YHR074W,ess
YHR083W,ess
YHR085W,ess
YHR088W,ess
YHR101C,ess
YHR107C,ess
YHR118C,ess
YHR122W,ess
YHR143W-A,ess
YHR148W,ess
YHR164C,ess
YHR166C,ess
YHR170W,ess
YHR172W,ess
YHR186C,ess
YHR188C,ess
YHR190W,ess
YHR196W,ess
YHR197W,ess
YIL150C,ess
YIL147C,ess
YIL144W,ess
YIL142W,ess
YIL129C,ess
YIL118W,ess
YIL115C,ess
YIL109C,ess
YIL106W,ess
YIL104C,ess
YIL091C,ess
YIL083C,ess
YIL078W,ess
YIL075C,ess
YIL068C,ess
YIL063C,ess
YIL062C,ess
YIL061C,ess
YIL051C,ess
YIL048W,ess
YIL046W,ess
YIL031W,ess
YIL022W,ess
YIL019W,ess
YIL004C,ess
YIR006C,ess
YIR008C,ess
YIR010W,ess
YIR011C,ess
YIR012W,ess
YIR015W,ess
YIR022W,ess
YJL203W,ess
YJL194W,ess
YJL174W,ess
YJL173C,ess
YJL167W,ess
YJL156C,ess
YJL143W,ess
YJL125C,ess
YJL111W,ess
YJL109C,ess
YJL104W,ess
YJL091C,ess
YJL090C,ess
YJL087C,ess
YJL085W,ess
YJL076W,ess
YJL074C,ess
YJL072C,ess
YJL069C,ess
YJL061W,ess
YJL054W,ess
YJL050W,ess
YJL041W,ess
YJL034W,ess
YJL033W,ess
YJL031C,ess
YJL025W,ess
YJL019W,ess
YJL014W,ess
YJL011C,ess
YJL010C,ess
YJL008C,ess
YJL002C,ess
YJR002W,ess
YJR006W,ess
YJR007W,ess
YJR017C,ess
YJR022W,ess
YJR023C,ess
YJR041C,ess
YJR042W,ess
YJR045C,ess
YJR046W,ess
YJR064W,ess
YJR065C,ess
YJR067C,ess
YJR068W,ess
YJR072C,ess
YJR076C,ess
YJR093C,ess
YJR112W,ess
YJR123W,ess
YJR141W,ess
YKL210W,ess
YKL196C,ess
YKL195W,ess
YKL193C,ess
YKL192C,ess
YKL189W,ess
YKL186C,ess
YKL182W,ess
YKL180W,ess
YKL173W,ess
YKL172W,ess
YKL165C,ess
YKL154W,ess
YKL152C,ess
YKL145W,ess
YKL144C,ess
YKL141W,ess
YKL125W,ess
YKL122C,ess
YKL112W,ess
YKL108W,ess
YKL104C,ess
YKL099C,ess
YKL095W,ess
YKL089W,ess
YKL088W,ess
YKL082C,ess
YKL078W,ess
YKL060C,ess
YKL059C,ess
YKL058W,ess
YKL052C,ess
YKL045W,ess
YKL042W,ess
YKL035W,ess
YKL024C,ess
YKL022C,ess
YKL021C,ess
YKL019W,ess
YKL018W,ess
YKL014C,ess
YKL013C,ess
YKL012W,ess
YKL006C-A,ess
YKL004W,ess
YKR002W,ess
YKR008W,ess
YKR022C,ess
YKR025W,ess
YKR037C,ess
YKR038C,ess
YKR062W,ess
YKR063C,ess
YKR068C,ess
YKR071C,ess
YKR079C,ess
YKR081C,ess
YKR083C,ess
YKR086W,ess
YLL050C,ess
YLL036C,ess
YLL035W,ess
YLL034C,ess
YLL011W,ess
YLL008W,ess
YLL004W,ess
YLL003W,ess
YLR002C,ess
YLR005W,ess
YLR007W,ess
YLR008C,ess
YLR009W,ess
YLR010C,ess
YLR022C,ess
YLR026C,ess
YLR029C,ess
YLR033W,ess
YLR045C,ess
YLR051C,ess
YLR060W,ess
YLR066W,ess
YLR071C,ess
YLR075W,ess
YLR078C,ess
YLR086W,ess
YLR088W,ess
YLR100W,ess
YLR105C,ess
YLR106C,ess
YLR115W,ess
YLR116W,ess
YLR117C,ess
YLR129W,ess
YLR132C,ess
YLR141W,ess
YLR145W,ess
YLR147C,ess
YLR153C,ess
YLR163C,ess
YLR166C,ess
YLR167W,ess
YLR175W,ess
YLR186W,ess
YLR195C,ess
YLR196W,ess
YLR197W,ess
YLR208W,ess
YLR212C,ess
YLR215C,ess
YLR222C,ess
YLR223C,ess
YLR229C,ess
YLR243W,ess
YLR249W,ess
YLR259C,ess
YLR272C,ess
YLR274W,ess
YLR275W,ess
YLR276C,ess
YLR277C,ess
YLR291C,ess
YLR298C,ess
YLR310C,ess
YLR321C,ess
YLR323C,ess
YLR336C,ess
YLR340W,ess
YLR355C,ess
YLR359W,ess
YLR378C,ess
YLR397C,ess
YLR409C,ess
YLR424W,ess
YLR430W,ess
YLR438C-A,ess
YLR440C,ess
YLR459W,ess
YML130C,ess
YML127W,ess
YML126C,ess
YML125C,ess
YML114C,ess
YML105C,ess
YML098W,ess
YML093W,ess
YML092C,ess
YML085C,ess
YML077W,ess
YML065W,ess
YML064C,ess
YML049C,ess
YML046W,ess
YML043C,ess
YML025C,ess
YML023C,ess
YML015C,ess
YML010W,ess
YMR001C,ess
YMR005W,ess
YMR013C,ess
YMR028W,ess
YMR033W,ess
YMR047C,ess
YMR049C,ess
YMR059W,ess
YMR076C,ess
YMR079W,ess
YMR093W,ess
YMR094W,ess
YMR112C,ess
YMR113W,ess
YMR117C,ess
YMR128W,ess
YMR131C,ess
YMR134W,ess
YMR146C,ess
YMR168C,ess
YMR185W,ess
YMR197C,ess
YMR200W,ess
YMR203W,ess
YMR208W,ess
YMR211W,ess
YMR213W,ess
YMR218C,ess
YMR220W,ess
YMR227C,ess
YMR229C,ess
YMR235C,ess
YMR236W,ess
YMR239C,ess
YMR240C,ess
YMR260C,ess
YMR268C,ess
YMR270C,ess
YMR277W,ess
YMR281W,ess
YMR288W,ess
YMR290C,ess
YMR296C,ess
YMR298W,ess
YMR301C,ess
YMR308C,ess
YMR309C,ess
YMR314W,ess
YNL317W,ess
YNL313C,ess
YNL312W,ess
YNL310C,ess
YNL308C,ess
YNL306W,ess
YNL290W,ess
YNL287W,ess
YNL282W,ess
YNL272C,ess
YNL267W,ess
YNL262W,ess
YNL261W,ess
YNL260C,ess
YNL258C,ess
YNL251C,ess
YNL247W,ess
YNL245C,ess
YNL244C,ess
YNL240C,ess
YNL232W,ess
YNL222W,ess
YNL221C,ess
YNL216W,ess
YNL207W,ess
YNL189W,ess
YNL188W,ess
YNL182C,ess
YNL181W,ess
YNL178W,ess
YNL172W,ess
YNL163C,ess
YNL162W,ess
YNL161W,ess
YNL158W,ess
YNL152W,ess
YNL151C,ess
YNL149C,ess
YNL137C,ess
YNL132W,ess
YNL131W,ess
YNL126W,ess
YNL124W,ess
YNL118C,ess
YNL113W,ess
YNL112W,ess
YNL110C,ess
YNL103W,ess
YNL102W,ess
YNL088W,ess
YNL075W,ess
YNL062C,ess
YNL061W,ess
YNL039W,ess
YNL038W,ess
YNL026W,ess
YNL007C,ess
YNL006W,ess
YNL002C,ess
YNR003C,ess
YNR011C,ess
YNR016C,ess
YNR017W,ess
YNR026C,ess
YNR035C,ess
YNR038W,ess
YNR043W,ess
YNR046W,ess
YNR053C,ess
YNR054C,ess
YOL149W,ess
YOL146W,ess
YOL144W,ess
YOL139C,ess
YOL135C,ess
YOL133W,ess
YOL130W,ess
YOL127W,ess
YOL123W,ess
YOL120C,ess
YOL102C,ess
YOL097C,ess
YOL094C,ess
YOL078W,ess
YOL077C,ess
YOL069W,ess
YOL066C,ess
YOL040C,ess
YOL038W,ess
YOL034W,ess
YOL026C,ess
YOL022C,ess
YOL021C,ess
YOL010W,ess
YOL005C,ess
YOR004W,ess
YOR020C,ess
YOR046C,ess
YOR048C,ess
YOR056C,ess
YOR057W,ess
YOR060C,ess
YOR063W,ess
YOR074C,ess
YOR075W,ess
YOR077W,ess
YOR098C,ess
YOR103C,ess
YOR110W,ess
YOR116C,ess
YOR117W,ess
YOR119C,ess
YOR122C,ess
YOR143C,ess
YOR145C,ess
YOR148C,ess
YOR149C,ess
YOR151C,ess
YOR157C,ess
YOR159C,ess
YOR160W,ess
YOR168W,ess
YOR174W,ess
YOR176W,ess
YOR181W,ess
YOR194C,ess
YOR207C,ess
YOR210W,ess
YOR217W,ess
YOR224C,ess
YOR232W,ess
YOR236W,ess
YOR244W,ess
YOR249C,ess
YOR250C,ess
YOR256C,ess
YOR257W,ess
YOR259C,ess
YOR260W,ess
YOR261C,ess
YOR262W,ess
YOR272W,ess
YOR278W,ess
YOR281C,ess
YOR294W,ess
YOR310C,ess
YOR319W,ess
YOR326W,ess
YOR329C,ess
YOR335C,ess
YOR336W,ess
YOR340C,ess
YOR353C,ess
YOR361C,ess
YOR362C,ess
YOR370C,ess
YOR372C,ess
YOR373W,ess
YPL266W,ess
YPL255W,ess
YPL243W,ess
YPL242C,ess
YPL237W,ess
YPL235W,ess
YPL233W,ess
YPL228W,ess
YPL218W,ess
YPL211W,ess
YPL210C,ess
YPL209C,ess
YPL190C,ess
YPL175W,ess
YPL169C,ess
YPL160W,ess
YPL153C,ess
YPL151C,ess
YPL146C,ess
YPL143W,ess
YPL131W,ess
YPL128C,ess
YPL126W,ess
YPL124W,ess
YPL122C,ess
YPL117C,ess
YPL094C,ess
YPL085W,ess
YPL083C,ess
YPL082C,ess
YPL076W,ess
YPL075W,ess
YPL063W,ess
YPL043W,ess
YPL028W,ess
YPL020C,ess
YPL012W,ess
YPL010W,ess
YPL007C,ess
YPR010C,ess
YPR016C,ess
YPR019W,ess
YPR025C,ess
YPR033C,ess
YPR034W,ess
YPR035W,ess
YPR041W,ess
YPR048W,ess
YPR055W,ess
YPR056W,ess
YPR082C,ess
YPR085C,ess
YPR086W,ess
YPR088C,ess
YPR094W,ess
YPR103W,ess
YPR104C,ess
YPR105C,ess
YPR107C,ess
YPR108W,ess
YPR110C,ess
YPR112C,ess
YPR113W,ess
YPR133C,ess
YPR137W,ess
YPR143W,ess
YPR144C,ess
YPR161C,ess
YPR162C,ess
YPR165W,ess
YPR168W,ess
YPR169W,ess
YPR175W,ess
YPR176C,ess
YPR178W,ess
YPR180W,ess
YPR181C,ess
YPR182W,ess
YPR183W,ess
YPR186C,ess
YPR187W,ess
YPR190C,ess
YMR135W-A,non_ess
YAR023C,non_ess
YOR034C,non_ess
YPL247C,non_ess
YIL119C,non_ess
YNL142W,non_ess
YBL031W,non_ess
YAR035W,non_ess
YLR191W,non_ess
YJR025C,non_ess
YPR185W,non_ess
YLR220W,non_ess
YNL210W,non_ess
YDL240C-A,non_ess
YHR139C-A,non_ess
YGL038C,non_ess
YDR340W,non_ess
YBR213W,non_ess
YPL173W,non_ess
YPR145C-A,non_ess
YMR247C,non_ess
YGR042W,non_ess
YHR201C,non_ess
YMR193W,non_ess
YHR213W-B,non_ess
YCR023C,non_ess
YER102W,non_ess
YJR086W,non_ess
YER163C,non_ess
YGL081W,non_ess
YFL004W,non_ess
YMR297W,non_ess
YEL041W,non_ess
YLL015W,non_ess
YDL116W,non_ess
YMR014W,non_ess
YJL157C,non_ess
YOL159C-A,non_ess
YPR134W,non_ess
YMR127C,non_ess
YER037W,non_ess
YMR052W,non_ess
YMR170C,non_ess
YBR220C,non_ess
YIR023W,non_ess
YBR065C,non_ess
YLR137W,non_ess
YDL236W,non_ess
YLR334C,non_ess
YOR299W,non_ess
YHR109W,non_ess
YBL101C,non_ess
YNL154C,non_ess
YLL048C,non_ess
YCR106W,non_ess
YEL073C,non_ess
YLL020C,non_ess
YDL219W,non_ess
YBL108C-A,non_ess
YBR191W-A,non_ess
YHR046C,non_ess
YDL089W,non_ess
YLR055C,non_ess
YER088C-A,non_ess
YLL062C,non_ess
YIR027C,non_ess
YNL041C,non_ess
YGR236C,non_ess
YJR070C,non_ess
YLR169W,non_ess
YPL174C,non_ess
YJL053W,non_ess
YAL037W,non_ess
YOL037C,non_ess
YDR490C,non_ess
YIL140W,non_ess
YKR044W,non_ess
YBR139W,non_ess
YDR374W-A,non_ess
YDR197W,non_ess
YGL260W,non_ess
YBR146W,non_ess
YDL159W,non_ess
YDR231C,non_ess
YML001W,non_ess
YGR036C,non_ess
YDR518W,non_ess
YGR150C,non_ess
YJR055W,non_ess
YBR056W-A,non_ess
YMR081C,non_ess
YLR023C,non_ess
YER063W,non_ess
YBL089W,non_ess
YPL054W,non_ess
YML123C,non_ess
YPL198W,non_ess
YGR263C,non_ess
YDL062W,non_ess
YJL022W,non_ess
YDL167C,non_ess
YBL046W,non_ess
YBR150C,non_ess
YFL001W,non_ess
YBR196C-A,non_ess
YLR437C-A,non_ess
YFR026C,non_ess
YBR115C,non_ess
YKR027W,non_ess
YNL173C,non_ess
YLR418C,non_ess
YIL145C,non_ess
YPL073C,non_ess
YIL166C,non_ess
YMR012W,non_ess
YOL118C,non_ess
YBL024W,non_ess
YDL211C,non_ess
YDR322W,non_ess
YBR048W,non_ess
YGL256W,non_ess
YOL047C,non_ess
YAL007C,non_ess
YGR064W,non_ess
YDR282C,non_ess
YBL096C,non_ess
YOL019W-A,non_ess
YKL185W,non_ess
YNL269W,non_ess
YBR008C,non_ess
YFL042C,non_ess
YDR110W,non_ess
YLR133W,non_ess
YMR004W,non_ess
YMR160W,non_ess
YMR172C-A,non_ess
YNL056W,non_ess
YDL248W,non_ess
YBR109W-A,non_ess
YDR273W,non_ess
YKL015W,non_ess
YLR315W,non_ess
YBR074W,non_ess
YML030W,non_ess
YDR351W,non_ess
YGL187C,non_ess
YLR113W,non_ess
YGR152C,non_ess
YDR465C,non_ess
YAL047C,non_ess
YJR070C,non_ess
YJL049W,non_ess
YKL162C-A,non_ess
YGR199W,non_ess
YAL042C-A,non_ess
YHR050W,non_ess
YIL045W,non_ess
YHR003C,non_ess
YGR081C,non_ess
YLL065W,non_ess
YOL105C,non_ess
YEL011W,non_ess
YMR126C,non_ess
YNR055C,non_ess
YOR113W,non_ess
YPR063C,non_ess
YPL027W,non_ess
YCL032W,non_ess
YKL202W,non_ess
YNL205C,non_ess
YMR118C,non_ess
YIL032C,non_ess
YLR052W,non_ess
YDR438W,non_ess
YDR213W,non_ess
YNL209W,non_ess
YLR292C,non_ess
YJL098W,non_ess
YIR007W,non_ess
YER178W,non_ess
YDR169C,non_ess
YDL086W,non_ess
YDR528W,non_ess
YJL092W,non_ess
YBL068W,non_ess
YKL215C,non_ess
YBR297W,non_ess
YDR256C,non_ess
YLR163W-A,non_ess
YKL044W,non_ess
YML017W,non_ess
YLL019W-A,non_ess
YGR137W,non_ess
YGL129C,non_ess
YGR093W,non_ess
YDR346C,non_ess
YIL162W,non_ess
YBL054W,non_ess
YBR059C,non_ess
YLR068W,non_ess
YBR201C-A,non_ess
YNL043C,non_ess
YDR220C,non_ess
YGR152C,non_ess
YGL124C,non_ess
YKL071W,non_ess
YLR041W,non_ess
YJR034W,non_ess
YLR287C,non_ess
YDR098C,non_ess
YBR013C,non_ess
YHR199C-A,non_ess
YDR150W,non_ess
YGR012W,non_ess
YDL210W,non_ess
YJR115W,non_ess
YDL206W,non_ess
YDR136C,non_ess
YHR132C,non_ess
YJR120W,non_ess
YHL040C,non_ess
YPR097W,non_ess
YNL211C,non_ess
YDR079C-A,non_ess
YOR312C,non_ess
YPL223C,non_ess
YGL013C,non_ess
YDR452W,non_ess
YML036W,non_ess
YMR080C,non_ess
YIR042C,non_ess
YDR389W,non_ess
YLR183C,non_ess
YJR050W,non_ess
YDL025W-A,non_ess
YDR435C,non_ess
YDL053C,non_ess
YPR164W,non_ess
YER075C,non_ess
YMR031C,non_ess
YNL253W,non_ess
YGL218W,non_ess
YBR197C,non_ess
YEL017W,non_ess
YFL053W,non_ess
YJR010W,non_ess
YGL162W,non_ess
YML082W,non_ess
YKR015C,non_ess
YGR126W,non_ess
YNL201C,non_ess
YDL222C,non_ess
YGL077C,non_ess
YJL133W,non_ess
YDR277C,non_ess
YAR035C-A,non_ess
YMR226C,non_ess
YNL024C,non_ess
YPR166C,non_ess
YMR158W,non_ess
YLR418C,non_ess
YNR071C,non_ess
YDL197C,non_ess
YJL137C,non_ess
YER147C-A,non_ess
YIL154C,non_ess
YMR100W,non_ess
YBR130C,non_ess
YMR102C,non_ess
YBR162W-A,non_ess
YPR014C,non_ess
YHR092C,non_ess
YER148W-A,non_ess
YIL010W,non_ess
YBR053C,non_ess
YDL173W,non_ess
YJL096W,non_ess
YFL011W,non_ess
YMR250W,non_ess
YMR178W,non_ess
YIL151C,non_ess
YNL119W,non_ess
YKR064W,non_ess
YCR060W,non_ess
YFL034W,non_ess
YDR497C,non_ess
YBR258C,non_ess
YIR026C,non_ess
YKL150W,non_ess
YBR188C,non_ess
YJR082C,non_ess
YCR030C,non_ess
YCR038C,non_ess
YPR057W,non_ess
YIL137C,non_ess
YHR039C,non_ess
YGL032C,non_ess
YJR137C,non_ess
YNL134C,non_ess
YBR107C,non_ess
YHL038C,non_ess
YLL048C,non_ess
YMR210W,non_ess
YPL173W,non_ess
YNL140C,non_ess
YNL146C-A,non_ess
YJL209W,non_ess
YPL078C,non_ess
YKR040C,non_ess
YGL119W,non_ess
YER087C-B,non_ess
YDL091C,non_ess
YBR238C,non_ess
YOR009W,non_ess
YJR110W,non_ess
YBR032W,non_ess
YJL115W,non_ess
YPR011C,non_ess
YAR023C,non_ess
YMR030W,non_ess
YJL136C,non_ess
YPR129W,non_ess
YKL110C,non_ess
YML038C,non_ess
YNL324W,non_ess
YKR075C,non_ess
YLR213C,non_ess
YOR193W,non_ess
YDR114C,non_ess
YDL037C,non_ess
YLR393W,non_ess
YBL079W,non_ess
YLR210W,non_ess
YJR052W,non_ess
YGL119W,non_ess
YGR230W,non_ess
YBR240C,non_ess
YMR194C-A,non_ess
YLR354C,non_ess
YDL215C,non_ess
YGL053W,non_ess
YCL045C,non_ess
YBR268W,non_ess
YLR124W,non_ess
YMR089C,non_ess
YKL225W,non_ess
YFL063W,non_ess
YPL150W,non_ess
YDL144C,non_ess
YOR138C,non_ess
YBR068C,non_ess
YKL129C,non_ess
YOL019W-A,non_ess
YBR010W,non_ess
YGR169C,non_ess
YMR273C,non_ess
YEL029C,non_ess
YLR400W,non_ess
YOL121C,non_ess
YNL273W,non_ess
YGL017W,non_ess
YDL082W,non_ess
YBL063W,non_ess
YMR278W,non_ess
YJR097W,non_ess
YML012C-A,non_ess
YGR093W,non_ess
YGL260W,non_ess
YKR095W,non_ess
YJL100W,non_ess
YHR012W,non_ess
YJL222W-B,non_ess
YLR285W,non_ess
YHL050C,non_ess
YEL037C,non_ess
YMR087W,non_ess
YLR260W,non_ess
YDL080C,non_ess
YJL151C,non_ess
YIL142C-A,non_ess
YML041C,non_ess
YBR271W,non_ess
YLR149C-A,non_ess
YGR236C,non_ess
YBR196C-B,non_ess
YER002W,non_ess
YMR018W,non_ess
YLR217W,non_ess
YML088W,non_ess
YOR351C,non_ess
YLR139C,non_ess
YJL037W,non_ess
YLR421C,non_ess
YGR208W,non_ess
YGR070W,non_ess
YDR428C,non_ess
YDL174C,non_ess
YNL100W,non_ess
YLR341W,non_ess
YML083C,non_ess
YJL066C,non_ess
YGL136C,non_ess
YMR261C,non_ess
YLR138W,non_ess
YER067W,non_ess
YNR063W,non_ess
YGR133W,non_ess
YER090C-A,non_ess
YHR215W,non_ess
YDR137W,non_ess
YBR117C,non_ess
YDL053C,non_ess
YER113C,non_ess
YOR123C,non_ess
YKR058W,non_ess
YOR195W,non_ess
YOR150W,non_ess
YJR061W,non_ess
YPL090C,non_ess
YBR003W,non_ess
YDR279W,non_ess
YLR434C,non_ess
YDL062W,non_ess
YHR192W,non_ess
YFL034W,non_ess
YDL095W,non_ess
YKR024C,non_ess
YBR041W,non_ess
YDL234C,non_ess
YMR105W-A,non_ess
YIL105C,non_ess
YJR009C,non_ess
YGR010W,non_ess
YIL053W,non_ess
YDR205W,non_ess
YER034W,non_ess
YNL111C,non_ess
YOR308C,non_ess
YLR227C,non_ess
YIL127C,non_ess
YIL133C,non_ess
YDL059C,non_ess
YOL093W,non_ess
YGL174W,non_ess
YJR082C,non_ess
YLR254C,non_ess
YGR134W,non_ess
YGR135W,non_ess
YPR174C,non_ess
YHR064C,non_ess
YAR075W,non_ess
YBR295W,non_ess
YIL014W,non_ess
YER147C-A,non_ess
YNL050C,non_ess
YMR122C,non_ess
YBL039C,non_ess
YPL002C,non_ess
YHR127W,non_ess
YLR365W,non_ess
YGR033C,non_ess
YLR064W,non_ess
YGR254W,non_ess
YEL021W,non_ess
YOR161C,non_ess
YOL036W,non_ess
YDR528W,non_ess
YDR350C,non_ess
YJL118W,non_ess
YMR100W,non_ess
YDR034C,non_ess
YML047C,non_ess
YER180C,non_ess
YDL197C,non_ess
YDR038C,non_ess
YML081C-A,non_ess
YAL005C,non_ess
YMR013C-A,non_ess
YGR232W,non_ess
YPL277C,non_ess
YNL274C,non_ess
YOR112W,non_ess
YMR257C,non_ess
YPL271W,non_ess
YCR026C,non_ess
YDL137W,non_ess
YCR042C,non_ess
YJL220W,non_ess
YLR343W,non_ess
YOR266W,non_ess
YGR039W,non_ess
YLR037C,non_ess
YLR432W,non_ess
YML110C,non_ess
YPR140W,non_ess
YJL206C,non_ess
YMR252C,non_ess
YOR285W,non_ess
YAL067W-A,non_ess
YPL236C,non_ess
YMR013C-A,non_ess
YCL039W,non_ess
YLR280C,non_ess
YLR287C,non_ess
YCR038W-A,non_ess
YNR075C-A,non_ess
YPL055C,non_ess
YEL064C,non_ess
YML060W,non_ess
YHR094C,non_ess
YEL075C,non_ess
YDL192W,non_ess
YHR216W,non_ess
YGR059W,non_ess
YML120C,non_ess
YHR071W,non_ess
YDL218W,non_ess
YHR004C,non_ess
YDR371C-A,non_ess
YKR020W,non_ess
YOL086W-A,non_ess
YBL006C,non_ess
YML005W,non_ess
YBR062C,non_ess
YMR257C,non_ess
YPR087W,non_ess
YER140W,non_ess
YHL049C,non_ess
YMR207C,non_ess
YOL053W,non_ess
YML131W,non_ess
YMR071C,non_ess
YGL041W-A,non_ess
YOR051C,non_ess
YMR073C,non_ess
YDR031W,non_ess
YMR228W,non_ess
YHR135C,non_ess
YGR228W,non_ess
YNL291C,non_ess
YNL125C,non_ess
YOR193W,non_ess
YHR008C,non_ess
YDL146W,non_ess
YNL155W,non_ess
YHR182W,non_ess
YDR392W,non_ess
YER111C,non_ess
YGL246C,non_ess
YEL034C-A,non_ess
YNL334C,non_ess
YDR155C,non_ess
YPL114W,non_ess
YOR314W-A,non_ess
YBR009C,non_ess
YDL162C,non_ess
YIL027C,non_ess
YGR275W,non_ess
YNR073C,non_ess
YML082W,non_ess
YPL283W-B,non_ess
YBR025C,non_ess
YOR195W,non_ess
YNL097C,non_ess
YHL040C,non_ess
YLR369W,non_ess
YGL191W,non_ess
YLR142W,non_ess
YER045C,non_ess
YPR046W,non_ess
YOL015W,non_ess
YJR061W,non_ess
YJR106W,non_ess
YOR033C,non_ess
YOR253W,non_ess
YNR042W,non_ess
YPL196W,non_ess
YLR346C,non_ess
YBL036C,non_ess
YOL016C,non_ess
YDL180W,non_ess
YEL052W,non_ess
YER100W,non_ess
YOL023W,non_ess
YDR281C,non_ess
YOL059W,non_ess
YMR054W,non_ess
YDL247W,non_ess
YGL192W,non_ess
YLL010C,non_ess
YDR070C,non_ess
YPL029W,non_ess
YJR024C,non_ess
YDR108W,non_ess
YBR201C-A,non_ess
YMR170C,non_ess
YML060W,non_ess
YOR081C,non_ess
YGR131W,non_ess
YER040W,non_ess
YAL019W-A,non_ess
YNL294C,non_ess
YJR051W,non_ess
YDL091C,non_ess
YBR072C-A,non_ess
YPL121C,non_ess
YJL093C,non_ess
YOR018W,non_ess
YJR119C,non_ess
YEL014C,non_ess
YLR188W,non_ess
YHR215W,non_ess
YDR528W,non_ess
YBR146W,non_ess
YNL015W,non_ess
YDR198C,non_ess
YNL277W,non_ess
YBR072C-A,non_ess
YML118W,non_ess
YHR206W,non_ess
YPR141C,non_ess
YGL180W,non_ess
YBL028C,non_ess
YLR124W,non_ess
YOR266W,non_ess
YFR009W-A,non_ess
YPR194C,non_ess
YGR025W,non_ess
YAL042W,non_ess
YLR085C,non_ess
YDL167C,non_ess
YNL234W,non_ess
YBR035C,non_ess
YOR038C,non_ess
YMR136W,non_ess
YHR041C,non_ess
YGR136W,non_ess
YBL062W,non_ess
YGR004W,non_ess
YDL052C,non_ess
YJR008W,non_ess
YKR026C,non_ess
YDR055W,non_ess
YDR080W,non_ess
YIL158W,non_ess
YHR135C,non_ess
YKL140W,non_ess
YKL219W,non_ess
YLR192C,non_ess
YJL007C,non_ess
YOR142W,non_ess
YKR085C,non_ess
YLL007C,non_ess
YDR502C,non_ess
YJR063W,non_ess
YLL048C,non_ess
YDL024C,non_ess
YBL068W-A,non_ess
YGR294W,non_ess
YPR098C,non_ess
YBR228W,non_ess
YPL279C,non_ess
YNL187W,non_ess
YJR139C,non_ess
YBL046W,non_ess
YJL126W,non_ess
YBL036C,non_ess
YML027W,non_ess
YPL159C,non_ess
YGL156W,non_ess
YDR209C,non_ess
YOR013W,non_ess
YJL088W,non_ess
YFR036W-A,non_ess
YAR073W,non_ess
YFR012W,non_ess
YER103W,non_ess
YFR049W,non_ess
YGL138C,non_ess
YJL047C,non_ess
YJL063C,non_ess
YBR013C,non_ess
YER076W-A,non_ess
YJR138W,non_ess
YER032W,non_ess
YBR273C,non_ess
YOL006C,non_ess
YLR369W,non_ess
YOL013W-B,non_ess
YIL123W,non_ess
YBR278W,non_ess
YKL068W,non_ess
YOL011W,non_ess
YNL054W,non_ess
YOR007C,non_ess
YKR075C,non_ess
YIR021W,non_ess
YDR366C,non_ess
YOR389W,non_ess
YBR248C,non_ess
YOL071W,non_ess
YNL097C,non_ess
YNL204C,non_ess
YPR106W,non_ess
YOR066W,non_ess
YIL134C-A,non_ess
YBL068W-A,non_ess
YNL177C,non_ess
YBL005W,non_ess
YNL212W,non_ess
YLR255C,non_ess
YML003W,non_ess
YLR119W,non_ess
YCR043C,non_ess
YJR104C,non_ess
YNL208W,non_ess
YDR291W,non_ess
YMR086C-A,non_ess
YGR167W,non_ess
YAL068W-A,non_ess
YHR033W,non_ess
YLR068W,non_ess
YAR028W,non_ess
YGR141W,non_ess
YNL196C,non_ess
YKR030W,non_ess
YIL122W,non_ess
YHL023C,non_ess
YNR047W,non_ess
YDR162C,non_ess
YGR236C,non_ess
YLL020C,non_ess
YGR031C-A,non_ess
YMR252C,non_ess
YFL015C,non_ess
YPR008W,non_ess
YBR066C,non_ess
YBL071C-B,non_ess
YKL145W-A,non_ess
YKL198C,non_ess
YGL227W,non_ess
YNL179C,non_ess
YOR344C,non_ess
YKR088C,non_ess
YJL083W,non_ess
YBR052C,non_ess
YCR020W-B,non_ess
YLR260W,non_ess
YNL054W,non_ess
YLR209C,non_ess
YJR069C,non_ess
YPL096C-A,non_ess
YGR266W,non_ess
YDR116C,non_ess
YFL062W,non_ess
YOR001W,non_ess
YGL229C,non_ess
YGL212W,non_ess
YKL085W,non_ess
YHR070C-A,non_ess
YGL123C-A,non_ess
YOR234C,non_ess
YJR144W,non_ess
YPR120C,non_ess
YJL179W,non_ess
YBR298C-A,non_ess
YCL005W-A,non_ess
YGR239C,non_ess
YIL120W,non_ess
YER170W,non_ess
YKL129C,non_ess
YLR416C,non_ess
YPR145C-A,non_ess
YJL045W,non_ess
YBR300C,non_ess
YOR234C,non_ess
YHR189W,non_ess
YLR232W,non_ess
YJR124C,non_ess
YDL027C,non_ess
YGR209C,non_ess
YIL137C,non_ess
YLR366W,non_ess
YIL016W,non_ess
YPR115W,non_ess
YDR389W,non_ess
YAR068W,non_ess
YJR071W,non_ess
YHR028W-A,non_ess
YPR099C,non_ess
YDR522C,non_ess
YML027W,non_ess
YJR105W,non_ess
YBL071C,non_ess
YLR235C,non_ess
YEL021W,non_ess
YBR146W,non_ess
YAL053W,non_ess
YIR020C-B,non_ess
YIR027C,non_ess
YOR186W,non_ess
YDL052C,non_ess
YMR075W,non_ess
YER090C-A,non_ess
YOR322C,non_ess
YKL184W,non_ess
YMR105W-A,non_ess
YLR151C,non_ess
YJL070C,non_ess
YLR333C,non_ess
YKR077W,non_ess
YNL279W,non_ess
YKL061W,non_ess
YLR404W,non_ess
YDR031W,non_ess
YBR278W,non_ess
YBR174C,non_ess
YMR020W,non_ess
YBR101C,non_ess
YIR004W,non_ess
YPL180W,non_ess
YDR158W,non_ess
YNR006W,non_ess
YBR288C,non_ess
YHR131W-A,non_ess
YJR118C,non_ess
YEL050W-A,non_ess
YBR021W,non_ess
YCR065W,non_ess
YHL035C,non_ess
YPL095C,non_ess
YJL163C,non_ess
YEL033W,non_ess
YDL156W,non_ess
YPL199C,non_ess
YDR543C,non_ess
YGL134W,non_ess
YPL221W,non_ess
YPR087W,non_ess
YKR056W,non_ess
YGR199W,non_ess
YOR356W,non_ess
YLR303W,non_ess
YEL069C,non_ess
YDR457W,non_ess
YCR087C-A,non_ess
YPL048W,non_ess
YPL224C,non_ess
YPL247C,non_ess
YHR159W,non_ess
YDR090C,non_ess
YOR276W,non_ess
YOR082C,non_ess
YHR151C,non_ess
YPL027W,non_ess
YBR111W-A,non_ess
YFR016C,non_ess
YOR231W,non_ess
YGR150C,non_ess
YDL211C,non_ess
YGL062W,non_ess
YBR188C,non_ess
YOR087W,non_ess
YGR199W,non_ess
YHR041C,non_ess
YJR077C,non_ess
YKL063C,non_ess
YLR285W,non_ess
YDR312W,non_ess
YLR098C,non_ess
YJL117W,non_ess
YPR155C,non_ess
YDR392W,non_ess
YOL083C-A,non_ess
YBR162C,non_ess
YLR216C,non_ess
YCR041W,non_ess
YEL005C,non_ess
YIL131C,non_ess
YJL175W,non_ess
YDL080C,non_ess
YMR244C-A,non_ess
YIL102C,non_ess
YKL116C,non_ess
YLR044C,non_ess
YJL183W,non_ess
YLR466W,non_ess
YPL009C,non_ess
YPL019C,non_ess
YMR153C-A,non_ess
YIL037C,non_ess
YBR090C,non_ess
YLR421C,non_ess
YPL123C,non_ess
YMR030W,non_ess
YCL011C,non_ess
YGL028C,non_ess
YLR016C,non_ess
YJR128W,non_ess
YBR039W,non_ess
YHR055C,non_ess
YMR012W,non_ess
YJR155W,non_ess
YGL082W,non_ess
YMR212C,non_ess
YML101C-A,non_ess
YPR160W-A,non_ess
YPL150W,non_ess
YHL048C-A,non_ess
YLR028C,non_ess
YML117W,non_ess
YGL206C,non_ess
YHR073W,non_ess
YKR070W,non_ess
YLR390W-A,non_ess
YOR002W,non_ess
YOR322C,non_ess
YER024W,non_ess
YPR192W,non_ess
YOR043W,non_ess
YBR175W,non_ess
YGL090W,non_ess
YOR032C,non_ess
YDR484W,non_ess
YOR123C,non_ess
YKL057C,non_ess
YAL047W-A,non_ess
YOL147C,non_ess
YNR013C,non_ess
YBR122C,non_ess
YMR118C,non_ess
YPR102C,non_ess
YEL024W,non_ess
YMR124W,non_ess
YOL164W,non_ess
YPR011C,non_ess
YLR264C-A,non_ess
YCL030C,non_ess
YLR437C-A,non_ess
YPR036W,non_ess
YDR360W,non_ess
YER032W,non_ess
YOR025W,non_ess
YDL032W,non_ess
YML031C-A,non_ess
YIR020C-B,non_ess
YNL130C,non_ess
YKR040C,non_ess
YGL164C,non_ess
YBL107W-A,non_ess
YPR014C,non_ess
YPL119C-A,non_ess
YDR147W,non_ess
YMR016C,non_ess
YDL062W,non_ess
YOR381W,non_ess
YGR133W,non_ess
YDL012C,non_ess
YKL090W,non_ess
YLR139C,non_ess
YBR285W,non_ess
YHR022C-A,non_ess
YHR092C,non_ess
YDL075W,non_ess
YAR064W,non_ess
YBR008C,non_ess
YGR200C,non_ess
YOR302W,non_ess
YOR029W,non_ess
YGL183C,non_ess
YOR268C,non_ess
YDR465C,non_ess
YCL063W,non_ess
YIL034C,non_ess
YJR010C-A,non_ess
YMR052C-A,non_ess
YDR436W,non_ess
YHR180W,non_ess
YDL173W,non_ess
YEL069C,non_ess
YOL101C,non_ess
YOR270C,non_ess
YER190W,non_ess
YGR188C,non_ess
YLR290C,non_ess
YLR466W,non_ess
YDL241W,non_ess
YPL119C-A,non_ess
YKL048C,non_ess
YPR053C,non_ess
YPR072W,non_ess
YBR255C-A,non_ess
YHR079C,non_ess
YNL078W,non_ess
YMR183C,non_ess
YJL036W,non_ess
YPL162C,non_ess
YNR071C,non_ess
YJR092W,non_ess
YBR099C,non_ess
YDL177C,non_ess
YOR037W,non_ess
YKR036C,non_ess
YNR060W,non_ess
YPL120W,non_ess
YLR049C,non_ess
YDL189W,non_ess
YCR091W,non_ess
YHL047C,non_ess
YLL047W,non_ess
YAL044W-A,non_ess
YMR025W,non_ess
YBR147W,non_ess
YGL134W,non_ess
YDR507C,non_ess
YLR337C,non_ess
YHR022C,non_ess
YDR512C,non_ess
YBR298C-A,non_ess
YOR301W,non_ess
YDR136C,non_ess
YJL065C,non_ess
YBR067C,non_ess
YLR441C,non_ess
YLR376C,non_ess
YJR155W,non_ess
YHR212C,non_ess
YBL113W-A,non_ess
YPL216W,non_ess
YLR130C,non_ess
YDR338C,non_ess
YKL145W-A,non_ess
YKR099W,non_ess
YCR094W,non_ess
YNL294C,non_ess
YOR101W,non_ess
YBR040W,non_ess
YCR003W,non_ess
YFR014C,non_ess
YJL153C,non_ess
YHR215W,non_ess
YDR419W,non_ess
YER027C,non_ess
YDR253C,non_ess
YLR054C,non_ess
YIL023C,non_ess
YDR492W,non_ess
YDR067C,non_ess
YGL168W,non_ess
YOR237W,non_ess
YNL219C,non_ess
YDR249C,non_ess
YOR136W,non_ess
YHR022C,non_ess
YDR529C,non_ess
YLR351C,non_ess
YBR283C,non_ess
YGL041W-A,non_ess
YKL174C,non_ess
YDR379C-A,non_ess
YMR280C,non_ess
YPL053C,non_ess
YIR042C,non_ess
YML099C,non_ess
YDR296W,non_ess
YBL111C,non_ess
YGR223C,non_ess
YOL085W-A,non_ess
YLR278C,non_ess
YKR024C,non_ess
YKL069W,non_ess
YOL035C,non_ess
YNL081C,non_ess
YDL049C,non_ess
YJR047C,non_ess
YGL057C,non_ess
YLR322W,non_ess
YHR123W,non_ess
YOR123C,non_ess
YLR049C,non_ess
YHR116W,non_ess
YJL199C,non_ess
YBR028C,non_ess
YLL007C,non_ess
YFL010C,non_ess
YBR054W,non_ess
YBR261C,non_ess
YGL200C,non_ess
YKR099W,non_ess
YHR045W,non_ess
YPR007C,non_ess
YKL150W,non_ess
YGL015C,non_ess
YNL277W,non_ess
YNR040W,non_ess
YHR178W,non_ess
YHR147C,non_ess
YPR003C,non_ess
YML075C,non_ess
YPL174C,non_ess
YML132W,non_ess
YJR003C,non_ess
YJL225W-A,non_ess
YLR226W,non_ess
YDR543C,non_ess
YMR304W,non_ess
YHR034C,non_ess
YML002W,non_ess
YIL113W,non_ess
YGR148C,non_ess
YPL051W,non_ess
YJL141C,non_ess
YPL135C-A,non_ess
YNL193W,non_ess
YPR044C,non_ess
YCR067C,non_ess
YMR289W,non_ess
YHR141C,non_ess
YGR089W,non_ess
YOL109W,non_ess
YLR067C,non_ess
YPL015C,non_ess
YPL066W,non_ess
YOR349W,non_ess
YBL065W,non_ess
YNL121C,non_ess
YDL213C,non_ess
YLR207W,non_ess
YNR058W,non_ess
YKL164C,non_ess
YDR414C,non_ess
YPR172W,non_ess
YBR092C,non_ess
YFR017C,non_ess
YDR071C,non_ess
YCR098C,non_ess
YNL109W,non_ess
YNL030W,non_ess
YCR048W,non_ess
YDL155W,non_ess
YBR126W-B,non_ess
YPR149W,non_ess
YGL231C,non_ess
YIR036W-A,non_ess
YBR161W,non_ess
YMR247W-A,non_ess
YJR063W,non_ess
YGL032C,non_ess
YBL103C,non_ess
YGR248W,non_ess
YKR101W,non_ess
YBR031W,non_ess
YGR283C,non_ess
YOR108C-A,non_ess
YOR199W,non_ess
YBL103C,non_ess
YCL042W,non_ess
YCR038W-A,non_ess
YNL144W-A,non_ess
YPL120W,non_ess
YDR443C,non_ess
YIL066W-A,non_ess
YOR298W,non_ess
YGL118C,non_ess
YJR127C,non_ess
YIL028W,non_ess
YLR332W,non_ess
YDR476C,non_ess
YDR524W-C,non_ess
YGL139W,non_ess
YBR031W,non_ess
YJL151C,non_ess
YNL218W,non_ess
YPL189W,non_ess
YKR067W,non_ess
YLR199C,non_ess
YBL108W,non_ess
YPR030W,non_ess
YLL067W-A,non_ess
YJL045W,non_ess
YDL160C-A,non_ess
YMR088C,non_ess
YER101C,non_ess
YLR157W-E,non_ess
YDR249C,non_ess
YEL050W-A,non_ess
YBR042C,non_ess
YJL133C-A,non_ess
YJL083W,non_ess
YHR076W,non_ess
YOR059C,non_ess
YJR143C,non_ess
YEL042W,non_ess
YIL034C,non_ess
YMR158W-B,non_ess
YDL232W,non_ess
YIR023W,non_ess
YHR169W,non_ess
YGR204W,non_ess
YLR165C,non_ess
YFR053C,non_ess
YLR280C,non_ess
YAL049C,non_ess
YBR262C,non_ess
YOR212W,non_ess
YMR139W,non_ess
YCR048W,non_ess
YPL213W,non_ess
YER135C,non_ess
YKR047W,non_ess
YER014W,non_ess
YGR288W,non_ess
YMR012W,non_ess
YDR539W,non_ess
YNL336W,non_ess
YDR034C-A,non_ess
YKL027W,non_ess
YHR201C,non_ess
YOR286W,non_ess
YKR060W,non_ess
YER099C,non_ess
YJR129C,non_ess
YPL154C,non_ess
YDL070W,non_ess
YDR525W,non_ess
YOR386W,non_ess
YOR345C,non_ess
YCL048W,non_ess
YHR173C,non_ess
YIL002C,non_ess
YNL167C,non_ess
YEL064C,non_ess
YJR143C,non_ess
YGL224C,non_ess
YJL100W,non_ess
YOL061W,non_ess
YDR296W,non_ess
YKL214C,non_ess
YFL030W,non_ess
YMR019W,non_ess
YGR117C,non_ess
YBR131W,non_ess
YDR213W,non_ess
YGL214W,non_ess
YJL211C,non_ess
YJL222W-B,non_ess
YBR229C,non_ess
YLR372W,non_ess
YNL194C,non_ess
YOR387C,non_ess
YMR071C,non_ess
YJR155W,non_ess
YOR275C,non_ess
YKL130C,non_ess
YJR101W,non_ess
YDR250C,non_ess
YLR073C,non_ess
YBR206W,non_ess
YJL175W,non_ess
YOR381W,non_ess
YJR153W,non_ess
YIL002W-A,non_ess
YHR012W,non_ess
YDR011W,non_ess
YNR061C,non_ess
YGR014W,non_ess
YBR013C,non_ess
YIR031C,non_ess
YHR082C,non_ess
YGR159C,non_ess
YPR171W,non_ess
YNL166C,non_ess
YFL014W,non_ess
YDL204W,non_ess
YOL062C,non_ess
YMR007W,non_ess
YDL131W,non_ess
YDL186W,non_ess
YOL156W,non_ess
YDR136C,non_ess
YJR060W,non_ess
YMR228W,non_ess
YAR066W,non_ess
YGL159W,non_ess
YIL114C,non_ess
YJR161C,non_ess
YIL002W-A,non_ess
YDR004W,non_ess
YML031C-A,non_ess
YML067C,non_ess
YDR115W,non_ess
YDR223W,non_ess
YDR107C,non_ess
YER004W,non_ess
YNL184C,non_ess
YMR174C,non_ess
YDR524C-A,non_ess
YGR040W,non_ess
YGR257C,non_ess
YNL097W-A,non_ess
YOR322C,non_ess
YKR050W,non_ess
YER047C,non_ess
YPL181W,non_ess
YLR329W,non_ess
YKL187C,non_ess
YOL118C,non_ess
YDR410C,non_ess
YPR099C,non_ess
YHR087W,non_ess
YLR446W,non_ess
YCR018C,non_ess
YOR369C,non_ess
YHR059W,non_ess
YHR177W,non_ess
YOL082W,non_ess
YML030W,non_ess
YLR004C,non_ess
YOL027C,non_ess
YGL017W,non_ess
YDR304C,non_ess
YGL160W,non_ess
YDR250C,non_ess
YER186C,non_ess
YOR054C,non_ess
YML006C,non_ess
YJR109C,non_ess
YLL039C,non_ess
YOL161C,non_ess
YLR162W-A,non_ess
YMR166C,non_ess
YHL004W,non_ess
YGR288W,non_ess
YML129C,non_ess
YDR471W,non_ess
YOL106W,non_ess
YOR007C,non_ess
YNL175C,non_ess
YFR033C,non_ess
YLR360W,non_ess
YPR074C,non_ess
YMR130W,non_ess
YDR480W,non_ess
YKL050C,non_ess
YIL140W,non_ess
YGR059W,non_ess
YJR096W,non_ess
YLR050C,non_ess
YBR022W,non_ess
YPL219W,non_ess
YNL125C,non_ess
YMR122C,non_ess
YDR440W,non_ess
YOR042W,non_ess
YEL064C,non_ess
YOR136W,non_ess
YIL041W,non_ess
YIL028W,non_ess
YKR027W,non_ess
YOR162C,non_ess
YCR007C,non_ess
YIL006W,non_ess
YGL213C,non_ess
YGR033C,non_ess
YDL022C-A,non_ess
YFR026C,non_ess
YMR034C,non_ess
YBL016W,non_ess
YCL012C,non_ess
YLR139C,non_ess
YLR345W,non_ess
YFL016C,non_ess
YFL063W,non_ess
YHL027W,non_ess
YPR081C,non_ess
YGL129C,non_ess
YDR411C,non_ess
YIL002C,non_ess
YML107C,non_ess
YKR053C,non_ess
YNL338W,non_ess
YEL033W,non_ess
YER053C-A,non_ess
YDL049C,non_ess
YIL120W,non_ess
YMR272W-B,non_ess
YPL074W,non_ess
YHL019C,non_ess
YDR532C,non_ess
YOR177C,non_ess
YNR027W,non_ess
YNL049C,non_ess
YKR029C,non_ess
YHR157W,non_ess
YLR054C,non_ess
YJL094C,non_ess
YHR207C,non_ess
YGL014C-A,non_ess
YLR241W,non_ess
YOR306C,non_ess
YGR072W,non_ess
YJR139C,non_ess
YIL042C,non_ess
YKL038W,non_ess
YOR059C,non_ess
YHL050C,non_ess
YOR051C,non_ess
YBL060W,non_ess
YPR155C,non_ess
YLR451W,non_ess
YBR134W,non_ess
YGR033C,non_ess
YOR092W,non_ess
YEL021W,non_ess
YNL303W,non_ess
YIL024C,non_ess
YJL136W-A,non_ess
YOL115W,non_ess
YLR428C,non_ess
YMR173W,non_ess
YOL083C-A,non_ess
YDL021W,non_ess
YPL081W,non_ess
YMR195W,non_ess
YNL205C,non_ess
YEL077W-A,non_ess
YGR088W,non_ess
YDL169C,non_ess
YMR141C,non_ess
YJR142W,non_ess
YDR419W,non_ess
YNL094W,non_ess
YLR453C,non_ess
YLR255C,non_ess
YML097C,non_ess
YMR280C,non_ess
YLR025W,non_ess
YNL107W,non_ess
YIL039W,non_ess
YAL029C,non_ess
YNL255C,non_ess
YMR163C,non_ess
YDR467C,non_ess
YOR343C,non_ess
YBR109W-A,non_ess
YOR191W,non_ess
YPR106W,non_ess
YNL217W,non_ess
YIL122W,non_ess
YDR030C,non_ess
YOR153W,non_ess
YHR018C,non_ess
YKR024C,non_ess
YMR040W,non_ess
YOL002C,non_ess
YLL018C-A,non_ess
YKL120W,non_ess
YNR028W,non_ess
YNL274C,non_ess
YAR064W,non_ess
YDL131W,non_ess
YDR479C,non_ess
YDL159W,non_ess
YIR020W-A,non_ess
YPL134C,non_ess
YBL029W,non_ess
YCL038C,non_ess
YKR027W,non_ess
YDL246C,non_ess
YNL025C,non_ess
YDR418W,non_ess
YLR255C,non_ess
YPL163C,non_ess
YLR322W,non_ess
YGL006W,non_ess
YER007C-A,non_ess
YDR148C,non_ess
YEL053C,non_ess
YPR036W-A,non_ess
YFL041W,non_ess
YDL068W,non_ess
YHR214W-A,non_ess
YCR075W-A,non_ess
YOR040W,non_ess
YGL032C,non_ess
YBR201W,non_ess
YDR533C,non_ess
YPR111W,non_ess
YAL010C,non_ess
YKL194C,non_ess
YJR037W,non_ess
YMR107W,non_ess
YLR156W,non_ess
YBR174C,non_ess
YJR130C,non_ess
YOR390W,non_ess
YLR261C,non_ess
YDR215C,non_ess
YPL267W,non_ess
YOR062C,non_ess
YFL015W-A,non_ess
YER057C,non_ess
YER016W,non_ess
YDR354C-A,non_ess
YBR053C,non_ess
YGR194C,non_ess
YML074C,non_ess
YLR123C,non_ess
YHR182W,non_ess
YNL309W,non_ess
YOR216C,non_ess
YMR187C,non_ess
YPL096C-A,non_ess
YGR279C,non_ess
YBL043W,non_ess
YGR023W,non_ess
YGR142W,non_ess
YBR159W,non_ess
YOR039W,non_ess
YLR286W-A,non_ess
YOL035C,non_ess
YER060W-A,non_ess
YER068C-A,non_ess
YLR067C,non_ess
YPL256C,non_ess
YFR006W,non_ess
YCR059C,non_ess
YJL043W,non_ess
YLR341W,non_ess
YLR178C,non_ess
YDR125C,non_ess
YIL068W-A,non_ess
YKL038W,non_ess
YOR192C-C,non_ess
YPL037C,non_ess
YOR072W,non_ess
YDR257C,non_ess
YPL167C,non_ess
YFL007W,non_ess
YLR273C,non_ess
YER033C,non_ess
YDR057W,non_ess
YLR213C,non_ess
YGL208W,non_ess
YER015W,non_ess
YGL253W,non_ess
YMR066W,non_ess
YMR126C,non_ess
YPL173W,non_ess
YCR063W,non_ess
YOR371C,non_ess
YGR039W,non_ess
YIL058W,non_ess
YDR374W-A,non_ess
YDL186W,non_ess
YIR020C,non_ess
YNL138W,non_ess
YEL066W,non_ess
YNR009W,non_ess
YGL126W,non_ess
YOR162C,non_ess
YDR162C,non_ess
YNL015W,non_ess
YDR241W,non_ess
YLR263W,non_ess
YFR039C,non_ess
YGR121W-A,non_ess
YHR169W,non_ess
YBR112C,non_ess
YPR072W,non_ess
YJL190C,non_ess
YGR042W,non_ess
YJL127C,non_ess
YNL184C,non_ess
YDR521W,non_ess
YCR016W,non_ess
YNL316C,non_ess
YLL064C,non_ess
YLR054C,non_ess
YPR150W,non_ess
YAL061W,non_ess
YLR219W,non_ess
YCR049C,non_ess
YOR360C,non_ess
YPL096W,non_ess
YCR020C-A,non_ess
YIL154C,non_ess
YMR114C,non_ess
YBR126W-A,non_ess
YOR005C,non_ess
YPL088W,non_ess
YOL096C,non_ess
YDR477W,non_ess
YMR157C,non_ess
YLR354C,non_ess
YJR135W-A,non_ess
YGR085C,non_ess
YPR200C,non_ess
YDR233C,non_ess
YPR015C,non_ess
YER067W,non_ess
YPR023C,non_ess
YIL027C,non_ess
YOR025W,non_ess
YNR009W,non_ess
YLR157W-D,non_ess
YOL163W,non_ess
YHR021C,non_ess
YDR467C,non_ess
YJL057C,non_ess
YNL294C,non_ess
YER066W,non_ess
YJL043W,non_ess
YIL121W,non_ess
YPR037C,non_ess
YLL022C,non_ess
YBR047W,non_ess
YDL239C,non_ess
YLR410W,non_ess
YNR033W,non_ess
YGL195W,non_ess
YML101C,non_ess
YNL277W,non_ess
YLR417W,non_ess
YGR221C,non_ess
YJR075W,non_ess
YEL059W,non_ess
YNL296W,non_ess
YIL056W,non_ess
YER142C,non_ess
YLR307C-A,non_ess
YKR003W,non_ess
YGR217W,non_ess
YBR221W-A,non_ess
YIL165C,non_ess
YDR401W,non_ess
YLR011W,non_ess
YMR111C,non_ess
YHR185C,non_ess
YPL236C,non_ess
YKR011C,non_ess
YHL014C,non_ess
YIL008W,non_ess
YJL131C,non_ess
YDR532C,non_ess
YIL038C,non_ess
YBR245C,non_ess
YLR067C,non_ess
YDR307W,non_ess
YBR068C,non_ess
YLR049C,non_ess
YKL185W,non_ess
YNL235C,non_ess
YJL060W,non_ess
YLR434C,non_ess
YDL093W,non_ess
YOL019W,non_ess
YKL092C,non_ess
YCL064C,non_ess
YGL088W,non_ess
YAR029W,non_ess
YDR504C,non_ess
YDR231C,non_ess
YHR071C-A,non_ess
YCL001W-A,non_ess
YGL194C,non_ess
YLR149C,non_ess
YCL039W,non_ess
YHR211W,non_ess
YFL064C,non_ess
YHR063C,non_ess
YPL152W,non_ess
YBR118W,non_ess
YDR395W,non_ess
YGR160W,non_ess
YER067C-A,non_ess
YKL090W,non_ess
YPL102C,non_ess
YKR015C,non_ess
YOR308C,non_ess
YHR210C,non_ess
YDL044C,non_ess
YKL213C,non_ess
YOR044W,non_ess
YGL250W,non_ess
YJR085C,non_ess
YDR230W,non_ess
YKL023C-A,non_ess
YAR019W-A,non_ess
YBR057C,non_ess
YIL095W,non_ess
YOR108C-A,non_ess
YPL186C,non_ess
YPR120C,non_ess
YLR313C,non_ess
YOR076C,non_ess
YML079W,non_ess
YBR223W-A,non_ess
YEL022W,non_ess
YBL055C,non_ess
YOR009W,non_ess
YOR178C,non_ess
YLR283W,non_ess
YBR163W,non_ess
YPL279C,non_ess
YJL193W,non_ess
YGL132W,non_ess
YJL136C,non_ess
YMR225C,non_ess
YPL281C,non_ess
YPL207W,non_ess
YJR036C,non_ess
YKR011C,non_ess
YGR027C,non_ess
YHL014C,non_ess
YOR115C,non_ess
YPL060W,non_ess
YNL101W,non_ess
YKL096C-B,non_ess
YDR067C,non_ess
YKL168C,non_ess
YDL024C,non_ess
YLL014W,non_ess
YMR292W,non_ess
YOR059C,non_ess
YER190C-A,non_ess
YMR219W,non_ess
YNL334C,non_ess
YLR059C,non_ess
YNL315C,non_ess
YKR010C,non_ess
YLR237W,non_ess
YBL104C,non_ess
YKL026C,non_ess
YHL009C,non_ess
YJL118W,non_ess
YMR215W,non_ess
YJR069C,non_ess
YDL170W,non_ess
YLR466C-B,non_ess
YMR074C,non_ess
YFL054C,non_ess
YDL045W-A,non_ess
YKL191W,non_ess
YLR412W,non_ess
YGR086C,non_ess
YGR249W,non_ess
YDL160C-A,non_ess
YOR049C,non_ess
YOR131C,non_ess
YFL066C,non_ess
YER142C,non_ess
YLR307C-A,non_ess
YBL012C,non_ess
YGR254W,non_ess
YNL326C,non_ess
YEL077W-A,non_ess
YHR063W-A,non_ess
YKL103C,non_ess
YDR543C,non_ess
YEL059C-A,non_ess
YER033C,non_ess
YMR243C,non_ess
YLL051C,non_ess
YDL090C,non_ess
YKL202W,non_ess
YDR347W,non_ess
YMR191W,non_ess
YBL022C,non_ess
YKL008C,non_ess
YBR301W,non_ess
YHR017W,non_ess
YDR448W,non_ess
YIL071C,non_ess
YKL211C,non_ess
YLR205C,non_ess
YLR306W,non_ess
YBR289W,non_ess
YNL045W,non_ess
YBR078W,non_ess
YJL144W,non_ess
YMR065W,non_ess
YDR163W,non_ess
YLR174W,non_ess
YFL046W,non_ess
YJL133C-A,non_ess
YPL208W,non_ess
YDR379W,non_ess
YHR199C-A,non_ess
YKL051W,non_ess
YDR536W,non_ess
YGR230W,non_ess
YNR032C-A,non_ess
YFR034W-A,non_ess
YHR180C-B,non_ess
YKL090W,non_ess
YMR169C,non_ess
YOR307C,non_ess
YDR183W,non_ess
YNL176C,non_ess
YDR534C,non_ess
YGL041C-B,non_ess
YER014W,non_ess
YDR264C,non_ess
YPR061C,non_ess
YPR191W,non_ess
YDR330W,non_ess
YGL015C,non_ess
YDR229W,non_ess
YNL071W,non_ess
YBR175W,non_ess
YLR288C,non_ess
YPL140C,non_ess
YLL026W,non_ess
YDL134C,non_ess
YLR466W,non_ess
YBL047C,non_ess
YMR173W,non_ess
YNL130C,non_ess
YCL021W-A,non_ess
YBR255C-A,non_ess
YKL076C,non_ess
YMR297W,non_ess
YPL059W,non_ess
YOR138C,non_ess
YML018C,non_ess
YPL171C,non_ess
YIL023C,non_ess
YBR032W,non_ess
YGL014W,non_ess
YDR034C-A,non_ess
YCR099C,non_ess
YER098W,non_ess
YNL040W,non_ess
YDL022W,non_ess
YBL055C,non_ess
YMR030W-A,non_ess
YJR062C,non_ess
