Gene,systematic_name,Annot
HOM6,YJR139C,No
THR4,YCR053W,No
TRP4,YDR354W,No
MIT1,YEL007W,No
OCA1,YNL099C,No
SKY1,YMR216C,No
RPL34B,YIL052C,No
BAP2,YBR068C,No
UBP13,YBL067C,No
THR1,YHR025W,No
MOT3,YMR070W,No
MOD5,YOR274W,No
DUF1,YOL087C,No
YLR252W,YLR252W,No
YDR008C,YDR008C,No
SWM2,YNR004W,No
OPI7,YDR360W,No
SLT2,YHR030C,No
GCN3,YKR026C,No
SIW14,YNL032W,No
ELO2,YCR034W,No
BMH1,YER177W,No
LEU3,YLR451W,No
ARO3,YDR035W,No
TRP2,YER090W,No
STP2,YHR006W,No
GCN4,YEL009C,No
BCK2,YER167W,No
UBP15,YMR304W,No
TRP1,YDR007W,No
TKL1,YPR074C,No
ARO2,YGL148W,No
LST7,YGR057C,No
ISC1,YER019W,No
RPA14,YDR156W,No
UBR1,YGR184C,No
YHP1,YDR451C,No
SBP1,YHL034C,No
TRP3,YKL211C,No
VHS2,YIL135C,No
MEH1,YKR007W,No
OCA6,YDR067C,No
OCA5,YHL029C,No
SPT8,YLR055C,No
CLB5,YPR120C,No
RTT103,YDR289C,No
SER2,YGR208W,No
YEL067C,YEL067C,No
YIR044C,YIR044C,No
YDR306C,YDR306C,No
GRX6,YDL010W,No
YBL065W,YBL065W,No
RAD34,YDR314C,No
RRT5,YFR032C,No
PUT4,YOR348C,No
ARE1,YCR048W,No
PRS4,YBL068W,No
CWC15,YDR163W,No
ERP3,YDL018C,No
HOM2,YDR158W,No
NBP2,YDR162C,No
SER1,YOR184W,No
CTS1,YLR286C,No
THI6,YPL214C,No
UGA4,YDL210W,No
MSH6,YDR097C,No
HAP2,YGL237C,No
BUD9,YGR041W,No
FRE3,YOR381W,No
ABP140,YOR239W,No
GIR2,YDR152W,No
MSA2,YKR077W,No
YLR126C,YLR126C,No
ARE2,YNR019W,No
LYS14,YDR034C,No
ACO2,YJL200C,No
LYS1,YIR034C,No
YMR135W-A,YMR135W-A,No
LYS4,YDR234W,No
LYS5,YGL154C,No
APT1,YML022W,No
LYS9,YNR050C,No
PKH2,YOL100W,No
ARO7,YPR060C,No
ADE8,YDR408C,No
ADE6,YGR061C,No
NIT2,YJL126W,No
STB5,YHR178W,No
UBX2,YML013W,No
PRO2,YOR323C,No
TRK1,YJL129C,No
ADH3,YMR083W,No
PRM4,YPL156C,No
MGR2,YPL098C,No
PHM6,YDR281C,No
INO4,YOL108C,No
RCY1,YJL204C,No
SHM2,YLR058C,No
DRS2,YAL026C,No
MET13,YGL125W,No
ILV1,YER086W,No
APS3,YJL024C,No
YER119C-A,YER119C-A,No
PXP2,YJR111C,No
YNL285W,YNL285W,No
ADO1,YJR105W,No
PKR1,YMR123W,No
GCS1,YDL226C,No
CBF1,YJR060W,No
ADE3,YGR204W,No
YER091C-A,YER091C-A,No
MDM35,YKL053C-A,No
BRP1,YGL007W,No
YDR157W,YDR157W,No
PHA2,YNL316C,No
ADE4,YMR300C,No
GAC1,YOR178C,No
MET6,YER091C,No
TRP5,YGL026C,No
HFM1,YGL251C,No
MET17,YLR303W,No
HOM3,YER052C,No
MET22,YOL064C,No
TMA64,YDR117C,No
RRT13,YER066W,No
YPR003C,YPR003C,No
YNL108C,YNL108C,No
MRX8,YDR336W,No
MTC6,YHR151C,No
YOL160W,YOL160W,No
ICE2,YIL090W,No
YOR170W,YOR170W,No
YPR012W,YPR012W,No
YHI9,YHR029C,No
MRX15,YNR040W,No
YDR535C,YDR535C,No
YLR177W,YLR177W,No
YBR134W,YBR134W,No
ASG1,YIL130W,No
MRL1,YPR079W,No
DAL81,YIR023W,No
KTR2,YKR061W,No
KIN1,YDR122W,No
VPS38,YLR360W,No
MRPL16,YBL038W,No
APM3,YBR288C,No
TRS85,YDR108W,No
YCK3,YER123W,No
ATO3,YDR384C,No
PCL2,YDL127W,No
SAC1,YKL212W,No
STE50,YCL032W,No
BNA5,YLR231C,No
NMA2,YGR010W,No
CAF4,YKR036C,No
ECM32,YER176W,No
AAT1,YKL106W,No
YKU70,YMR284W,No
PDX1,YGR193C,No
HEF3,YNL014W,No
FRE4,YNR060W,No
PEX15,YOL044W,No
CRR1,YLR213C,No
SUT1,YGL162W,No
HAL5,YJL165C,No
GRX3,YDR098C,No
TRF5,YNL299W,No
SPO16,YHR153C,No
YOP1,YPR028W,No
COS1,YNL336W,No
TAT1,YBR069C,No
SNT1,YCR033W,No
PDX3,YBR035C,No
LCB3,YJL134W,No
RIM4,YHL024W,No
MRPL39,YML009C,No
YCR007C,YCR007C,No
FPY1,YMR178W,No
COS6,YGR295C,No
MRPL13,YKR006C,No
YPK1,YKL126W,No
CDC50,YCR094W,No
SWC3,YAL011W,No
BSD2,YBR290W,No
SAC7,YDR389W,No
KRE1,YNL322C,No
LDB7,YBL006C,No
YFL012W-A,YFL012W-A,No
ENV9,YOR246C,No
YLR171W,YLR171W,No
FLC2,YAL053W,No
ROY1,YMR258C,No
JHD2,YJR119C,No
YMR099C,YMR099C,No
YMR209C,YMR209C,No
YDL172C,YDL172C,No
SND2,YLR065C,No
IRC21,YMR073C,No
PAR32,YDL173W,No
YNL226W,YNL226W,No
YJR154W,YJR154W,No
VPS52,YDR484W,No
HOC1,YJR075W,No
SCP160,YJL080C,No
URE2,YNL229C,No
IRS4,YKR019C,No
DFG5,YMR238W,No
ARP6,YLR085C,No
NOP12,YOL041C,No
ERG2,YMR202W,No
IXR1,YKL032C,No
PCL6,YER059W,No
ARL3,YPL051W,No
PHO84,YML123C,No
PHO4,YFR034C,No
ORM2,YLR350W,No
GYP1,YOR070C,No
BRE1,YDL074C,No
SPF1,YEL031W,No
ARL1,YBR164C,No
PHO86,YJL117W,No
OPT1,YJL212C,No
BCK1,YJL095W,No
TOP1,YOL006C,No
APL1,YJR005W,No
GDA1,YEL042W,No
CLN3,YAL040C,No
CHS7,YHR142W,No
SYS1,YJL004C,No
CCC2,YDR270W,No
BRE2,YLR015W,No
ARD1,YHR013C,No
APS2,YJR058C,No
RMD8,YFR048W,No
RMD1,YDL001W,No
PTK2,YJR059W,No
DAL82,YNL314W,No
TLG2,YOL018C,No
UBP3,YER151C,No
GCN2,YDR283C,No
IMP2',YIL154C,No
CCS1,YMR038C,No
CDC73,YLR418C,No
SND3,YBR106W,No
CNB1,YKL190W,No
ARP1,YHR129C,No
MGA2,YIR033W,No
YNL170W,YNL170W,No
VPS28,YPL065W,No
RIM13,YMR154C,No
VPS25,YJR102C,No
SNF8,YPL002C,No
SNF7,YLR025W,No
RIM101,YHL027W,No
RIM8,YGL045W,No
YOR008C-A,YOR008C-A,No
YNR029C,YNR029C,No
YOR342C,YOR342C,No
NPP1,YCR026C,No
RIM20,YOR275C,No
HOG1,YLR113W,No
GTT2,YLL060C,No
RIM21,YNL294C,No
POT1,YIL160C,No
PMP3,YDR276C,No
MAL31,YBR298C,No
SRO7,YPR032W,No
PBS2,YJL128C,No
GPD1,YDL022W,No
PDE2,YOR360C,No
NPR1,YNL183C,No
BRR1,YPR057W,No
CHS5,YLR330W,No
ABZ2,YMR289W,No
YDL023C,YDL023C,No
CIR2,YOR356W,No
YCR087W,YCR087W,No
SAT4,YCR008W,No
GIS4,YML006C,No
SIF2,YBR103W,No
YPS1,YLR120C,No
YFL040W,YFL040W,No
RRT16,YNL105W,No
YFR016C,YFR016C,No
YPL071C,YPL071C,No
VPS13,YLL040C,No
DFG16,YOR030W,No
YIM1,YMR152W,No
VPS21,YOR089C,No
VTA1,YLR181C,No
EGD1,YPL037C,No
KAR9,YPL269W,No
QRI5,YLR204W,No
ALG5,YPL227C,No
SAP30,YMR263W,No
STP22,YCL008C,No
CUE1,YMR264W,No
SRN2,YLR119W,No
SCJ1,YMR214W,No
VPS4,YPR173C,No
VPS20,YMR077C,No
JID1,YPR061C,No
BER1,YLR412W,No
AIM3,YBR108W,No
YMR102C,YMR102C,No
RAV2,YDR202C,No
SET5,YHR207C,No
MYO5,YMR109W,No
ALG8,YOR067C,No
GET3,YDL100C,No
DUN1,YDL101C,No
CWH43,YCR017C,No
VPS24,YKL041W,No
VPS36,YLR417W,No
YAL056C-A,YAL056C-A,No
VMS1,YDR049W,No
ETT1,YOR051C,No
LAM1,YHR155W,No
YBL083C,YBL083C,No
MVB12,YGR206W,No
LDB16,YCL005W,No
YNR068C,YNR068C,No
GET4,YOR164C,No
YLR111W,YLR111W,No
YER084W,YER084W,No
YNR005C,YNR005C,No
YLR374C,YLR374C,No
RPL15B,YMR121C,No
SIP3,YNL257C,No
VPS30,YPL120W,No
VPS27,YNR006W,No
BRO1,YPL084W,No
SIN3,YOL004W,No
SIN4,YNL236W,No
NPR2,YEL062W,No
VAB2,YEL005C,No
SWC5,YBR231C,No
VPS8,YAL002W,No
PEF1,YGR058W,No
AVL9,YLR114C,No
YOR029W,YOR029W,No
YGR237C,YGR237C,No
RTT10,YPL183C,No
YGR122W,YGR122W,No
MAY24,YPR153W,No
MTC2,YKL098W,No
MTC4,YBR255W,No
HPC2,YBR215W,No
MDM38,YOL027C,No
CAF40,YNL288W,No
CRZ1,YNL027W,No
RCN1,YKL159C,No
RTT106,YNL206C,No
HIR3,YJR140C,No
HIR1,YBL008W,No
SNX4,YJL036W,No
PHO13,YDL236W,No
TPO3,YPR156C,No
MCK1,YNL307C,No
YKR073C,YKR073C,No
PSY2,YNL201C,No
ERD1,YDR414C,No
ECM30,YLR436C,No
YNL046W,YNL046W,No
PSG1,YKL077W,No
YOR302W,YOR302W,No
RMR1,YGL250W,No
MET5,YJR137C,No
RTG2,YGL252C,No
ARG1,YOL058W,No
CPA2,YJR109C,No
MET1,YKR069W,No
INO2,YDR123C,No
AGE2,YIL044C,No
OPI3,YJR073C,No
ARG3,YJL088W,No
ARG4,YHR018C,No
CPA1,YOR303W,No
ARG7,YMR062C,No
ARG2,YJL071W,No
ALT1,YLR089C,No
IRC14,YOR135C,No
TIF2,YJL138C,No
VPS5,YOR069W,No
ECM25,YJL201W,No
VPS17,YOR132W,No
IDH2,YOR136W,No
VAM10,YOR068C,No
ORT1,YOR130C,No
MET3,YJR010W,No
YML116W-A,YML116W-A,No
YSY6,YBR162W-A,No
SRF1,YDL133W,No
YJR142W,YJR142W,No
CSS3,YOL159C,No
YBL062W,YBL062W,No
PKH3,YDR466W,No
YOR053W,YOR053W,No
ACK1,YDL203C,No
YKL136W,YKL136W,No
HHY1,YEL059W,No
LDB17,YDL146W,No
SYH1,YPL105C,No
PFA4,YOL003C,No
YIL054W,YIL054W,No
JIP3,YLR331C,No
SWD1,YAR003W,No
LEO1,YOR123C,No
SBE22,YHR103W,No
PPH21,YDL134C,No
APM4,YOL062C,No
RCE1,YMR274C,No
MET32,YDR253C,No
SGF29,YCL010C,No
DIG1,YPL049C,No
ATG3,YNR007C,No
PMC1,YGL006W,No
KSP1,YHR082C,No
SHE1,YBL031W,No
JEM1,YJL073W,No
SSK1,YLR006C,No
SUR2,YDR297W,No
SKT5,YBL061C,No
BRE5,YNR051C,No
RGD1,YBR260C,No
ERG5,YMR015C,No
TOM7,YNL070W,No
YAP3,YHL009C,No
PDR16,YNL231C,No
APL2,YKL135C,No
VPS74,YDR372C,No
LYP1,YNL268W,No
WSC2,YNL283C,No
ALG9,YNL219C,No
SXM1,YDR395W,No
CHS6,YJL099W,No
GDH1,YOR375C,No
HAL9,YOL089C,No
PSK2,YOL045W,No
SWE1,YJL187C,No
YND1,YER005W,No
HSL1,YKL101W,No
APS1,YLR170C,No
SDC1,YDR469W,No
MAF1,YDR005C,No
TRS33,YOR115C,No
SED1,YDR077W,No
NAB6,YML117W,No
LAA1,YJL207C,No
SSA2,YLL024C,No
BOP2,YLR267W,No
YGR182C,YGR182C,No
GIT1,YCR098C,No
CAJ1,YER048C,No
SAM50,YNL026W,Yes
YBL073W,YBL073W,Yes
YCL041C,YCL041C,Yes
YDL163W,YDL163W,Yes
NUS1,YDL193W,Yes
YDL196W,YDL196W,Yes
YDL221W,YDL221W,Yes
YDR053W,YDR053W,Yes
YDR187C,YDR187C,Yes
CIA1,YDR267C,Yes
NSE3,YDR288W,Yes
YDR327W,YDR327W,Yes
FCF1,YDR339C,Yes
KEI1,YDR367W,Yes
RRP17,YDR412W,Yes
GPI19,YDR437W,Yes
CAB1,YDR531W,Yes
YGL074C,YGL074C,Yes
YGR114C,YGR114C,Yes
YGR190C,YGR190C,Yes
YPP1,YGR198W,Yes
BRL1,YHR036W,Yes
CAB2,YIL083C,Yes
UTP25,YIL091C,Yes
YJL009W,YJL009W,Yes
YJL032W,YJL032W,Yes
YJL086C,YJL086C,Yes
YJL202C,YJL202C,Yes
YJR012C,YJR012C,Yes
NPA3,YJR072C,Yes
IPA1,YJR141W,Yes
YKL036C,YKL036C,Yes
CAB3,YKL088W,Yes
YKL111C,YKL111C,Yes
YKL153W,YKL153W,Yes
RIX7,YLL034C,Yes
YLL037W,YLL037W,Yes
SDO1,YLR022C,Yes
YLR198C,YLR198C,Yes
GPN3,YLR243W,Yes
YLR339C,YLR339C,Yes
YLR379W,YLR379W,Yes
SEC39,YLR440C,Yes
YLR458W,YLR458W,Yes
PGA3,YML125C,Yes
RTP1,YMR185W,Yes
LIP1,YMR298W,Yes
YNL114C,YNL114C,Yes
YNL150W,YNL150W,Yes
YNL247W,YNL247W,Yes
LTO1,YNL260C,Yes
TSR4,YOL022C,Yes
YOL134C,YOL134C,Yes
UTP23,YOR004W,Yes
SLD7,YOR060C,Yes
YOR102W,YOR102W,Yes
YOR169C,YOR169C,Yes
YOR203W,YOR203W,Yes
GPN2,YOR262W,Yes
YOR282W,YOR282W,Yes
RRP36,YOR287C,Yes
YPL044C,YPL044C,Yes
YPL142C,YPL142C,Yes
NOP53,YPL146C,Yes
YPL251W,YPL251W,Yes
RRP15,YPR143W,Yes
YBL077W,YBL077W,Yes
ALG14,YBR070C,Yes
YBR190W,YBR190W,Yes
YCR013C,YCR013C,Yes
RSA4,YCR072C,Yes
YDL016C,YDL016C,Yes
YDR355C,YDR355C,Yes
ESF1,YDR365C,Yes
YDR396W,YDR396W,Yes
YDR413C,YDR413C,Yes
RBA50,YDR527W,Yes
ISD11,YER048W-A,Yes
KEG1,YFR042W,Yes
ALG13,YGL047W,Yes
MNP1,YGL068W,Yes
YGL239C,YGL239C,Yes
GUS1,YGL245W,Yes
TAM41,YGR046W,Yes
YGR073C,YGR073C,Yes
YGR115C,YGR115C,Yes
NOP19,YGR251W,Yes
YGR265W,YGR265W,Yes
CAB4,YGR277C,Yes
YHR020W,YHR020W,Yes
CIA2,YHR122W,Yes
FAF1,YIL019W,Yes
NOP9,YJL010C,Yes
YJL015C,YJL015C,Yes
PHS1,YJL097W,Yes
YJL195C,YJL195C,Yes
YJR023C,YJR023C,Yes
YKL083W,YKL083W,Yes
NTR2,YKR022C,Yes
TRZ1,YKR079C,Yes
FCF2,YLR051C,Yes
YLR076C,YLR076C,Yes
YLR101C,YLR101C,Yes
USB1,YLR132C,Yes
YLR140W,YLR140W,Yes
RMP1,YLR145W,Yes
YLR230W,YLR230W,Yes
SPP382,YLR424W,Yes
NSE5,YML023C,Yes
ERG29,YMR134W,Yes
YMR290W-A,YMR290W-A,Yes
PGA2,YNL149C,Yes
INN1,YNL152W,Yes
PGA1,YNL158W,Yes
PBR1,YNL181W,Yes
EMW1,YNL313C,Yes
TRM112,YNR046W,Yes
ESF2,YNR054C,Yes
MIM1,YOL026C,Yes
YOR146W,YOR146W,Yes
YOR218C,YOR218C,Yes
TRE2,YOR256C,Yes
YPL238C,YPL238C,Yes
ASA1,YPR085C,Yes
YPR142C,YPR142C,Yes
YPR177C,YPR177C,Yes
YBR089W,YBR089W,Yes
YBR124W,YBR124W,Yes
YDR526C,YDR526C,Yes
YLR317W,YLR317W,Yes
ARB1,YER036C,Yes
YPR136C,YPR136C,Yes
TFC3,YAL001C,Yes
EFB1,YAL003W,Yes
MAK16,YAL025C,Yes
PRP45,YAL032C,Yes
CDC24,YAL041W,Yes
PTA1,YAL043C,Yes
RFA1,YAR007C,Yes
POP8,YBL018C,Yes
RFT1,YBL020W,Yes
LSM2,YBL026W,Yes
PET9,YBL030C,Yes
POL12,YBL035C,Yes
PRE7,YBL041W,Yes
SEC17,YBL050W,Yes
PKC1,YBL105C,Yes
RER2,YBR002C,Yes
REB1,YBR049C,Yes
PRP6,YBR055C,Yes
ORC2,YBR060C,Yes
RPG1,YBR079C,Yes
SEC18,YBR080C,Yes
RFC5,YBR087W,Yes
TIM12,YBR091C,Yes
GRS1,YBR121C,Yes
TFC1,YBR123C,Yes
MEC1,YBR136W,Yes
IRA1,YBR140C,Yes
RIM2,YBR192W,Yes
ABD1,YBR236C,Yes
ENP1,YBR247C,Yes
DUT1,YBR252W,Yes
TRS20,YBR254C,Yes
POP4,YBR257W,Yes
PGS1,YCL004W,Yes
NFS1,YCL017C,Yes
RRP7,YCL031C,Yes
PDI1,YCL043C,Yes
SPB1,YCL054W,Yes
RSC6,YCR052W,Yes
CTR86,YCR054C,Yes
APC11,YDL008W,Yes
NOP1,YDL014W,Yes
MPS1,YDL028C,Yes
PRP9,YDL030W,Yes
PRP11,YDL043C,Yes
FAD1,YDL045C,Yes
UBC9,YDL064W,Yes
SUB2,YDL084W,Yes
RPN6,YDL097C,Yes
QRI1,YDL103C,Yes
NSE4,YDL105W,Yes
KIN28,YDL108W,Yes
RRP42,YDL111C,Yes
YFH1,YDL120W,Yes
CDC48,YDL126C,Yes
CDC53,YDL132W,Yes
RPO21,YDL140C,Yes
COP1,YDL145C,Yes
SAS10,YDL153C,Yes
CDC36,YDL165W,Yes
HEM3,YDL205C,Yes
NHP2,YDL208W,Yes
SHR3,YDL212W,Yes
TIM22,YDL217C,Yes
YPD1,YDL235C,Yes
FAL1,YDR021W,Yes
SES1,YDR023W,Yes
TPI1,YDR050C,Yes
CDC34,YDR054C,Yes
LCB2,YDR062W,Yes
STN1,YDR082W,Yes
SSS1,YDR086C,Yes
SLU7,YDR088C,Yes
DOP1,YDR141C,Yes
HSP60,YLR259C,Yes
SMD2,YLR275W,Yes
YSH1,YLR277C,Yes
STT4,YLR305C,Yes
TAD3,YLR316C,Yes
SGD1,YLR336C,Yes
RPP0,YLR340W,Yes
AFG2,YLR397C,Yes
SEN1,YLR430W,Yes
GAB1,YLR459W,Yes
SPT5,YML010W,Yes
TAF11,YML015C,Yes
PRP39,YML046W,Yes
RSE1,YML049C,Yes
TEM1,YML064C,Yes
ORC1,YML065W,Yes
POB3,YML069W,Yes
BET5,YML077W,Yes
PRE8,YML092C,Yes
TAF13,YML098W,Yes
TAF8,YML114C,Yes
SEC59,YMR013C,Yes
MCM1,YMR043W,Yes
NUP116,YMR047C,Yes
RNA14,YMR061W,Yes
PDS5,YMR076C,Yes
SEC14,YMR079W,Yes
MED11,YMR112C,Yes
RRB1,YMR131C,Yes
TIF34,YMR146C,Yes
VTI1,YMR197C,Yes
ROT1,YMR200W,Yes
TOM40,YMR203W,Yes
CEF1,YMR213W,Yes
TRS130,YMR218C,Yes
RNA1,YMR235C,Yes
CUS1,YMR240C,Yes
RRN9,YMR270C,Yes
GPI12,YMR281W,Yes
HAS1,YMR290C,Yes
ATM1,YMR301C,Yes
PSE1,YMR308C,Yes
SIS1,YNL007C,Yes
BDP1,YNL039W,Yes
NOP2,YNL061W,Yes
RPC19,YNL113W,Yes
DCP2,YNL118C,Yes
TOM22,YNL131W,Yes
NAM9,YNL137C,Yes
RPC31,YNL151C,Yes
CBK1,YNL161W,Yes
RPL42A,YNL162W,Yes
APC1,YNL172W,Yes
SRP1,YNL189W,Yes
RAP1,YNL216W,Yes
POP1,YNL221C,Yes
NAR1,YNL240C,Yes
SUI1,YNL244C,Yes
NRD1,YNL251C,Yes
ORC5,YNL261W,Yes
YIF1,YNL263C,Yes
PIK1,YNL267W,Yes
SEC2,YNL272C,Yes
POP3,YNL282W,Yes
RPC34,YNR003C,Yes
SEC12,YNR026C,Yes
ARC35,YNR035C,Yes
MVD1,YNR043W,Yes
RPB11,YOL005C,Yes
RCL1,YOL010W,Yes
DIS3,YOL021C,Yes
RIB2,YOL066C,Yes
WRS1,YOL097C,Yes
TPT1,YOL102C,Yes
ALR1,YOL130W,Yes
MED7,YOL135C,Yes
CDC33,YOL139C,Yes
HSP10,YOR020C,Yes
DBP5,YOR046C,Yes
RAT1,YOR048C,Yes
RPL3,YOR063W,Yes
RPT5,YOR117W,Yes
PFY1,YOR122C,Yes
THI80,YOR143C,Yes
SPP2,YOR148C,Yes
PUP1,YOR157C,Yes
SME1,YOR159C,Yes
MED4,YOR174W,Yes
LAS17,YOR181W,Yes
TOA1,YOR194C,Yes
RFC1,YOR217W,Yes
MGE1,YOR232W,Yes
DFR1,YOR236W,Yes
CLP1,YOR250C,Yes
CDC31,YOR257W,Yes
HEM4,YOR278W,Yes
NOP58,YOR310C,Yes
HSH49,YOR319W,Yes
SCD5,YOR329C,Yes
ALA1,YOR335C,Yes
PRT1,YOR361C,Yes
MRS6,YOR370C,Yes
TFC8,YPL007C,Yes
RET3,YPL010W,Yes
TAF3,YPL011C,Yes
SWI1,YPL016W,Yes
ULP1,YPL020C,Yes
ERG10,YPL028W,Yes
NOP4,YPL043W,Yes
GCR1,YPL075W,Yes
SEN54,YPL083C,Yes
SEC16,YPL085W,Yes
NOG1,YPL093W,Yes
RPL5,YPL131W,Yes
RPL33A,YPL143W,Yes
PRP46,YPL151C,Yes
RAD53,YPL153C,Yes
MEX67,YPL169C,Yes
IPL1,YPL209C,Yes
NIP7,YPL211W,Yes
SAR1,YPL218W,Yes
CET1,YPL228W,Yes
FAS2,YPL231W,Yes
SUI3,YPL237W,Yes
SRP68,YPL243W,Yes
YAH1,YPL252C,Yes
DIM1,YPL266W,Yes
RPA135,YPR010C,Yes
TIF6,YPR016C,Yes
MCM4,YPR019W,Yes
CCL1,YPR025C,Yes
HTS1,YPR033C,Yes
GLN1,YPR035W,Yes
TIF5,YPR041W,Yes
SEC8,YPR055W,Yes
SRP54,YPR088C,Yes
RPN7,YPR108W,Yes
PIS1,YPR113W,Yes
RRP9,YPR137W,Yes
SGV1,YPR161C,Yes
RHO1,YPR165W,Yes
DPB2,YPR175W,Yes
PRP4,YPR178W,Yes
AOS1,YPR180W,Yes
SMX3,YPR182W,Yes
PZF1,YPR186C,Yes
RPC82,YPR190C,Yes
POP5,YAL033W,Yes
MTW1,YAL034W-A,Yes
CDC19,YAL038W,Yes
SEN34,YAR008W,Yes
CDC15,YAR019C,Yes
RRN6,YBL014C,Yes
MCM2,YBL023C,Yes
STU1,YBL034C,Yes
ERD2,YBL040C,Yes
AAR2,YBL074C,Yes
ILS1,YBL076C,Yes
CDC27,YBL084C,Yes
RPL32,YBL092W,Yes
BRN1,YBL097W,Yes
IPP1,YBR011C,Yes
CDS1,YBR029C,Yes
POL30,YBR088C,Yes
CKS1,YBR135W,Yes
CDC28,YBR160W,Yes
MED8,YBR193C,Yes
PGI1,YBR196C,Yes
TAF5,YBR198C,Yes
MCM7,YBR202W,Yes
AME1,YBR211C,Yes
ARC40,YBR234C,Yes
PRP5,YBR237W,Yes
ALG7,YBR243C,Yes
SRB6,YBR253W,Yes
RIB5,YBR256C,Yes
TSC10,YBR265W,Yes
PBN1,YCL052C,Yes
KRR1,YCL059C,Yes
PGK1,YCR012W,Yes
RRP43,YCR035C,Yes
PWP2,YCR057C,Yes
CDC39,YCR093W,Yes
MCD1,YDL003W,Yes
RPT2,YDL007W,Yes
CDC7,YDL017W,Yes
ARP2,YDL029W,Yes
PSA1,YDL055C,Yes
LUC7,YDL087C,Yes
SNU23,YDL098C,Yes
POL3,YDL102W,Yes
SCM3,YDL139C,Yes
BPL1,YDL141W,Yes
CCT4,YDL143W,Yes
RPN5,YDL147W,Yes
RPC53,YDL150W,Yes
CDC9,YDL164C,Yes
SEC31,YDL195W,Yes
GLE1,YDL207W,Yes
CDC13,YDL220C,Yes
YRB1,YDR002W,Yes
DAD1,YDR016C,Yes
KRS1,YDR037W,Yes
HEM13,YDR044W,Yes
RPC11,YDR045C,Yes
HEM12,YDR047W,Yes
LCB1,YMR296C,Yes
NIP1,YMR309C,Yes
TAF12,YDR145W,Yes
SSY1,YDR160W,Yes
PRE5,YMR314W,Yes
RLP7,YNL002C,Yes
LST8,YNL006W,Yes
GCD10,YNL062C,Yes
IMP4,YNL075W,Yes
TOP2,YNL088W,Yes
POL1,YNL102W,Yes
DBP2,YNL112W,Yes
SPC98,YNL126W,Yes
RPS3,YNL178W,Yes
KAR1,YNL188W,Yes
SSU72,YNL222W,Yes
CSL4,YNL232W,Yes
FOL1,YNL256W,Yes
POL2,YNL262W,Yes
SEC21,YNL287W,Yes
RFC3,YNL290W,Yes
KRI1,YNL308C,Yes
RFA2,YNL312W,Yes
PFS2,YNL317W,Yes
ACC1,YNR016C,Yes
TIM23,YNR017W,Yes
DBP6,YNR038W,Yes
PRE6,YOL038W,Yes
RPS15,YOL040C,Yes
NUF2,YOL069W,Yes
RFC4,YOL094C,Yes
RPL18A,YOL120C,Yes
HRP1,YOL123W,Yes
RPL25,YOL127W,Yes
HRT1,YOL133W,Yes
NOP8,YOL144W,Yes
DCP1,YOL149W,Yes
SGT1,YOR057W,Yes
CDC21,YOR074C,Yes
RTS2,YOR077W,Yes
RKI1,YOR095C,Yes
NUP1,YOR098C,Yes
RPO31,YOR116C,Yes
RIO1,YOR119C,Yes
RPB2,YOR151C,Yes
MTR10,YOR160W,Yes
GLN4,YOR168W,Yes
HEM15,YOR176W,Yes
DED1,YOR204W,Yes
RPB10,YOR210W,Yes
RPB8,YOR224C,Yes
ESA1,YOR244W,Yes
APC5,YOR249C,Yes
SEC63,YOR254C,Yes
RPT4,YOR259C,Yes
RPN8,YOR261C,Yes
YTM1,YOR272W,Yes
PLP2,YOR281C,Yes
RRS1,YOR294W,Yes
MYO2,YOR326W,Yes
RPA190,YOR341W,Yes
PRE10,YOR362C,Yes
NDD1,YOR372C,Yes
NUD1,YOR373W,Yes
GPI2,YPL076W,Yes
MOT1,YPL082C,Yes
SEC62,YPL094C,Yes
IDI1,YPL117C,Yes
TFB2,YPL122C,Yes
SPC29,YPL124W,Yes
NAN1,YPL126W,Yes
TBF1,YPL128C,Yes
CDC60,YPL160W,Yes
SPT14,YPL175W,Yes
NAB3,YPL190C,Yes
HRR25,YPL204W,Yes
SRP72,YPL210C,Yes
RVB2,YPL235W,Yes
IQG1,YPL242C,Yes
BBP1,YPL255W,Yes
ARP7,YPR034W,Yes
TAH18,YPR048W,Yes
TFB4,YPR056W,Yes
DIB1,YPR082C,Yes
PRE2,YPR103W,Yes
YTH1,YPR107C,Yes
RPC40,YPR110C,Yes
ORC4,YPR162C,Yes
NUT2,YPR168W,Yes
BET2,YPR176C,Yes
SEC23,YPR181C,Yes
DPM1,YPR183W,Yes
RPF1,YHR088W,Yes
RSM10,YDR041W,Yes
BRX1,YOL077C,Yes
RSC3,YDR303C,Yes
QNS1,YHR074W,Yes
DSL1,YNL258C,Yes
ERB1,YMR049C,Yes
BCP1,YDR361C,Yes
TSC13,YDL015C,Yes
HSH155,YMR288W,Yes
ASK1,YKL052C,Yes
KRE33,YNL132W,Yes
NSA2,YER126C,Yes
UTP7,YER082C,Yes
LSG1,YGL099W,Yes
KRE29,YER038C,Yes
GPI15,YNL038W,Yes
TSR1,YDL060W,Yes
RPF2,YKR081C,Yes
NOP14,YDL148C,Yes
EMG1,YLR186W,Yes
PTI1,YGR156W,Yes
TRM5,YHR070W,Yes
RIA1,YNL163C,Yes
SCC4,YER147C,Yes
RLP24,YLR009W,Yes
NOG2,YNR053C,Yes
GPI17,YDR434W,Yes
GPI16,YHR188C,Yes
FAP7,YDL166C,Yes
RSC58,YLR033W,Yes
NUG1,YER006W,Yes
MAK21,YDR060W,Yes
NSA1,YGL111W,Yes
NOP15,YNL110C,Yes
SWD2,YKL018W,Yes
NOC2,YOR206W,Yes
RRP12,YPL012W,Yes
SPN1,YPR133C,Yes
NOC3,YLR002C,Yes
NOP7,YGR103W,Yes
RSC9,YML127W,Yes
MRPS18,YNL306W,Yes
COG4,YPR105C,Yes
DAD2,YKR083C,Yes
OKP1,YGR179C,Yes
CFD1,YIL003W,Yes
DRE2,YKR071C,Yes
TEN1,YLR010C,Yes
MPE1,YKL059C,Yes
RIO2,YNL207W,Yes
NOB1,YOR056C,Yes
CHS2,YBR038W,Yes
EXO84,YBR102C,Yes
ALG1,YBR110W,Yes
MAK5,YBR142W,Yes
SUP45,YBR143C,Yes
SPP381,YBR152W,Yes
RIB7,YBR153W,Yes
RPB5,YBR154C,Yes
CNS1,YBR155W,Yes
POP7,YBR167C,Yes
ATP16,YDL004W,Yes
DBP10,YDL031W,Yes
USO1,YDL058W,Yes
SRP14,YDL092W,Yes
TLG1,YDR468C,Yes
RIB3,YDR487C,Yes
SEC20,YDR498C,Yes
LCD1,YDR499W,Yes
SPB4,YFL002C,Yes
SEC4,YFL005W,Yes
SMX2,YFL017W-A,Yes
CAK1,YFL029C,Yes
MOB2,YFL034C-B,Yes
NIC96,YFR002W,Yes
MMF1,YIL051C,Yes
NUP159,YIL115C,Yes
TAO3,YIL129C,Yes
RPR2,YIR015W,Yes
SSY5,YJL156C,Yes
SDH3,YKL141W,Yes
FAS1,YKL182W,Yes
MET4,YNL103W,Yes
PRP2,YNR011C,Yes
OST2,YOR103C,Yes
KRE5,YOR336W,Yes
BMS1,YPL217C,Yes
SUA7,YPR086W,Yes
FHL1,YPR104C,Yes
CWC2,YDL209C,Yes
CWC25,YNL245C,Yes
CWC22,YGR278W,Yes
CWC23,YGL128C,Yes
CWC24,YLR323C,Yes
REA1,YLR106C,Yes
NAF1,YNL124W,Yes
BRR6,YGL247W,Yes
SHQ1,YIL104C,Yes
RDS3,YPR094W,Yes
DHR2,YKL078W,Yes
DML1,YMR211W,Yes
NSL1,YPL233W,Yes
DSN1,YIR010W,Yes
UTP14,YML093W,Yes
UTP6,YDR449C,Yes
UTP13,YLR222C,Yes
UTP5,YDR398W,Yes
UTP4,YDR324C,Yes
UTP10,YJL109C,Yes
UTP11,YKL099C,Yes
UTP15,YMR093W,Yes
UTP9,YHR196W,Yes
UTP18,YJL069C,Yes
NOC4,YPR144C,Yes
PXR1,YGR280C,Yes
UTP20,YBL004W,Yes
SPC19,YDR201W,Yes
SEC1,YDR164C,Yes
SEC5,YDR166C,Yes
CDC37,YDR168W,Yes
SEC7,YDR170C,Yes
SUP35,YDR172W,Yes
UBC1,YDR177W,Yes
CCT6,YDR188W,Yes
RVB1,YDR190C,Yes
TCP1,YDR212W,Yes
FMN1,YDR236C,Yes
SEC26,YDR238C,Yes
PRP28,YDR243C,Yes
GPI11,YDR302W,Yes
TFB1,YDR311W,Yes
YCG1,YDR325W,Yes
GPI8,YDR331W,Yes
TFC6,YDR362C,Yes
UBA2,YDR390C,Yes
RPT3,YDR394W,Yes
NCB2,YDR397C,Yes
RPB7,YDR404C,Yes
TRS120,YDR407C,Yes
SYF1,YDR416W,Yes
TIF35,YDR429C,Yes
GUK1,YDR454C,Yes
SPP41,YDR464W,Yes
PRP3,YDR473C,Yes
SNM1,YDR478W,Yes
SMT3,YDR510W,Yes
SNU13,YEL026W,Yes
MCM3,YEL032W,Yes
UTR5,YEL035C,Yes
SEC3,YER008C,Yes
PRP22,YER013W,Yes
SPC25,YER018C,Yes
SRB4,YER022W,Yes
GCD11,YER025W,Yes
SAH1,YER043C,Yes
PUP3,YER094C,Yes
RTT105,YER104W,Yes
LSM4,YER112W,Yes
RSP5,YER125W,Yes
GDI1,YER136W,Yes
SPT15,YER148W,Yes
BUR6,YER159C,Yes
PAB1,YER165W,Yes
RAD3,YER171W,Yes
CDC4,YFL009W,Yes
FRS2,YFL022C,Yes
TUB2,YFL037W,Yes
ACT1,YFL039C,Yes
SEC53,YFL045C,Yes
RPN11,YFR004W,Yes
ECO1,YFR027W,Yes
PTR3,YFR029W,Yes
SMC2,YFR031C,Yes
PRE4,YFR050C,Yes
RPN12,YFR052W,Yes
ERG26,YGL001C,Yes
PMA1,YGL008C,Yes
SCL1,YGL011C,Yes
JAC1,YGL018C,Yes
RPL30,YGL030W,Yes
HEM2,YGL040C,Yes
RNA15,YGL044C,Yes
RPT6,YGL048C,Yes
OLE1,YGL055W,Yes
ALG2,YGL065C,Yes
HSF1,YGL073W,Yes
NBP35,YGL091C,Yes
SPC105,YGL093W,Yes
RPL28,YGL103W,Yes
TAF6,YGL112C,Yes
CDC20,YGL116W,Yes
NAB2,YGL122C,Yes
SEC27,YGL137W,Yes
GPI10,YGL142C,Yes
TIP20,YGL145W,Yes
CDC43,YGL155W,Yes
ROK1,YGL171W,Yes
SPT16,YGL207W,Yes
VRG4,YGL225W,Yes
CSE1,YGL238W,Yes
TFG2,YGR005C,Yes
SEC9,YGR009C,Yes
ERV1,YGR029W,Yes
UFD1,YGR048W,Yes
VHT1,YGR065C,Yes
SMD1,YGR074W,Yes
PRP38,YGR075C,Yes
TOM20,YGR082W,Yes
GCD2,YGR083C,Yes
ESP1,YGR098C,Yes
SPT6,YGR116W,Yes
NUP57,YGR119C,Yes
NAT2,YGR147C,Yes
YIP1,YGR172C,Yes
TYS1,YGR185C,Yes
ZPR1,YGR211W,Yes
BRF1,YGR246C,Yes
FOL2,YGR267C,Yes
TAF1,YGR274C,Yes
TIM10,YHR005C-A,Yes
ERG11,YHR007C,Yes
DED81,YHR019C,Yes
MAS2,YHR024C,Yes
RPP1,YHR062C,Yes
RRP3,YHR065C,Yes
DYS1,YHR068W,Yes
ERG7,YHR072W,Yes
ORC6,YHR118C,Yes
RPC10,YHR143W-A,Yes
IMP3,YHR148W,Yes
DNA2,YHR164C,Yes
NMD3,YHR170W,Yes
SPC97,YHR172W,Yes
ERG9,YHR190W,Yes
TIM44,YIL022W,Yes
ULP2,YIL031W,Yes
SNP1,YIL061C,Yes
MOB1,YIL106W,Yes
SEC24,YIL109C,Yes
RHO3,YIL118W,Yes
STH1,YIL126W,Yes
SSL2,YIL143C,Yes
PRI1,YIR008C,Yes
SQT1,YIR012W,Yes
SEC11,YIR022W,Yes
PRE3,YJL001W,Yes
RRN7,YJL025W,Yes
BET4,YJL031C,Yes
TAD2,YJL035C,Yes
NUP192,YJL039C,Yes
TIM54,YJL054W,Yes
NUP82,YJL061W,Yes
SMC3,YJL074C,Yes
ARP4,YJL081C,Yes
EXO70,YJL085W,Yes
DPB11,YJL090C,Yes
CCT7,YJL111W,Yes
TIM17,YJL143W,Yes
ERG20,YJL167W,Yes
RFA3,YJL173C,Yes
KRE9,YJL174W,Yes
MPP10,YJR002W,Yes
SUI2,YJR007W,Yes
ILV3,YJR016C,Yes
LSM8,YJR022W,Yes
TAH11,YJR046W,Yes
CCT5,YJR064W,Yes
RFC2,YJR068W,Yes
RPS5,YJR123W,Yes
SFT1,YKL006C-A,Yes
PRP40,YKL012W,Yes
CDC16,YKL022C,Yes
TFA1,YKL028W,Yes
TOA2,YKL058W,Yes
FBA1,YKL060C,Yes
MIF2,YKL089W,Yes
YJU2,YKL095W,Yes
ABF1,YKL112W,Yes
RPT1,YKL145W,Yes
GPM1,YKL152C,Yes
SNU114,YKL173W,Yes
MTR2,YKL186C,Yes
HYM1,YKL189W,Yes
SDS22,YKL193C,Yes
TOR2,YKL203C,Yes
ECM9,YKR004C,Yes
RSC4,YKR008W,Yes
TFA2,YKR062W,Yes
PRP16,YKR086W,Yes
SFI1,YLL003W,Yes
ORC3,YLL004W,Yes
DRS1,YLL008W,Yes
SOF1,YLL011W,Yes
DPS1,YLL018C,Yes
GPI13,YLL031C,Yes
PRP19,YLL036C,Yes
SSL1,YLR005W,Yes
SED5,YLR026C,Yes
RPL15A,YLR029C,Yes
STU2,YLR045C,Yes
FRS1,YLR060W,Yes
SPC3,YLR066W,Yes
RGR1,YLR071C,Yes
BOS1,YLR078C,Yes
GAA1,YLR088W,Yes
ERG27,YLR100W,Yes
CDC45,YLR103C,Yes
CFT2,YLR115W,Yes
CLF1,YLR117C,Yes
APC2,YLR127C,Yes
RRN5,YLR141W,Yes
SMD3,YLR147C,Yes
ACS2,YLR153C,Yes
SEC10,YLR166C,Yes
CBF5,YLR175W,Yes
NMT1,YLR195C,Yes
NOP56,YLR197W,Yes
CDC123,YLR215C,Yes
IFH1,YLR223C,Yes
CDC42,YLR229C,Yes
YEF3,YLR249W,Yes
UTP21,YLR409C,Yes
JIP5,YPR169W,Yes
DBF4,YDR052C,Yes
RPS13,YDR064W,Yes
NSE1,YLR007W,Yes
SMC5,YOL034W,Yes
GPI14,YJR013W,Yes
PDC2,YDR081C,Yes
RRP1,YDR087C,Yes
RLI1,YDR091C,Yes
PDS1,YDR113C,Yes
APC4,YDR118W,Yes
TAF10,YDR167W,Yes
SCC2,YDR180W,Yes
CDC1,YDR182W,Yes
SLY1,YDR189W,Yes
MSS4,YDR208W,Yes
GCD6,YDR211W,Yes
HTB1,YDR224C,Yes
PCF11,YDR228C,Yes
HEM1,YDR232W,Yes
PRP42,YDR235W,Yes
SNU56,YDR240C,Yes
TRS23,YDR246W,Yes
RRP45,YDR280W,Yes
SRP101,YDR292C,Yes
BFR2,YDR299W,Yes
CFT1,YDR301W,Yes
SRB7,YDR308C,Yes
SKP1,YDR328C,Yes
TRR1,YDR353W,Yes
SPC110,YDR356W,Yes
FRQ1,YDR373W,Yes
ARH1,YDR376W,Yes
YRA1,YDR381W,Yes
RPN9,YDR427W,Yes
TFB3,YDR460W,Yes
TRS31,YDR472W,Yes
WBP1,YEL002C,Yes
MMS21,YEL019C,Yes
HYP2,YEL034W,Yes
POL5,YEL055C,Yes
PCM1,YEL058W,Yes
PMI40,YER003C,Yes
NTF2,YER009W,Yes
PRE1,YER012W,Yes
RPN3,YER021W,Yes
PRO3,YER023W,Yes
LCP5,YER127W,Yes
GLC7,YER133W,Yes
LSM5,YER146W,Yes
COG3,YER157W,Yes
CCA1,YER168C,Yes
BRR2,YER172C,Yes
SMC1,YFL008W,Yes
GNA1,YFL017C,Yes
EPL1,YFL024C,Yes
YPT1,YFL038C,Yes
SAD1,YFR005C,Yes
CDC14,YFR028C,Yes
RSC8,YFR037C,Yes
RET2,YFR051C,Yes
DUO1,YGL061C,Yes
MPS2,YGL075C,Yes
NUP145,YGL092W,Yes
SRM1,YGL097W,Yes
PRP43,YGL120C,Yes
RPS2,YGL123W,Yes
CEG1,YGL130W,Yes
INO80,YGL150C,Yes
SUA5,YGL169W,Yes
NUP49,YGL172W,Yes
MCM6,YGL201C,Yes
SNU71,YGR013W,Yes
POP6,YGR030C,Yes
TFC4,YGR047C,Yes
PRP31,YGR091W,Yes
VAS1,YGR094W,Yes
TEL2,YGR099W,Yes
DAM1,YGR113W,Yes
COG2,YGR120C,Yes
CBF2,YGR140W,Yes
MTR3,YGR158C,Yes
TFG1,YGR186W,Yes
SKI6,YGR195W,Yes
GPI1,YGR216C,Yes
CRM1,YGR218W,Yes
SDA1,YGR245C,Yes
PUP2,YGR253C,Yes
NCP1,YHR042W,Yes
MED6,YHR058C,Yes
RRP4,YHR069C,Yes
BIG1,YHR101C,Yes
CDC12,YHR107C,Yes
BET1,YIL004C,Yes
RPB3,YIL021W,Yes
IRR1,YIL026C,Yes
MET30,YIL046W,Yes
NEO1,YIL048W,Yes
YRB2,YIL063C,Yes
SEC6,YIL068C,Yes
RPN2,YIL075C,Yes
THS1,YIL078W,Yes
CCT2,YIL142W,Yes
SLN1,YIL147C,Yes
MCM10,YIL150C,Yes
PAN1,YIR006C,Yes
STS1,YIR011C,Yes
OST1,YJL002C,Yes
CYR1,YJL005W,Yes
CCT8,YJL008C,Yes
CCT3,YJL014W,Yes
RNR2,YJL026W,Yes
HCA4,YJL033W,Yes
KAR2,YJL034W,Yes
NSP1,YJL041W,Yes
MTR4,YJL050W,Yes
NET1,YJL076W,Yes
TRL1,YJL087C,Yes
GCD14,YJL125C,Yes
CDC6,YJL194W,Yes
PRP21,YJL203W,Yes
POL31,YJR006W,Yes
ESS1,YJR017C,Yes
NUP85,YJR042W,Yes
SSC1,YJR045C,Yes
CDC8,YJR057W,Yes
ARP3,YJR065C,Yes
YAE1,YJR067C,Yes
CDC11,YJR076C,Yes
FIP1,YJR093C,Yes
NNF1,YJR112W,Yes
AUR1,YKL004W,Yes
ARC19,YKL013C,Yes
RAM2,YKL019W,Yes
MAK11,YKL021C,Yes
URA6,YKL024C,Yes
UGP1,YKL035W,Yes
SPC42,YKL042W,Yes
PRI2,YKL045W,Yes
CSE4,YKL049C,Yes
GFA1,YKL104C,Yes
SLD2,YKL108W,Yes
SRP21,YKL122C,Yes
RRN3,YKL125W,Yes
RPC25,YKL144C,Yes
SRP102,YKL154W,Yes
MCD4,YKL165C,Yes
EBP2,YKL172W,Yes
RPL17A,YKL180W,Yes
ACP1,YKL192C,Yes
YKT6,YKL196C,Yes
UBA1,YKL210W,Yes
PAP1,YKR002W,Yes
RPC37,YKR025W,Yes
SPC34,YKR037C,Yes
LAS1,YKR063C,Yes
BET3,YKR068C,Yes
GRC3,YLL035W,Yes
COF1,YLL050C,Yes
RPL10,YLR075W,Yes
SMC4,YLR086W,Yes
SEN2,YLR105C,Yes
MSL5,YLR116W,Yes
DIP2,YLR129W,Yes
MAS1,YLR163C,Yes
RPS31,YLR167W,Yes
PWP1,YLR196W,Yes
SEC13,YLR208W,Yes
TUB4,YLR212C,Yes
YCS4,YLR272C,Yes
MCM5,YLR274W,Yes
DBP9,YLR276C,Yes
GCD7,YLR291C,Yes
YHC1,YLR298C,Yes
CDC25,YLR310C,Yes
CDC3,YLR314C,Yes
SFH1,YLR321C,Yes
KAP95,YLR347C,Yes
ILV5,YLR355C,Yes
ADE13,YLR359W,Yes
SEC61,YLR378C,Yes
LSM3,YLR438C-A,Yes
NBP1,YLR457C,Yes
NDC1,YML031W,Yes
RRN11,YML043C,Yes
TUB1,YML085C,Yes
RPM2,YML091C,Yes
SEC65,YML105C,Yes
ERG13,YML126C,Yes
ERO1,YML130C,Yes
CDC5,YMR001C,Yes
TAF4,YMR005W,Yes
TAP42,YMR028W,Yes
ARP9,YMR033W,Yes
SEN15,YMR059W,Yes
CTF13,YMR094W,Yes
FOL3,YMR113W,Yes
SPC24,YMR117C,Yes
ECM16,YMR128W,Yes
SWP1,YMR149W,Yes
CEP3,YMR168C,Yes
ERG12,YMR208W,Yes
ERG8,YMR220W,Yes
TAF7,YMR227C,Yes
RRP5,YMR229C,Yes
TAF9,YMR236W,Yes
RNT1,YMR239C,Yes
TIF11,YMR260C,Yes
PRP24,YMR268C,Yes
FCP1,YMR277W,Yes
AVO1,YOL078W,Yes
CMD1,YBR109C,Yes
KOG1,YHR186C,Yes
SWC4,YGR002C,Yes
UTP22,YGR090W,Yes
RPC17,YJL011C,Yes
KAE1,YKR038C,Yes
TSC11,YER093C,Yes
ENP2,YGR145W,Yes
MPS3,YJL019W,Yes
USE1,YGL098W,Yes
SOG2,YOR353C,Yes
IPI1,YHR085W,Yes
IPI3,YNL182C,Yes
TIM50,YPL063W,Yes
RRP14,YKL082C,Yes
YPI1,YFR003C,Yes
PSF1,YDR013W,Yes
SLD5,YDR489W,Yes
PSF2,YJL072C,Yes
BCD1,YHR040W,Yes
PSF3,YOL146W,Yes
GWT1,YJL091C,Yes
RIX1,YHR197W,Yes
PAM18,YLR008C,Yes
THG1,YGR024C,Yes
MYO1,YHR023W,Yes
YML6,YML025C,Yes
SAM35,YHR083W,Yes
MIA40,YKL195W,Yes
YGL069C,YGL069C,Yes
ZIM17,YNL310C,Yes
TTI1,YKL033W,Yes
URB1,YKL014C,Yes
URB2,YJR041C,Yes
GPI18,YBR004C,Yes
YDR341C,YDR341C,Yes
YGL102C,YGL102C,Yes
YAL034C-B,YAL034C-B,Yes
YDL152W,YDL152W,Yes
UTP8,YGR128C,Yes
MRD1,YPR112C,Yes
RPO26,YPR187W,Yes
PAM16,YJL104W,Yes
SLD3,YGL113W,Yes
HIP1,YGR191W,Yes
MES1,YGR264C,Yes
CDC23,YHR166C,Yes
ARC15,YIL062C,Yes
NDC80,YIL144W,Yes
UFE1,YOR075W,Yes
SMP3,YOR149C,Yes
RET1,YOR207C,Yes
GCD1,YOR260W,Yes
RPA43,YOR340C,Yes
SEC15,YGL233W,Yes
ERG25,YGR060W,Yes
RRP46,YGR095C,Yes
ERG1,YGR175C,Yes
RPS20,YHL015W,Yes
CAB5,YDR196C,Yes
FUR1,YHR128W,Yes
GSP1,YLR293C,Yes
UBC8,YEL012W,No
PMP2,YEL017C-A,No
SIS2,YKR072C,No
MTD1,YKR080W,No
RPS27A,YKL156W,No
PIR1,YKL164C,No
TPK3,YKL166C,No
KKQ8,YKL168C,No
STE3,YKL178C,No
PRS1,YKL181W,No
SPE1,YKL184W,No
DPH2,YKL191W,No
PEX1,YKL197C,No
LOS1,YKL205W,No
STE6,YKL209C,No
DOA1,YKL213C,No
JEN1,YKL217W,No
FRE2,YKL220C,No
TOF2,YKR010C,No
YPT52,YKR014C,No
DBP7,YKR024C,No
SPO14,YKR031C,No
GAP1,YKR039W,No
TRK2,YKR050W,No
YSR3,YKR053C,No
RHO4,YKR055W,No
RPS21A,YKR057W,No
TIF1,YKR059W,No
CCP1,YKR066C,No
ECM4,YKR076W,No
HBS1,YKR084C,No
SRP40,YKR092C,No
RPL40B,YKR094C,No
PCK1,YKR097W,No
BAS1,YKR099W,No
SIR1,YKR101W,No
FLO10,YKR102W,No
DNM1,YLL001W,No
RTT109,YLL002W,No
MMM1,YLL006W,No
COX17,YLL009C,No
PSR1,YLL010C,No
BPT1,YLL015W,No
YLL017W,YLL017W,No
COX19,YLL018C-A,No
KNS1,YLL019C,No
SPA2,YLL021W,No
HSP104,YLL026W,No
ISA1,YLL027W,No
UBI4,YLL039C,No
SDH2,YLL041C,No
FPS1,YLL043W,No
RNP1,YLL046C,No
FRE6,YLL051C,No
MHT1,YLL062C,No
GAT3,YLR013W,No
POM34,YLR018C,No
UBR2,YLR024C,No
SMF3,YLR034C,No
COX12,YLR038C,No
TRX1,YLR043C,No
EMP70,YLR083C,No
SUL2,YLR092W,No
GIS3,YLR094C,No
KIN2,YLR096W,No
REX3,YLR107W,No
ACE2,YLR131C,No
PDC5,YLR134W,No
NHA1,YLR138W,No
ACF2,YLR144C,No
STM1,YLR150W,No
DPH5,YLR172C,No
TFS1,YLR178C,No
SWI6,YLR182W,No
MDL1,YLR188W,No
PEX13,YLR191W,No
MSS51,YLR203C,No
HRD3,YLR207W,No
CLB4,YLR210W,No
CCC1,YLR220W,No
BUR2,YLR226W,No
ECM22,YLR228C,No
EST1,YLR233C,No
TOP3,YLR234W,No
THI7,YLR237W,No
VPS34,YLR240W,No
ARV1,YLR242C,No
MAP1,YLR244C,No
ERF2,YLR246W,No
RCK2,YLR248W,No
SSP120,YLR250W,No
GSY2,YLR258W,No
LCB5,YLR260W,No
YPT6,YLR262C,No
RED1,YLR263W,No
RPS28B,YLR264W,No
SEC22,YLR268W,No
PIG1,YLR273C,No
GUF1,YLR289W,No
SEC72,YLR292C,No
ATP14,YLR295C,No
ECM38,YLR299W,No
CDA1,YLR307W,No
IMH1,YLR309C,No
MRPL15,YLR312W-A,No
BUD6,YLR319C,No
RPL38,YLR325C,No
RPL26A,YLR344W,No
DIC1,YLR348C,No
TAL1,YLR354C,No
RSC2,YLR357W,No
SSQ1,YLR369W,No
ROM2,YLR371W,No
VID22,YLR373C,No
FBP1,YLR377C,No
NAM2,YLR382C,No
ECM19,YLR390W,No
ATP10,YLR393W,No
COX8,YLR395C,No
BDF1,YLR399C,No
RPL31B,YLR406C,No
RPN13,YLR421C,No
TUS1,YLR425W,No
CAR2,YLR438W,No
RPS1A,YLR441C,No
RPL6B,YLR448W,No
HMG2,YLR450W,No
RIF2,YLR453C,No
YPT7,YML001W,No
ERG6,YML008C,No
PSP2,YML017W,No
UNG1,YML021C,No
RPS18B,YML026C,No
TSA1,YML028W,No
RAD52,YML032C,No
AMD1,YML035C,No
CAT2,YML042W,No
GSF2,YML048W,No
GAL80,YML051W,No
SUR7,YML052W,No
CYB2,YML054C,No
SPC2,YML055W,No
CMP2,YML057W,No
SML1,YML058W,No
OGG1,YML060W,No
PIF1,YML061C,No
MFT1,YML062C,No
RPS1B,YML063W,No
ERV41,YML067C,No
DAK1,YML070W,No
FPR3,YML074C,No
HMG1,YML075C,No
ATP18,YML081C-A,No
ALO1,YML086C,No
RAD10,YML095C,No
TSL1,YML100W,No
MDM1,YML104C,No
URA5,YML106W,No
COQ5,YML110C,No
CTK3,YML112W,No
ATR1,YML116W,No
GTR1,YML121W,No
TUB3,YML124C,No
COX14,YML129C,No
MVP1,YMR004W,No
PLB2,YMR006C,No
HXT2,YMR011W,No
SOK2,YMR016C,No
STB4,YMR019W,No
MAC1,YMR021C,No
MSS1,YMR023C,No
PEX12,YMR026C,No
HOF1,YMR032W,No
IMP2,YMR035W,No
SUB1,YMR039C,No
STB2,YMR053C,No
BUB2,YMR055C,No
RIM9,YMR063W,No
KAR5,YMR065W,No
ISF1,YMR081C,No
YTA12,YMR089C,No
AIP1,YMR092C,No
SNZ1,YMR096W,No
SRT1,YMR101C,No
RIC1,YLR039C,No
PDC1,YLR044C,No
RPS0B,YLR048W,No
FLC3,YGL139W,No
YJR084W,YJR084W,No
CSI1,YMR025W,No
NUP133,YKR082W,No
MRPL20,YKR085C,No
SRL3,YKR091W,No
PTR2,YKR093W,No
MLP1,YKR095W,No
UBP11,YKR098C,No
TPO1,YLL028W,No
ENT4,YLL038C,No
RPL8B,YLL045C,No
YBT1,YLL048C,No
AQY2,YLL052C,No
MMP1,YLL061W,No
AYT1,YLL063C,No
PPR1,YLR014C,No
MEU1,YLR017W,No
PSR2,YLR019W,No
AAT2,YLR027C,No
RAD5,YLR032W,No
MLH2,YLR035C,No
REX2,YLR059C,No
RPL22A,YLR061W,No
PET309,YLR067C,No
MEF1,YLR069C,No
SIC1,YLR079W,No
RAX2,YLR084C,No
XDJ1,YLR090W,No
NYV1,YLR093C,No
IOC2,YLR095C,No
CHA4,YLR098C,No
ICT1,YLR099C,No
APC9,YLR102C,No
AHP1,YLR109W,No
YPS3,YLR121C,No
ZRT2,YLR130C,No
CKI1,YLR133W,No
TIS11,YLR136C,No
SLS1,YLR139C,No
PUT1,YLR142W,No
SPE4,YLR146C,No
PEP3,YLR148W,No
PCD1,YLR151C,No
IDP2,YLR174W,No
RFX1,YLR176C,No
SAM1,YLR180W,No
RPL37A,YLR185W,No
ATG26,YLR189C,No
HCR1,YLR192C,No
YKE2,YLR200W,No
ENT2,YLR206W,No
FRE1,YLR214W,No
CPR6,YLR216C,No
ECI1,YLR284C,No
RPS30A,YLR287C-A,No
MEC3,YLR288C,No
EXG1,YLR300W,No
ACO1,YLR304C,No
UBC12,YLR306W,No
CDA2,YLR308W,No
SPH1,YLR313C,No
EST2,YLR318W,No
REC102,YLR329W,No
MID2,YLR332W,No
NUP2,YLR335W,No
VRP1,YLR337C,No
FKS1,YLR342W,No
NIT3,YLR351C,No
BUD8,YLR353W,No
STE11,YLR362W,No
RPS22B,YLR367W,No
ARC18,YLR370C,No
ELO3,YLR372W,No
STP3,YLR375W,No
CSR1,YLR380W,No
IKI3,YLR384C,No
STE23,YLR389C,No
CCW14,YLR390W-A,No
CST9,YLR394W,No
VPS33,YLR396C,No
SKI2,YLR398C,No
SFP1,YLR403W,No
VIP1,YLR410W,No
URA4,YLR420W,No
ATG17,YLR423C,No
CRN1,YLR429W,No
CNA1,YLR433C,No
MRPL4,YLR439W,No
SIR3,YLR442C,No
VMA6,YLR447C,No
FPR4,YLR449W,No
SST2,YLR452C,No
PAU4,YLR461W,No
GLO1,YML004C,No
YAP1,YML007W,No
ERV25,YML012W,No
PPZ1,YML016C,No
OST6,YML019W,No
RPS17A,YML024W,No
YOX1,YML027W,No
SRC1,YML034W,No
YMD8,YML038C,No
CPR3,YML078W,No
GIM5,YML094W,No
VPS9,YML097C,No
ARG81,YML099C,No
CAC2,YML102W,No
NUP188,YML103C,No
ZDS2,YML109W,No
BUL2,YML111W,No
DAT1,YML113W,No
VAN1,YML115C,No
NDI1,YML120C,No
PLB1,YMR008C,No
CLU1,YMR012W,No
SPO20,YMR017W,No
FMS1,YMR020W,No
UBC7,YMR022W,No
MRPL3,YMR024W,No
MIH1,YMR036C,No
ARG80,YMR042W,No
IOC4,YMR044W,No
FAR3,YMR052W,No
STV1,YMR054W,No
AAC1,YMR056C,No
SAM37,YMR060C,No
AEP1,YMR064W,No
SOV1,YMR066W,No
ABF2,YMR072W,No
CTF18,YMR078C,No
NAM7,YMR080C,No
NPL6,YMR091C,No
SNO1,YMR095C,No
MUB1,YMR100W,No
YPK2,YMR104C,No
YKU80,YMR106C,No
STO1,YMR125W,No
POM152,YMR129W,No
REC114,YMR133W,No
PSO2,YMR137C,No
RIM11,YMR139W,No
RPS16A,YMR143W,No
YIM2,YMR151W,No
NUP53,YMR153W,No
ATG16,YMR159C,No
HLJ1,YMR161W,No
PAH1,YMR165C,No
ALD2,YMR170C,No
DDR48,YMR173W,No
PFK2,YMR205C,No
GUA1,YMR217W,No
ESC1,YMR219W,No
MRE11,YMR224C,No
PEP5,YMR231W,No
RNH1,YMR234W,No
YHM2,YMR241W,No
ZRC1,YMR243C,No
FAA4,YMR246W,No
HOR7,YMR251W-A,No
COX7,YMR256C,No
URA10,YMR271C,No
ZDS1,YMR273C,No
BUL1,YMR275C,No
CAT8,YMR280C,No
AEP2,YMR282C,No
DSS1,YMR287C,No
GOT1,YMR292W,No
YME2,YMR302C,No
FKS3,YMR306W,No
GAS1,YMR307W,No
FET4,YMR319C,No
HRB1,YNL004W,No
IDP3,YNL009W,No
PBI2,YNL015W,No
ARK1,YNL020C,No
HDA1,YNL021W,No
SSN8,YNL025C,No
KTR5,YNL029C,No
HHT2,YNL031C,No
IDH1,YNL037C,No
BOP3,YNL042W,No
DSE2,YHR143W,No
DGA1,YOR245C,No
PDR8,YLR266C,No
DCW1,YKL046C,No
GPG1,YGL121C,No
MTG1,YMR097C,No
GMH1,YKR030W,No
GNT1,YOR320C,No
UBA4,YHR111W,No
CRT10,YOL063C,No
HRK1,YOR267C,No
NPR3,YHL023C,No
BIT61,YJL058C,No
PEX25,YPL112C,No
HUR1,YGL168W,No
HTD2,YHR067W,No
EMI1,YDR512C,No
COX16,YJL003W,No
SDH5,YOL071W,No
RMD5,YDR255C,No
PSY1,YKL076C,No
PSY3,YLR376C,No
EMI2,YDR516C,No
GET2,YER083C,No
PSH1,YOL054W,No
GET1,YGL020C,No
RMD6,YEL072W,No
RMD9,YGL107C,No
SEY1,YOR165W,No
RBS1,YDL189W,No
VEL1,YGL258W,No
PUS7,YOR243C,No
RSB1,YOR049C,No
SYN8,YAL014C,No
ITT1,YML068W,No
DCS1,YLR270W,No
DCS2,YOR173W,No
YOS9,YDR057W,No
TPC1,YGR096W,No
RTN1,YDR233C,No
RTN2,YDL204W,No
SIP5,YMR140W,No
APQ13,YJL075C,No
APQ12,YIL040W,No
LRP1,YHR081W,No
MDM32,YOR147W,No
ENT5,YDR153C,No
MDM31,YHR194W,No
FMO1,YHR176W,No
TGS1,YPL157W,No
SNX41,YDR425W,No
TSR2,YLR435W,No
MIG3,YER028C,No
ADH7,YCR105W,No
NNT1,YLR285W,No
MRPS16,YPL013C,No
MRPS17,YMR188C,No
MRPL50,YNR022C,No
MRPS35,YGR165W,No
MRPL22,YNL177C,No
MRPS8,YMR158W,No
MRPL1,YDR116C,No
MRPL51,YPR100W,No
PIL1,YGR086C,No
LSP1,YPL004C,No
PTH2,YBL057C,No
PTH1,YHR189W,No
TRM10,YOL093W,No
DAP1,YPL170W,No
ELF1,YKL160W,No
IZH2,YOL002C,No
HUA2,YOR284W,No
EDC3,YEL015W,No
YIP4,YGL198W,No
GTT3,YEL017W,No
RTS3,YGR161C,No
MAG2,YLR427W,No
RPN14,YGL004C,No
HOS4,YIL112W,No
NOP6,YDL213C,No
YIP5,YGL161C,No
HUA1,YGR268C,No
MOH1,YBL049W,No
PLN1,YKR046C,No
YPT35,YHR105W,No
BSP1,YPR171W,No
GID7,YCL039W,No
MUK1,YPL070W,No
MBB1,YJL199C,No
ACF4,YJR083C,No
SNO4,YMR322C,No
NNF2,YGR089W,No
HRT3,YLR097C,No
UTP30,YKR060W,No
GYL1,YMR192W,No
DLT1,YMR126C,No
NPC2,YDL046W,No
AVT6,YER119C,No
AVT7,YIL088C,No
AVT5,YBL089W,No
AVT3,YKL146W,No
AVT2,YEL064C,No
AVT4,YNL101W,No
AVT1,YJR001W,No
RBG2,YGR173W,No
ROG1,YGL144C,No
NAS2,YIL007C,No
YKR104W,YKR104W,No
IVY1,YDR229W,No
VAC17,YCL063W,No
VHS1,YDR247W,No
VHS3,YOR054C,No
LEU9,YOR108W,No
TEX1,YNL253W,No
ATG27,YJL178C,No
QDR2,YIL121W,No
FAR11,YNL127W,No
FAR10,YLR238W,No
FAR7,YFR008W,No
FAR8,YMR029C,No
SCS22,YBL091C-A,No
PRX1,YBL064C,No
AIM4,YBR194W,No
FES1,YBR101C,No
SOP4,YJL192C,No
RMA1,YKL132C,No
TVP23,YDR084C,No
TVP15,YDR100W,No
SVP26,YHR181W,No
GVP36,YIL041W,No
TVP38,YKR088C,No
TVP18,YMR071C,No
DUS4,YLR405W,No
MMR1,YLR190W,No
DUS3,YLR401C,No
BYE1,YKL005C,No
TGL3,YMR313C,No
ERV15,YBR210W,No
COS111,YBR203W,No
GEM1,YAL048C,No
ROF1,YHR177W,No
GON7,YJL184W,No
IRC19,YLL033W,No
RTC6,YPL183W-A,No
TMS1,YDR105C,No
MST27,YGL051W,No
SFK1,YKL051W,No
YRB30,YGL164C,No
TRM9,YML014W,No
EHD3,YDR036C,No
PEX29,YDR479C,No
PEX28,YHR150W,No
BSC1,YDL037C,No
BSC2,YDR275W,No
BSC4,YNL269W,No
BSC5,YNR069C,No
BSC6,YOL137W,No
AGX1,YFL030W,No
SWS2,YNL081C,No
YBP2,YGL060W,No
YBP1,YBR216C,No
ISN1,YOR155C,No
OSW2,YLR054C,No
OSW1,YOR255W,No
NSG1,YHR133C,No
NSG2,YNL156C,No
RNH202,YDR279W,No
RNH203,YLR154C,No
RBD2,YPL246C,No
TCO89,YPL180W,No
FRT2,YAL028W,No
YRM1,YOR172W,No
PET20,YPL159C,No
CUL3,YGR003W,No
SLM1,YIL105C,No
FRT1,YOR324C,No
SIL1,YOL031C,No
NAT4,YMR069W,No
CNN1,YFR046C,No
TOS3,YGL179C,No
VMR1,YHL035C,No
SVF1,YDR346C,No
ATG23,YLR431C,No
PAA1,YDR071C,No
PBP4,YDL053C,No
PEX27,YOR193W,No
SRX1,YKL086W,No
SDH8,YBR269C,No
SLX9,YGR081C,No
YMR294W-A,YMR294W-A,No
YMR304C-A,YMR304C-A,No
DSE4,YNR067C,No
DSE3,YOR264W,No
PHO90,YJL198W,No
BBC1,YJL020C,No
DCC1,YCL016C,No
LIP2,YLR239C,No
LOT5,YKL183W,No
LOT6,YLR011W,No
MRC1,YCL061C,No
UAF30,YOR295W,No
HAA1,YPR008W,No
AFT2,YPL202C,No
ATG19,YOL082W,No
YAT2,YER024W,No
PXL1,YKR090W,No
CSF1,YLR087C,No
CTS2,YDR371W,No
MDM34,YGL219C,No
USA1,YML029W,No
SUT2,YPR009W,No
ELP4,YPL101W,No
ELP6,YMR312W,No
IES6,YEL044W,No
IES4,YOR189W,No
IES5,YER092W,No
NOP16,YER002W,No
PIN3,YPR154W,No
PIN2,YOR104W,No
PIN4,YBL051C,No
SGF73,YGL066W,No
NIS1,YNL078W,No
PUF6,YDR496C,No
OXR1,YPL196W,No
MPC54,YOR177C,No
PUF4,YGL014W,No
PUF3,YLL013C,No
SET6,YPL165C,No
SET3,YKR029C,No
SET4,YJL105W,No
DON1,YDR273W,No
SHG1,YBR258C,No
ASI1,YMR119W,No
ASI3,YNL008C,No
ASI2,YNL159C,No
SPP1,YPL138C,No
GPT2,YKR067W,No
SWD3,YBR175W,No
LSB3,YFR024C-A,No
LSB6,YJL100W,No
LSB5,YCL034W,No
LSB1,YGR136W,No
ANT1,YPR128C,No
RSA3,YLR221C,No
RSM28,YDR494W,No
COG1,YGL223C,No
COG6,YNL041C,No
SNA2,YDR525W-A,No
IWR1,YDL115C,No
HMX1,YLR205C,No
PUS6,YGR169C,No
MGS1,YNL218W,No
SNA4,YDL123W,No
SNA3,YJL151C,No
TDP1,YBR223C,No
MMS22,YLR320W,No
HNT3,YOR258W,No
COG8,YML071C,No
COG5,YNL051W,No
COG7,YGL005C,No
TPO2,YGR138C,No
TPO4,YOR273C,No
RAD61,YDR014W,No
BDH1,YAL060W,No
RGD2,YFL047W,No
GYP5,YPL249C,No
GYP8,YFL027C,No
GFD2,YCL036W,No
MCH4,YOL119C,No
MCH1,YDL054C,No
MCH5,YOR306C,No
MCH2,YKL221W,No
LIN1,YHR156C,No
EMP46,YLR080W,No
UIP4,YPL186C,No
UIP5,YKR044W,No
UIP3,YAR027W,No
RFM1,YOR279C,No
MCA1,YOR197W,No
SIA1,YOR137C,No
EDS1,YBR033W,No
SHU2,YDR078C,No
WAR1,YML076C,No
AHA1,YDR214W,No
ESC8,YOL017W,No
XYL2,YLR070C,No
HEK2,YBL032W,No
NDE1,YMR145C,No
NDE2,YDL085W,No
EAF5,YEL018W,No
MRM2,YGL136C,No
ATG21,YPL100W,No
EAF6,YJR082C,No
AIR1,YIL079C,No
TUL1,YKL034W,No
VTS1,YOR359W,No
VAC14,YLR386W,No
CWC27,YPL064C,No
INM1,YHR046C,No
WHI5,YOR083W,No
MDM30,YLR368W,No
VPS51,YKR020W,No
LGE1,YPL055C,No
YRA2,YKL214C,No
NMA1,YLR328W,No
ADH6,YMR318C,No
CTF3,YLR381W,No
TSA2,YDR453C,No
DTD1,YDL219W,No
TRM7,YBR061C,No
YVC1,YOR087W,No
RDS1,YCR106W,No
RDS2,YPL133C,No
BNA3,YJL060W,No
BNA4,YBL098W,No
BNA6,YFR047C,No
BNA2,YJR078W,No
MRH4,YGL064C,No
VPS61,YDR136C,No
VPS64,YDR200C,No
LOA1,YPR139C,No
VPS68,YOL129W,No
VPS70,YJR126C,No
VPS69,YPR087W,No
VPS71,YML041C,No
VPS75,YNL246W,No
VPS65,YLR322W,No
VPS73,YGL104C,No
VPS72,YDR485C,No
VPS63,YLR261C,No
VPS62,YGR141W,No
PCP1,YGR101W,No
HBT1,YDL223C,No
NST1,YNL091W,No
ARX1,YDR101C,No
SFH5,YJL145W,No
TRM8,YDL201W,No
TRM82,YDR165W,No
API2,YDR525W,No
NKP1,YDR383C,No
NKP2,YLR315W,No
HSE1,YHL002W,No
YNR065C,YNR065C,No
NAT5,YOR253W,No
IBD2,YNL164C,No
APP1,YNL094W,No
JIP4,YDR475C,No
ATG20,YDL113C,No
COY1,YKL179C,No
GAS5,YOL030W,No
GAS4,YOL132W,No
GAS3,YMR215W,No
SYP1,YCR030C,No
SNT2,YGL131C,No
SYM1,YLR251W,No
AVO2,YMR068W,No
DCR2,YLR361C,No
NTO1,YPR031W,No
GLE2,YER107C,No
SDP1,YIL113W,No
GID8,YMR135C,No
DEF1,YKL054C,No
RRI2,YOL117W,No
YGK3,YOL128C,No
CTI6,YPL181W,No
RXT3,YDL076C,No
RCO1,YMR075W,No
RXT2,YBR095C,No
CUE4,YML101C,No
CUE2,YKL090W,No
CUE5,YOR042W,No
CUE3,YGL110C,No
PTC7,YHR076W,No
RIP1,YEL024W,No
ECM10,YEL030W,No
ILV2,YMR108W,No
ASC1,YMR116C,No
ADE17,YMR120C,No
YMR315W,YMR315W,No
YMR316C-B,YMR316C-B,No
YNL011C,YNL011C,No
EFM6,YNL024C,No
YNL034W,YNL034W,No
LAP2,YNL045W,No
YNL050C,YNL050C,No
OCA2,YNL056W,No
YNL058C,YNL058C,No
EOS1,YNL080C,No
SAL1,YNL083W,No
YNL089C,YNL089C,No
YNL092W,YNL092W,No
YNL095C,YNL095C,No
MIC27,YNL100W,No
YNL115C,YNL115C,No
DMA2,YNL116W,No
NCS2,YNL119W,No
YNL120C,YNL120C,No
YNL122C,YNL122C,No
NMA111,YNL123W,No
NRK1,YNL129W,No
YNL134C,YNL134C,No
YNL140C,YNL140C,No
YNL143C,YNL143C,No
YNL146W,YNL146W,No
CUZ1,YNL155W,No
IGO1,YNL157W,No
YNL165W,YNL165W,No
TDA7,YNL176C,No
SWT21,YNL187W,No
DUG3,YNL191W,No
YNL194C,YNL194C,No
NNR1,YNL200C,No
YNL203C,YNL203C,No
MRX7,YNL211C,No
YNL228W,YNL228W,No
YNL235C,YNL235C,No
RTC4,YNL254C,No
BOR1,YNL275W,No
MRX6,YNL295W,No
SKP2,YNL311C,No
YNL319W,YNL319W,No
VNX1,YNL321W,No
PFA3,YNL326C,No
YNL338W,YNL338W,No
RCF2,YNR018W,No
YNR025C,YNR025C,No
YNR042W,YNR042W,No
FPK1,YNR047W,No
YNR061C,YNR061C,No
PUL4,YNR063W,No
YNR066C,YNR066C,No
MAN2,YNR073C,No
COQ10,YOL008W,No
YOL014W,YOL014W,No
OPI10,YOL032W,No
YOL035C,YOL035C,No
YOL037C,YOL037C,No
YOL046C,YOL046C,No
LDS2,YOL047C,No
RRT8,YOL048C,No
YOL050C,YOL050C,No
AIM39,YOL053W,No
YOL057W,YOL057W,No
NBA1,YOL070C,No
YOL075C,YOL075C,No
YOL079W,YOL079W,No
ATG34,YOL083W,No
YOL085C,YOL085C,No
YOL099C,YOL099C,No
YOL106W,YOL106W,No
MDY2,YOL111C,No
TRM11,YOL124C,No
YOL131W,YOL131W,No
RTC1,YOL138C,No
YOL150C,YOL150C,No
YOL162W,YOL162W,No
IRC11,YOR013W,No
YOR019W,YOR019W,No
DDL1,YOR022C,No
MSA1,YOR066W,No
NRT1,YOR071C,No
YOR082C,YOR082C,No
LPX1,YOR084W,No
CMR2,YOR093C,No
YOR105W,YOR105W,No
YOR111W,YOR111W,No
DPI34,YOR114W,No
YOR121C,YOR121C,No
YOR131C,YOR131C,No
YOR139C,YOR139C,No
SLP1,YOR154W,No
PNS1,YOR161C,No
ALE1,YOR175C,No
YOR186W,YOR186W,No
YOR199W,YOR199W,No
AIM41,YOR215C,No
RCN2,YOR220W,No
DSC3,YOR223W,No
HER1,YOR227W,No
IRC13,YOR235W,No
TMA16,YOR252W,No
YOR263C,YOR263C,No
YOR268C,YOR268C,No
FSF1,YOR271C,No
YOR277C,YOR277C,No
YOR283W,YOR283W,No
RDL1,YOR285W,No
YOR289W,YOR289W,No
YPK9,YOR291W,No
YOR292C,YOR292C,No
YOR296W,YOR296W,No
YOR300W,YOR300W,No
BIL1,YOR304C-A,No
YOR318C,YOR318C,No
LDB19,YOR322C,No
YOR325W,YOR325W,No
YOR345C,YOR345C,No
YOR364W,YOR364W,No
AMF1,YOR378W,No
RQC2,YPL009C,No
IRC15,YPL017C,No
TRM44,YPL030W,No
YPL034W,YPL034W,No
YPL039W,YPL039W,No
OAZ1,YPL052W,No
LCL1,YPL056C,No
YPL062W,YPL062W,No
HTC1,YPL067C,No
YPL077C,YPL077C,No
YPL088W,YPL088W,No
YPL108W,YPL108W,No
GDE1,YPL110C,No
YPL114W,YPL114W,No
YPL136W,YPL136W,No
MRX4,YPL168W,No
YPL182C,YPL182C,No
YPL185W,YPL185W,No
YPL191C,YPL191C,No
YPL199C,YPL199C,No
YIG1,YPL201C,No
RKM1,YPL208W,No
YPL229W,YPL229W,No
ENV7,YPL236C,No
YPL245W,YPL245W,No
YPL247C,YPL247C,No
YPL257W,YPL257W,No
CUB1,YPL260W,No
YPL261C,YPL261C,No
ACM1,YPL267W,No
PBI1,YPL272C,No
AIM45,YPR004C,No
CMR3,YPR013C,No
YPR014C,YPR014C,No
YPR015C,YPR015C,No
SDD4,YPR022C,No
YPR027C,YPR027C,No
IRC16,YPR038W,No
THP3,YPR045C,No
YPR050C,YPR050C,No
YPR064W,YPR064W,No
YPR076W,YPR076W,No
YPR078C,YPR078C,No
YPR084W,YPR084W,No
ASR1,YPR093C,No
YPR096C,YPR096C,No
YPR099C,YPR099C,No
YPR114W,YPR114W,No
RRG8,YPR116W,No
YPR123C,YPR123C,No
YPR126C,YPR126C,No
YPR146C,YPR146C,No
YPR148C,YPR148C,No
URN1,YPR152C,No
TDA6,YPR157W,No
YPR174C,YPR174C,No
YPR195C,YPR195C,No
YPR197C,YPR197C,No
YAL066W,YAL066W,No
YAR023C,YAR023C,No
YAR028W,YAR028W,No
YAR030C,YAR030C,No
YAR047C,YAR047C,No
ALK2,YBL009W,No
YBL012C,YBL012C,No
YBL029W,YBL029W,No
YGL149W,YGL149W,No
ARI1,YGL157W,No
RAD23,YEL037C,No
CYC7,YEL039C,No
GLY1,YEL046C,No
RML2,YEL050C,No
AFG1,YEL052W,No
RPL12A,YEL054C,No
HAT2,YEL056W,No
PRB1,YEL060C,No
SIT1,YEL065W,No
DLD3,YEL071W,No
TIR1,YER011W,No
BIM1,YER016W,No
GPA2,YER020W,No
FIR1,YER032W,No
EDC2,YER035W,No
GLN3,YER040W,No
SAP1,YER047C,No
GIP2,YER054C,No
HIS1,YER055C,No
FCY2,YER056C,No
RPL34A,YER056C-A,No
HMF1,YER057C,No
PET117,YER058W,No
FCY21,YER060W,No
GPP2,YER062C,No
THO1,YER063W,No
ICL1,YER065C,No
MOT2,YER068W,No
RNR1,YER070W,No
ALD5,YER073W,No
RPS24A,YER074W,No
PTP3,YER075C,No
SER3,YER081W,No
SBH1,YER087C-B,No
SHC1,YER096W,No
AST2,YER101C,No
KAP123,YER110C,No
SPR6,YER115C,No
SHO1,YER118C,No
GLO3,YER122C,No
SAK1,YER129W,No
PMD1,YER132C,No
DDI1,YER143W,No
SPI1,YER150W,No
PET122,YER153C,No
BEM2,YER155C,No
RAD4,YER162C,No
RPH1,YER169W,No
RAD24,YER173W,No
PDA1,YER178W,No
ISC10,YER180C,No
HSP12,YFL014W,No
LPD1,YFL018C,No
BST1,YFL025C,No
CAF16,YFL028C,No
RPL22B,YFL034C-A,No
ALR2,YFL050C,No
AGP3,YFL055W,No
GCN20,YFR009W,No
IOC3,YFR013W,No
GSY1,YFR015C,No
PES4,YFR023W,No
QCR6,YFR033C,No
CDC26,YFR036W,No
SAP155,YFR040W,No
CDH1,YGL003C,No
KAP122,YGL016W,No
ALK1,YGL021W,No
PIB2,YGL023C,No
CWH41,YGL027C,No
SCW11,YGL028C,No
CGR1,YGL029W,No
RPL24A,YGL031C,No
AGA2,YGL032C,No
HOP2,YGL033W,No
MIG1,YGL035C,No
PNC1,YGL037C,No
OCH1,YGL038C,No
DST1,YGL043W,No
TIF4632,YGL049C,No
ERV14,YGL054C,No
SDS23,YGL056C,No
RAD6,YGL058W,No
PYC1,YGL062W,No
RPB9,YGL070C,No
RPL7A,YGL076C,No
DBP3,YGL078C,No
MAD1,YGL086W,No
MF(ALPHA)2,YGL089C,No
VPS45,YGL095C,No
SOH1,YGL127C,No
ITC1,YGL133W,No
NUT1,YGL151W,No
RCK1,YGL158W,No
RAD54,YGL163C,No
PMR1,YGL167C,No
XRN1,YGL173C,No
ATG1,YGL180W,No
HOS2,YGL194C,No
MDS3,YGL197W,No
ARO8,YGL202W,No
POX1,YGL205W,No
MIG2,YGL209W,No
VAM7,YGL212W,No
CLG1,YGL215W,No
NIF3,YGL221C,No
VID30,YGL227W,No
MTO1,YGL236C,No
KAP114,YGL241W,No
RTF1,YGL244W,No
PDE1,YGL248W,No
HXK2,YGL253W,No
YPS5,YGL259W,No
ECT1,YGR007W,No
MSB2,YGR014W,No
VMA7,YGR020C,No
RPS25A,YGR027C,No
ACB1,YGR037C,No
KSS1,YGR040W,No
RME1,YGR044C,No
MUP1,YGR055W,No
RSC1,YGR056W,No
SPR3,YGR059W,No
COX18,YGR062C,No
SPT4,YGR063C,No
ROM1,YGR070W,No
MRPL25,YGR076C,No
PEX8,YGR077C,No
PAC10,YGR078C,No
TWF1,YGR080W,No
RPL11B,YGR085C,No
CTT1,YGR088W,No
DBF2,YGR092W,No
SRB5,YGR104C,No
CLB1,YGR108W,No
SHY1,YGR112W,No
MEP1,YGR121C,No
ASN2,YGR124W,No
PHB1,YGR132C,No
PRE9,YGR135W,No
SKN1,YGR143W,No
RSR1,YGR152C,No
CHO2,YGR157W,No
NSR1,YGR159C,No
TRS65,YGR166W,No
PSD2,YGR170W,No
RNR4,YGR180C,No
QCR9,YGR183C,No
HGH1,YGR187C,No
CRH1,YGR189C,No
TDH3,YGR192C,No
XKS1,YGR194C,No
SNG1,YGR197C,No
ELP2,YGR200C,No
RPS0A,YGR214W,No
CCH1,YGR217W,No
MRPL9,YGR220C,No
AZR1,YGR224W,No
DIE2,YGR227W,No
BNS1,YGR230W,No
NAS6,YGR232W,No
KEL2,YGR238C,No
PFK1,YGR240C,No
LSC2,YGR244C,No
MGA1,YGR249W,No
GND2,YGR256W,No
APL6,YGR261C,No
YOR1,YGR281W,No
ERV29,YGR284C,No
BIO2,YGR286C,No
STE20,YHL007C,No
PRS3,YHL011C,No
APM2,YHL019C,No
SPO11,YHL022C,No
ECM29,YHL030W,No
GUT1,YHL032C,No
CBP2,YHL038C,No
ECM34,YHL043W,No
ARN2,YHL047C,No
QCR10,YHR001W-A,No
NEM1,YHR004C,No
GPA1,YHR005C,No
SOD2,YHR008C,No
RPL27A,YHR010W,No
SAS2,YMR127C,No
GAT2,YMR136W,No
CIN4,YMR138W,No
RPL13B,YMR142C,No
IMP1,YMR150C,No
MSS11,YMR164C,No
MLH1,YMR167W,No
ALD3,YMR169C,No
HOT1,YMR172W,No
PAI3,YMR174C,No
SIP18,YMR175W,No
ECM5,YMR176W,No
MMT1,YMR177W,No
SPT21,YMR179W,No
CTL1,YMR180C,No
RGM1,YMR182C,No
SSO2,YMR183C,No
HSC82,YMR186W,No
GCV2,YMR189W,No
SGS1,YMR190C,No
MRPL24,YMR193W,No
RPL36A,YMR194W,No
ICY1,YMR195W,No
CIK1,YMR198W,No
CLN1,YMR199W,No
RAD14,YMR201C,No
HFA1,YMR207C,No
UBP8,YMR223W,No
MRPL44,YMR225C,No
MTF1,YMR228W,No
RPS10B,YMR230W,No
FUS2,YMR232W,No
RPL20A,YMR242C,No
GAD1,YMR250W,No
GFD1,YMR255W,No
PET111,YMR257C,No
TPS3,YMR261C,No
PPA2,YMR267W,No
SCS7,YMR272C,No
DSK2,YMR276W,No
RIT1,YMR283C,No
MRPL33,YMR286W,No
JNM1,YMR294W,No
PRC1,YMR297W,No
ADH2,YMR303C,No
SCW10,YMR305C,No
GLC8,YMR311C,No
DIA1,YMR316W,No
DOM34,YNL001W,No
PET8,YNL003C,No
MRP7,YNL005C,No
SPO1,YNL012W,No
PUB1,YNL016W,No
FAP1,YNL023C,No
HHF2,YNL030W,No
YIP3,YNL044W,No
COX5A,YNL052W,No
YDJ1,YNL064C,No
FKH2,YNL068C,No
RNH201,YNL072W,No
MLF3,YNL074C,No
MKS1,YNL076W,No
PMS1,YNL082W,No
MKT1,YNL085W,No
RHO2,YNL090W,No
PHO23,YNL097C,No
LEU4,YNL104C,No
YAF9,YNL107W,No
ESBP6,YNL125C,No
TEP1,YNL128W,No
CPT1,YNL130C,No
SRV2,YNL138W,No
THO2,YNL139C,No
AAH1,YNL141W,No
MEP2,YNL142W,No
MFA2,YNL145W,No
ALF1,YNL148C,No
GIM3,YNL153C,No
YCK2,YNL154C,No
YGP1,YNL160W,No
BNI5,YNL166C,No
SKO1,YNL167C,No
PSD1,YNL169C,No
NOP13,YNL175C,No
RHO5,YNL180C,No
MRPL19,YNL185C,No
GCR2,YNL199C,No
VID27,YNL212W,No
ATG4,YNL223W,No
BNI4,YNL233W,No
YTP1,YNL237W,No
ATG2,YNL242W,No
MPA43,YNL249C,No
GIS2,YNL255C,No
ALP1,YNL270C,No
MET2,YNL277W,No
ERG24,YNL280C,No
CUS2,YNL286W,No
PCL1,YNL289W,No
MID1,YNL291C,No
MON2,YNL297C,No
RPS19B,YNL302C,No
STB1,YNL309W,No
HXT14,YNL318C,No
FIG4,YNL325C,No
AAD14,YNL331C,No
SNZ2,YNL333W,No
CIT1,YNR001C,No
SMM1,YNR015W,No
ALG12,YNR030W,No
HUB1,YNR032C-A,No
ABZ1,YNR033W,No
PET494,YNR045W,No
HOL1,YNR055C,No
BIO4,YNR057C,No
MNT4,YNR059W,No
HXT17,YNR072W,No
COS10,YNR075W,No
PHO80,YOL001W,No
MDM12,YOL009C,No
PLB3,YOL011W,No
HRD1,YOL013C,No
CMK2,YOL016C,No
TAT2,YOL020W,No
IFM1,YOL023W,No
LAG2,YOL025W,No
YAP7,YOL028C,No
MSE1,YOL033W,No
RPP2A,YOL039W,No
GAL11,YOL051W,No
THI20,YOL055C,No
PRS5,YOL061W,No
HST1,YOL068C,No
MDM20,YOL076W,No
MPD2,YOL088C,No
MSH2,YOL090W,No
HMI1,YOL095C,No
NDJ1,YOL104C,No
SHR5,YOL110W,No
SKM1,YOL113W,No
MSN1,YOL116W,No
RPS19A,YOL121C,No
MDH2,YOL126C,No
RIB4,YOL143C,No
PEX11,YOL147C,No
GRE2,YOL151W,No
ENB1,YOL158C,No
ALG6,YOR002W,No
SGT2,YOR007C,No
RTS1,YOR014W,No
PET127,YOR017W,No
HST3,YOR025W,No
STI1,YOR027W,No
HMS1,YOR032C,No
SHE4,YOR035C,No
CYC2,YOR037W,No
CKB2,YOR039W,No
WHI2,YOR043W,No
ASE1,YOR058C,No
CYT1,YOR065W,No
ATX2,YOR079C,No
OST3,YOR085W,No
PTC5,YOR090C,No
ARF3,YOR094W,No
RPS7A,YOR096W,No
KTR1,YOR099W,No
RAS1,YOR101W,No
RGS2,YOR107W,No
GCY1,YOR120W,No
FUR4,YBR021W,No
YGL230C,YGL230C,No
PAU11,YGL261C,No
EFM5,YGR001C,No
MCY1,YGR012W,No
YGR016W,YGR016W,No
YGR018C,YGR018C,No
YGR022C,YGR022C,No
YGR025W,YGR025W,No
YGR026W,YGR026W,No
YGR039W,YGR039W,No
NQM1,YGR043C,No
YGR051C,YGR051C,No
MCO32,YGR053C,No
YGR066C,YGR066C,No
ART5,YGR068C,No
YGR069W,YGR069W,No
DRN1,YGR093W,No
YGR107W,YGR107W,No
YGR111W,YGR111W,No
YGR117C,YGR117C,No
YGR125W,YGR125W,No
YGR127W,YGR127W,No
YGR130C,YGR130C,No
YGR137W,YGR137W,No
YGR139W,YGR139W,No
GPC1,YGR149W,No
CCM1,YGR150C,No
YGR176W,YGR176W,No
YCH1,YGR203W,No
YGR210C,YGR210C,No
MIC26,YGR235C,No
YHL045W,YHL045W,No
TCD1,YHR003C,No
YHR033W,YHR033W,No
NEL1,YHR035W,No
YHR078W,YHR078W,No
YHR095W,YHR095W,No
GEP4,YHR100C,No
APE4,YHR113W,No
COX23,YHR116W,No
YHR131C,YHR131C,No
YHR139C-A,YHR139C-A,No
TDA11,YHR159W,No
YHR180W,YHR180W,No
YHR202W,YHR202W,No
YHR210C,YHR210C,No
YIA6,YIL006W,No
YIL012W,YIL012W,No
YIL024C,YIL024C,No
EMA17,YIL029C,No
PKP1,YIL042C,No
YIL055C,YIL055C,No
YIL058W,YIL058W,No
YIL059C,YIL059C,No
EFM4,YIL064W,No
YIL086C,YIL086C,No
YIL092W,YIL092W,No
BMT5,YIL096C,No
YIL100W,YIL100W,No
DPH1,YIL103W,No
HPM1,YIL110W,No
NRE1,YIR035C,No
YIR042C,YIR042C,No
YJL007C,YJL007C,No
TPH3,YJL016W,No
YJL022W,YJL022W,No
YJL028W,YJL028W,No
IRC18,YJL037W,No
YJL043W,YJL043W,No
AIM22,YJL046W,No
CHM7,YJL049W,No
LOG1,YJL055W,No
YJL064W,YJL064W,No
YJL068C,YJL068C,No
YJL070C,YJL070C,No
ALY2,YJL084C,No
YJL118W,YJL118W,No
YJL120W,YJL120W,No
MTC1,YJL123C,No
YJL132W,YJL132W,No
IRC9,YJL142C,No
DAS1,YJL149W,No
YJL152W,YJL152W,No
YJL163C,YJL163C,No
TOH1,YJL171C,No
YJL182C,YJL182C,No
ATG36,YJL185C,No
YJL213W,YJL213W,No
IMA5,YJL216C,No
YJL218W,YJL218W,No
MRX12,YJR003C,No
YJR011C,YJR011C,No
TMA22,YJR014W,No
YJR018W,YJR018W,No
YJR026W,YJR026W,No
YJR037W,YJR037W,No
YJR056C,YJR056C,No
EMC2,YJR088C,No
AIM25,YJR100C,No
SKA1,YKL023W,No
YKL030W,YKL030W,No
MMO1,YKL044W,No
ANR2,YKL047W,No
TMA19,YKL056C,No
BLI1,YKL061W,No
YKL066W,YKL066W,No
YKL070W,YKL070W,No
YKL075C,YKL075C,No
YKL097C,YKL097C,No
YKL102C,YKL102C,No
YKL107W,YKL107W,No
YKL115C,YKL115C,No
DGR2,YKL121W,No
YKL131W,YKL131W,No
NNR2,YKL151C,No
YKL162C,YKL162C,No
YKL169C,YKL169C,No
TPO5,YKL174C,No
FAT3,YKL187C,No
ADD66,YKL206C,No
YKR012C,YKR012C,No
YKR015C,YKR015C,No
HEL1,YKR017C,No
YKR033C,YKR033C,No
YKR041W,YKR041W,No
YKR045C,YKR045C,No
YKR047W,YKR047W,No
HFL1,YKR051W,No
OAF3,YKR064W,No
AIM29,YKR074W,No
OMA1,YKR087C,No
ESL2,YKR096W,No
VBA5,YKR105C,No
YLL059C,YLL059C,No
THI73,YLR004C,No
PML1,YLR016C,No
IRC25,YLR021W,No
IZH3,YLR023C,No
YLR031W,YLR031W,No
YLR036C,YLR036C,No
AFB1,YLR040C,No
YLR042C,YLR042C,No
FRE8,YLR047C,No
EMA19,YLR050C,No
YLR053C,YLR053C,No
MNL2,YLR057W,No
BMT6,YLR063W,No
RFU1,YLR073C,No
GEP5,YLR091W,No
YLR112W,YLR112W,No
YLR122C,YLR122C,No
YLR124W,YLR124W,No
RKM5,YLR137W,No
YLR152C,YLR152C,No
SHH4,YLR164W,No
UPS2,YLR168C,No
YLR184W,YLR184W,No
SKG3,YLR187W,No
NCW2,YLR194C,No
PBA1,YLR199C,No
YLR202C,YLR202C,No
YLR217W,YLR217W,No
YLR225C,YLR225C,No
CSC1,YLR241W,No
IRC20,YLR247C,No
NDL1,YLR254C,No
YLR257W,YLR257W,No
TMA7,YLR262C-A,No
CMG1,YLR271W,No
YLR279W,YLR279W,No
RSO55,YLR281C,No
YLR283W,YLR283W,No
YLR345W,YLR345W,No
YLR349W,YLR349W,No
LUG1,YLR352W,No
YLR358C,YLR358C,No
GRX8,YLR364W,No
YLR365W,YLR365W,No
ART10,YLR392C,No
SEI1,YLR404W,No
YLR407W,YLR407W,No
PUN1,YLR414C,No
YLR416C,YLR416C,No
RPL7B,YPL198W,No
ATG14,YBR128C,No
SHE3,YBR130C,No
YPR077C,YPR077C,No
SCO2,YBR024W,No
HMT1,YBR034C,No
SCO1,YBR037C,No
ATP3,YBR039W,No
FAT1,YBR041W,No
GIP1,YBR045C,No
RPS11B,YBR048W,No
TEC1,YBR083W,No
MIS1,YBR084W,No
IST2,YBR086C,No
PHO3,YBR092C,No
VPS15,YBR097W,No
VID24,YBR105C,No
IML3,YBR107C,No
CYC8,YBR112C,No
LYS2,YBR115C,No
TEF2,YBR118W,No
MRPL36,YBR122C,No
PTC4,YBR125C,No
TPS1,YBR126C,No
ADH5,YBR145W,No
YSW1,YBR148W,No
TBS1,YBR150C,No
APD1,YBR151W,No
ICS2,YBR157C,No
UBS1,YBR165W,No
NPL4,YBR170C,No
SEC66,YBR171W,No
UMP1,YBR173C,No
EHT1,YBR177C,No
SMP1,YBR182C,No
MBA1,YBR185C,No
NTC20,YBR188C,No
RPL21A,YBR191W,No
BEM1,YBR200W,No
FTH1,YBR207W,No
MET8,YBR213W,No
PYC2,YBR218C,No
PCS60,YBR222C,No
ROT2,YBR229C,No
ISW1,YBR245C,No
HIS7,YBR248C,No
MRPS5,YBR251W,No
SHM1,YBR263W,No
HSM3,YBR272C,No
RIF1,YBR275C,No
DPB3,YBR278W,No
KCC4,YCL024W,No
FRM2,YCL026C-A,No
RNQ1,YCL028W,No
HIS4,YCL030C,No
GRX1,YCL035C,No
GLK1,YCL040W,No
APA1,YCL050C,No
KAR4,YCL055W,No
CDC10,YCR002C,No
YCP4,YCR004C,No
ADP1,YCR011C,No
MAK32,YCR019W,No
MAK31,YCR020C-A,No
HSP30,YCR021C,No
RHB1,YCR027C,No
RIM1,YCR028C-A,No
BPH1,YCR032W,No
PHO87,YCR037C,No
IMG1,YCR046C,No
RAD18,YCR066W,No
CPR4,YCR069W,No
SSK22,YCR073C,No
ERS1,YCR075C,No
SRB8,YCR081W,No
TUP1,YCR084C,No
FIG2,YCR089W,No
KIN82,YCR091W,No
MED2,YDL005C,No
SLX5,YDL013W,No
RPN4,YDL020C,No
DIA3,YDL024C,No
GPR1,YDL035C,No
SIR2,YDL042C,No
MTF2,YDL044C,No
MRP10,YDL045W-A,No
STP4,YDL048C,No
LHP1,YDL051W,No
RAD59,YDL059C,No
RPS29B,YDL061C,No
PEX19,YDL065C,No
COX9,YDL067C,No
BDF2,YDL070W,No
VAM6,YDL077C,No
MRK1,YDL079C,No
RPP1A,YDL081C,No
RPS16B,YDL083C,No
RAM1,YDL090C,No
PMT1,YDL095W,No
QRI7,YDL104C,No
MSS2,YDL107W,No
MSH5,YDL154W,No
CLB3,YDL155W,No
DHH1,YDL160C,No
NRP1,YDL167C,No
UGX2,YDL169C,No
GLT1,YDL171C,No
DLD2,YDL178W,No
INH1,YDL181W,No
RPL41A,YDL184C,No
VMA1,YDL185W,No
UFD2,YDL190C,No
ARF1,YDL192W,No
GGC1,YDL198C,No
MRPL11,YDL202W,No
GDH2,YDL215C,No
WHI4,YDL224C,No
SSB1,YDL229W,No
BRE4,YDL231C,No
GYP7,YDL234C,No
AAD4,YDL243C,No
GCV1,YDR019C,No
ATG31,YDR022C,No
RPS11A,YDR025W,No
REG1,YDR028C,No
PST2,YDR032C,No
PST1,YDR055W,No
UBC5,YDR059C,No
DOA4,YDR069C,No
SNF11,YDR073W,No
PPH3,YDR075W,No
PET100,YDR079W,No
AFR1,YDR085C,No
GIS1,YDR096W,No
STE5,YDR103W,No
DPB4,YDR121W,No
ARO1,YDR127W,No
FIN1,YDR130C,No
RGP1,YDR137W,No
STB3,YDR169C,No
HSP42,YDR171W,No
ARG82,YDR173C,No
NGG1,YDR176W,No
SDH4,YDR178W,No
ATC1,YDR184C,No
HST4,YDR191W,No
MSS116,YDR194C,No
CBS2,YDR197W,No
EBS1,YDR206W,No
UPC2,YDR213W,No
RAD9,YDR217C,No
ADK1,YDR226W,No
MRPL7,YDR237W,No
AMD2,YDR242W,No
PEX5,YDR244W,No
BTT1,YDR252W,No
CHL4,YDR254W,No
RKM4,YDR257C,No
YAP6,YDR259C,No
EXG2,YDR261C,No
AKR1,YDR264C,No
PEX10,YDR265W,No
ZIP1,YDR285W,No
DPL1,YDR294C,No
MHR1,YDR296W,No
ATP5,YDR298C,No
CPR5,YDR304C,No
SUM1,YDR310C,No
SSF2,YDR312W,No
IPK1,YDR315C,No
ASP1,YDR321W,No
PEP7,YDR323C,No
PEX3,YDR329C,No
MRPS28,YDR337W,No
MRP1,YDR347W,No
ATP22,YDR350C,No
EAF1,YDR359C,No
ESC2,YDR363W,No
CDC40,YDR364C,No
YPR1,YDR368W,No
ILV6,YCL009C,No
ZUO1,YGR285C,No
MAL13,YGR288W,No
SNL1,YIL016W,No
YBL036C,YBL036C,No
LAG1,YHL003C,No
YLF2,YHL014C,No
DUR3,YHL016C,No
OPI1,YHL020C,No
SNF6,YHL025W,No
WSC4,YHL028W,No
GOS1,YHL031C,No
RPL8A,YHL033C,No
MUP3,YHL036W,No
DAP2,YHR028C,No
RRM3,YHR031C,No
RRF1,YHR038W,No
DOG2,YHR043C,No
COX6,YHR051W,No
GIC1,YHR061C,No
SSZ1,YHR064C,No
SSF1,YHR066W,No
PPE1,YHR075C,No
NAM8,YHR086W,No
HXT4,YHR092C,No
HXT1,YHR094C,No
GRE3,YHR104W,No
BZZ1,YHR114W,No
TOM71,YHR117W,No
MSH1,YHR120W,No
NDT80,YHR124W,No
ARO9,YHR137W,No
MRPL6,YHR147C,No
SPO12,YHR152W,No
RTT107,YHR154W,No
REC104,YHR157W,No
PEX18,YHR160C,No
SOL3,YHR163W,No
ATG7,YHR171W,No
GND1,YHR183W,No
PFS1,YHR185C,No
CTF8,YHR191C,No
NVJ1,YHR195W,No
RPN10,YHR200W,No
SKN7,YHR206W,No
EST3,YIL009C-A,No
DOT5,YIL010W,No
MNT3,YIL014W,No
RPL2B,YIL018W,No
SSM4,YIL030C,No
BCY1,YIL033C,No
CKA1,YIL035C,No
NOT3,YIL038C,No
PCL7,YIL050W,No
GPP1,YIL053W,No
MAM33,YIL070C,No
SPO22,YIL073C,No
REV7,YIL139C,No
MLP2,YIL149C,No
UBP7,YIL156W,No
NIT1,YIL164C,No
YIL171W,YIL171W,No
VTH1,YIL173W,No
MPH1,YIR002C,No
MSL1,YIR009W,No
GAT4,YIR013C,No
YAP5,YIR018W,No
YVH1,YIR026C,No
DAL4,YIR028W,No
DCG1,YIR030C,No
DAL3,YIR032C,No
HYR1,YIR037W,No
YPS6,YIR039C,No
MAD2,YJL030W,No
GYP6,YJL044C,No
PEP8,YJL053W,No
ZAP1,YJL056C,No
YHC3,YJL059W,No
LAS21,YJL062W,No
PRY3,YJL078C,No
IML2,YJL082W,No
SIP4,YJL089W,No
SRS2,YJL092W,No
SAP185,YJL098W,No
MEF2,YJL102W,No
GZF3,YJL110C,No
MDV1,YJL112W,No
NCA3,YJL116C,No
RPE1,YJL121C,No
SPT10,YJL127C,No
MRS3,YJL133W,No
GLG2,YJL137C,No
YUR1,YJL139C,No
YAK1,YJL141C,No
IDS2,YJL146W,No
INO1,YJL153C,No
RPS22A,YJL190C,No
UBP12,YJL197W,No
CBP1,YJL209W,No
PEX2,YJL210W,No
HXT8,YJL214W,No
SAG1,YJR004C,No
TDH2,YJR009C,No
REC107,YJR021C,No
BNA1,YJR025C,No
CPR7,YJR032W,No
RAV1,YJR033C,No
HUL4,YJR036C,No
ANB1,YJR047C,No
UTR1,YJR049C,No
OSM1,YJR051W,No
BFA1,YJR053W,No
RPA12,YJR063W,No
HAM1,YJR069C,No
MOG1,YJR074W,No
GRR1,YJR090C,No
BUD4,YJR092W,No
YUH1,YJR099W,No
SOD1,YJR104C,No
ABM1,YJR108W,No
ILM1,YJR118C,No
IBA57,YJR122W,No
ENT3,YJR125C,No
STR2,YJR130C,No
XPT1,YJR133W,No
SGM1,YJR134C,No
RPS4A,YJR145C,No
BAT2,YJR148W,No
DAL5,YJR152W,No
MET14,YKL001C,No
RPL14A,YKL006W,No
LAC1,YKL008C,No
MRT4,YKL009W,No
CCE1,YKL011C,No
ATP7,YKL016C,No
GPX1,YKL026C,No
MAE1,YKL029C,No
RGT1,YKL038W,No
NFU1,YKL040C,No
OAR1,YKL055C,No
CWP1,YKL096W,No
KTI12,YKL110C,No
RAD27,YKL113C,No
APN1,YKL114C,No
VPH2,YKL119C,No
PGM1,YKL127W,No
MYO3,YKL129C,No
CTK1,YKL139W,No
MRP8,YKL142W,No
SDH1,YKL148C,No
MCR1,YKL150W,No
APE2,YKL157W,No
PIR3,YKL163W,No
MRP49,YKL167C,No
MRPL38,YKL170W,No
LST4,YKL176C,No
ASH1,YKL185W,No
PXA2,YKL188C,No
MST1,YKL194C,No
PTK1,YKL198C,No
MNN4,YKL201C,No
EAP1,YKL204W,No
CBT1,YKL208W,No
URA1,YKL216W,No
VPS1,YKR001C,No
FOX2,YKR009C,No
PRY2,YKR013W,No
SAP190,YKR028W,No
DAL80,YKR034W,No
UTH1,YKR042W,No
NAP1,YKR048C,No
MRS4,YKR052C,No
DYN1,YKR054C,No
TRM2,YKR056W,No
GLG1,YKR058W,No
PUS1,YPL212C,No
PSY4,YBL046W,No
RRT1,YBL048W,No
TOD6,YBL054W,No
YEL1,YBL060W,No
YBL071C,YBL071C,No
YBL094C,YBL094C,No
HEH2,YDR458C,No
CBP3,YPL215W,No
PCL8,YPL219W,No
FLC1,YPL221W,No
MMT2,YPL224C,No
SSO1,YPL232W,No
YAR1,YPL239W,No
CIN2,YPL241C,No
HUT1,YPL244C,No
ATG41,YPL250C,No
VIK1,YPL253C,No
THI21,YPL258C,No
ATP20,YPR020W,No
YME1,YPR024W,No
ATH1,YPR026W,No
APL4,YPR029C,No
VMA13,YPR036W,No
PUF2,YPR042C,No
MCM16,YPR046W,No
MAK3,YPR051W,No
SMK1,YPR054W,No
YMC1,YPR058W,No
FCY1,YPR062W,No
UBA3,YPR066W,No
HOS1,YPR068C,No
MED1,YPR070W,No
LTP1,YPR073C,No
OPY2,YPR075C,No
SYT1,YPR095C,No
CLB2,YPR119W,No
THI22,YPR121W,No
CTR1,YPR124W,No
NAT3,YPR131C,No
RPS23B,YPR132W,No
CTF4,YPR135W,No
MEP3,YPR138C,No
ASN1,YPR145W,No
NCA2,YPR155C,No
GPH1,YPR160W,No
MMS1,YPR164W,No
MRP2,YPR166C,No
HDA3,YPR179C,No
ATG13,YPR185W,No
SKI3,YPR189W,No
QCR2,YPR191W,No
HPA2,YPR193C,No
SGE1,YPR198W,No
ARR2,YPR200C,No
MSC2,YDR205W,No
OPT2,YPR194C,No
PRM7,YDL039C,No
CAF120,YNL278W,No
TOS2,YGR221C,No
ADY2,YCR010C,No
MNL1,YHR204W,No
WSS1,YHR134W,No
PRM8,YGL053W,No
RSM23,YGL129C,No
UFO1,YML088W,No
RSM18,YER050C,No
RSM25,YIL093C,No
PNP1,YLR209C,No
SPG1,YGR236C,No
ODC2,YOR222W,No
OSH3,YHR073W,No
GPB1,YOR371C,No
RRP8,YDR083W,No
AUS1,YOR011W,No
IMD3,YLR432W,No
RSM19,YNR037C,No
RSM7,YJR113C,No
PRM2,YIL037C,No
PRM3,YPL192C,No
SDT1,YGL224C,No
GPB2,YAL056W,No
THP2,YHR167W,No
PRM5,YIL117C,No
DID4,YKL002W,No
THP1,YOL072W,No
RSM24,YDR175C,No
RSM22,YKL155C,No
PRM6,YML047C,No
SWA2,YDR320C,No
TOS8,YGL096W,No
PRM10,YJL108C,No
PHM7,YOL084W,No
SHU1,YHL006C,No
IMD4,YML056C,No
ATG15,YCR068W,No
ATG22,YCL038C,No
OSH2,YDL019C,No
PRM9,YAR031W,No
CAF130,YGR134W,No
TOS4,YLR183C,No
TOS1,YBR162C,No
PHM8,YER037W,No
FAU1,YER183C,No
RSM27,YGR215W,No
TPP1,YMR156C,No
PRR1,YKL116C,No
IES3,YLR052W,No
IES2,YNL215W,No
YIH1,YCR059C,No
PRR2,YDL214C,No
SWF1,YDR126W,No
SLX8,YER116C,No
SLX4,YLR135W,No
SDH7,YDR511W,No
SLX1,YBR228W,No
VPS60,YDR486C,No
EDE1,YBL047C,No
FPR1,YNL135C,No
DGK1,YOR311C,No
NGL2,YMR285C,No
NGL3,YML118W,No
ARO80,YDR421W,No
ARO10,YDR380W,No
MSC3,YLR219W,No
MSC7,YHR039C,No
MSC1,YML128C,No
ERG28,YER044C,No
BUD21,YOR078W,No
BUD16,YEL029C,No
BUD17,YNR027W,No
BUD20,YLR074C,No
BUD23,YCR047C,No
BUD26,YDR241W,No
BUD14,YAR014C,No
BUD19,YJL188C,No
BUD13,YGL174W,No
BUD22,YMR014W,No
BUD28,YLR062C,No
BUD32,YGR262C,No
BUD31,YCR063W,No
RRI1,YDL216C,No
ATG11,YPR049C,No
KHA1,YJL094C,No
UGO1,YDR470C,No
CCW12,YLR110C,No
YEN1,YER041W,No
CRP1,YHR146W,No
DUS1,YML080W,No
AQR1,YNL065W,No
MAM1,YER106W,No
RSN1,YMR266W,No
PCI8,YIL071C,No
PAN6,YIL145C,No
FYV4,YHR059W,No
FYV6,YNL133C,No
FYV10,YIL097W,No
FYV7,YLR068W,No
EMC5,YIL027C,No
FYV1,YDR024W,No
FYV8,YGR196C,No
FYV12,YOR183W,No
FYV5,YCL058C,No
MPM1,YJL066C,No
ATG18,YFR021W,No
CSM1,YCR086W,No
SPO73,YER046W,No
SPO77,YLR341W,No
SMA1,YPL027W,No
CSM3,YMR048W,No
ADY4,YLR227C,No
CSM4,YPL200W,No
SPO74,YGL170C,No
CSM2,YIL132C,No
SPO75,YLL005C,No
ADY3,YDL239C,No
MND2,YIR025W,No
SMA2,YML066C,No
MRS1,YIR021W,No
TIP41,YPR040W,No
OSH6,YKR003W,No
SIZ1,YDR409W,No
SKI7,YOR076C,No
ACA1,YER045C,No
ERV2,YPR037C,No
DNF2,YDR093W,No
DNF1,YER166W,No
PAU23,YLR037C,No
TMT1,YER175C,No
DNF3,YMR162C,No
PAU24,YBR301W,No
FIT2,YOR382W,No
FIT3,YOR383C,No
FIT1,YDR534C,No
MFM1,YPL060W,No
TIR3,YIL011W,No
TIR4,YOR009W,No
EPS1,YIL005W,No
PHO91,YNR013C,No
GBP2,YCL011C,No
BUD3,YCL014W,No
YBL096C,YBL096C,No
MIX23,YBL107C,No
DSF2,YBR007C,No
YBR013C,YBR013C,No
YBR016W,YBR016W,No
OLA1,YBR025C,No
YPK3,YBR028C,No
YBR032W,YBR032W,No
CST26,YBR042C,No
YBR051W,YBR051W,No
YBR053C,YBR053C,No
YBR063C,YBR063C,No
PFF1,YBR074W,No
SLM4,YBR077C,No
YBR090C,YBR090C,No
YBR099C,YBR099C,No
YBR116C,YBR116C,No
ATG42,YBR139W,No
YBR144C,YBR144C,No
IFA38,YBR159W,No
YBR174C,YBR174C,No
YBR178W,YBR178W,No
YBR184W,YBR184W,No
YBR197C,YBR197C,No
LDH1,YBR204C,No
YBR209W,YBR209W,No
YBR220C,YBR220C,No
YBR224W,YBR224W,No
YBR226C,YBR226C,No
OM14,YBR230C,No
YBR238C,YBR238C,No
YBR241C,YBR241C,No
RRT2,YBR246W,No
YCL002C,YCL002C,No
YCL022C,YCL022C,No
YCL042W,YCL042W,No
EMC1,YCL045C,No
YCL049C,YCL049C,No
PEX34,YCL056C,No
YCL074W,YCL074W,No
YCL075W,YCL075W,No
YCR001W,YCR001W,No
YCR016W,YCR016W,No
YCR022C,YCR022C,No
SLM5,YCR024C,No
RRT12,YCR045C,No
YCR050C,YCR050C,No
YCR061W,YCR061W,No
YCR064C,YCR064C,No
PTC6,YCR079W,No
YCR085W,YCR085W,No
YCR087C-A,YCR087C-A,No
YCR090C,YCR090C,No
OCA4,YCR095C,No
EMA35,YCR100C,No
YCR102C,YCR102C,No
YDL012C,YDL012C,No
YDL026W,YDL026W,No
MRX9,YDL027C,No
SLM3,YDL033C,No
PUS9,YDL036C,No
YDL050C,YDL050C,No
SYO1,YDL063C,No
YDL071C,YDL071C,No
YET3,YDL072C,No
NUR1,YDL089W,No
YDL094C,YDL094C,No
BUG1,YDL099W,No
YDL109C,YDL109C,No
HEM25,YDL119C,No
EXP1,YDL121C,No
YDL124W,YDL124W,No
YDL206W,YDL206W,No
YDL211C,YDL211C,No
YDL218W,YDL218W,No
MFG1,YDL233W,No
GUD1,YDL238C,No
YDL241W,YDL241W,No
RCR2,YDR003W,No
YDR010C,YDR010C,No
YDR018C,YDR018C,No
NSI1,YDR026C,No
MIX14,YDR031W,No
DET1,YDR051C,No
EMC10,YDR056C,No
AIM7,YDR063W,No
RTR2,YDR066C,No
VTC5,YDR089W,No
YDR095C,YDR095C,No
YDR109C,YDR109C,No
IRC2,YDR112W,No
MRX14,YDR115W,No
VBA4,YDR119W,No
YDR131C,YDR131C,No
YDR133C,YDR133C,No
YDR149C,YDR149C,No
NVJ3,YDR179W-A,No
SND1,YDR186C,No
YDR193W,YDR193W,No
RKM2,YDR198C,No
YDR210W,YDR210W,No
YDR215C,YDR215C,No
YDR220C,YDR220C,No
GTB1,YDR221W,No
CRF1,YDR223W,No
YDR230W,YDR230W,No
YDR239C,YDR239C,No
YDR249C,YDR249C,No
HEL2,YDR266C,No
YDR274C,YDR274C,No
YDR278C,YDR278C,No
MRX10,YDR282C,No
INM2,YDR287W,No
DXO1,YDR370C,No
PHO92,YDR374C,No
CIN10,YDR387C,No
YDR401W,YDR401W,No
DFM1,YDR411C,No
YDR426C,YDR426C,No
YDR431W,YDR431W,No
THI74,YDR438W,No
YDR445C,YDR445C,No
YDR455C,YDR455C,No
PFA5,YDR459C,No
YDR467C,YDR467C,No
YDR476C,YDR476C,No
YDR491C,YDR491C,No
YDR509W,YDR509W,No
YDR521W,YDR521W,No
YDR537C,YDR537C,No
IRC4,YDR540C,No
IRC22,YEL001C,No
YEL010W,YEL010W,No
NPP2,YEL016C,No
YEL023C,YEL023C,No
YEF1,YEL041W,No
FRD1,YEL047C,No
SDD1,YEL057C,No
YEL068C,YEL068C,No
TMA20,YER007C-A,No
YER034W,YER034W,No
YER039C-A,YER039C-A,No
PIC2,YER053C,No
TDA2,YER071C,No
ICP55,YER078C,No
VFA1,YER128W,No
YER134C,YER134C,No
YER137C,YER137C,No
EMP65,YER140W,No
YER152C,YER152C,No
YER158C,YER158C,No
GCG1,YER163C,No
YER186C,YER186C,No
YER188W,YER188W,No
YFL019C,YFL019C,No
YFL032W,YFL032W,No
MIL1,YFL034W,No
LAM5,YFL042C,No
OTU1,YFL044C,No
YFL051C,YFL051C,No
AQY3,YFL054C,No
YFR006W,YFR006W,No
DCV1,YFR012W,No
IGD1,YFR017C,No
YFR018C,YFR018C,No
ULI1,YFR026C,No
YFR035C,YFR035C,No
OSW7,YFR039C,No
DUG1,YFR044C,No
YFR054C,YFR054C,No
YFR056C,YFR056C,No
YGL034C,YGL034C,No
YGL041C,YGL041C,No
TYW3,YGL050W,No
PKP2,YGL059W,No
YGL072C,YGL072C,No
KXD1,YGL079W,No
YGL081W,YGL081W,No
LCL3,YGL085W,No
YGK1,YGL101W,No
YGL108C,YGL108C,No
YGL117W,YGL117W,No
YGL132W,YGL132W,No
SFB2,YNL049C,No
UBP2,YOR124C,No
IZH1,YDR492W,No
GMC1,YDR506C,No
AGP1,YCL025C,No
FUS1,YCL027W,No
BIK1,YCL029C,No
SRO9,YCL037C,No
LRE1,YCL051W,No
PRD1,YCL057W,No
CHA1,YCL064C,No
MRPL32,YCR003W,No
CIT2,YCR005C,No
RVS161,YCR009C,No
POL4,YCR014C,No
PET18,YCR020C,No
HTL1,YCR020W-B,No
PMP1,YCR024C-A,No
FEN2,YCR028C,No
RPS14A,YCR031C,No
RBK1,YCR036W,No
PER1,YCR044C,No
HCM1,YCR065W,No
SED4,YCR067C,No
IMG2,YCR071C,No
SOL2,YCR073W-A,No
PAT1,YCR077C,No
TRX3,YCR083W,No
ABP1,YCR088W,No
MSH3,YCR092C,No
NHP10,YDL002C,No
PTC1,YDL006W,No
GPM2,YDL021W,No
NAT1,YDL040C,No
SIT4,YDL047W,No
KNH1,YDL049C,No
SLC1,YDL052C,No
MBP1,YDL056W,No
IDP1,YDL066W,No
CBS1,YDL069C,No
RPL31A,YDL075W,No
THI3,YDL080C,No
RPL13A,YDL082W,No
ASM4,YDL088C,No
PMT5,YDL093W,No
NUP84,YDL116W,No
CYK3,YDL117W,No
UBP1,YDL122W,No
HNT1,YDL125C,No
VCX1,YDL128W,No
RPP1B,YDL130W,No
STF1,YDL130W-A,No
LYS21,YDL131W,No
RPL41B,YDL133C-A,No
RDI1,YDL135C,No
RPL35B,YDL136W,No
ARF2,YDL137W,No
RGT2,YDL138W,No
CRD1,YDL142C,No
ATG9,YDL149W,No
STE7,YDL159W,No
ENT1,YDL161W,No
SFA1,YDL168W,No
UGA3,YDL170W,No
DLD1,YDL174C,No
PCL9,YDL179W,No
LYS20,YDL182W,No
PPH22,YDL188C,No
RPL35A,YDL191W,No
SNF3,YDL194W,No
ASF2,YDL197C,No
MGT1,YDL200C,No
SHS1,YDL225W,No
HO,YDL227C,No
PTP1,YDL230W,No
OST4,YDL232W,No
LRG1,YDL240W,No
NTH1,YDR001C,No
RAD57,YDR004W,No
SOK1,YDR006C,No
SNQ2,YDR011W,No
KCS1,YDR017C,No
VPS54,YDR027C,No
RAD28,YDR030C,No
MRH1,YDR033W,No
NRG1,YDR043C,No
BAP3,YDR046C,No
TGL2,YDR058C,No
DOS2,YDR068W,No
IPT1,YDR072C,No
TPS2,YDR074W,No
RAD55,YDR076W,No
VPS41,YDR080W,No
UBC13,YDR092W,No
BMH2,YDR099W,No
SPO71,YDR104C,No
FOB1,YDR110W,No
TRM1,YDR120C,No
ECM18,YDR125C,No
SAC6,YDR129C,No
YCF1,YDR135C,No
HPR1,YDR138W,No
RUB1,YDR139C,No
PEX7,YDR142C,No
SAN1,YDR143C,No
MKC7,YDR144C,No
SWI5,YDR146C,No
EKI1,YDR147W,No
KGD2,YDR148C,No
NUM1,YDR150W,No
CTH1,YDR151C,No
CPR1,YDR155C,No
SAC3,YDR159W,No
HMO1,YDR174W,No
SAS4,YDR181C,No
PLP1,YDR183W,No
NUP42,YDR192C,No
REF2,YDR195W,No
COQ4,YDR204W,No
UME6,YDR207C,No
ADR1,YDR216W,No
SPR28,YDR218C,No
HTA1,YDR225W,No
SIR4,YDR227W,No
COX20,YDR231C,No
MNN10,YDR245W,No
PAM1,YDR251W,No
HSP78,YDR258C,No
SWM1,YDR260C,No
DIN7,YDR263C,No
MSW1,YDR268W,No
GLO2,YDR272W,No
DPP1,YDR284C,No
SSD1,YDR293C,No
HDA2,YDR295C,No
PRO1,YDR300C,No
HNT2,YDR305C,No
GIC2,YDR309C,No
PIB1,YDR313C,No
MCM21,YDR318W,No
MRPL35,YDR322W,No
MSN5,YDR335W,No
HXT3,YDR345C,No
YPS7,YDR349C,No
SBE2,YDR351W,No
GGA1,YDR358W,No
SEM1,YDR363W-A,No
XRS2,YDR369C,No
BCS1,YDR375C,No
ATP17,YDR377W,No
RGA2,YDR379W,No
RPP2B,YDR382W,No
MUS81,YDR386W,No
RVS167,YDR388W,No
SPT3,YDR392W,No
SHE9,YDR393W,No
HPT1,YDR399W,No
URH1,YDR400W,No
DIT2,YDR402C,No
DIT1,YDR403W,No
MRP20,YDR405W,No
PDR15,YDR406W,No
STE14,YDR410C,No
RAD30,YDR419W,No
SIP1,YDR422C,No
DYN2,YDR424C,No
PPM1,YDR435C,No
DOT1,YDR440W,No
SSN2,YDR443C,No
RPS17B,YDR447C,No
RPS18A,YDR450W,No
TOM1,YDR457W,No
MRPL28,YDR462W,No
PHO8,YDR481C,No
PAC11,YDR488C,No
VPS3,YDR495C,No
PLM2,YDR501W,No
PSP1,YDR505C,No
GRH1,YDR517W,No
FPR2,YDR519W,No
SPS1,YDR523C,No
HLR1,YDR528W,No
APA2,YDR530C,No
PAD1,YDR538W,No
GIM4,YEL003W,No
AIM17,YHL021C,No
VAC7,YNL054W,No
SUN4,YNL066W,No
RPL9B,YNL067W,No
RPL16B,YNL069C,No
LAT1,YNL071W,No
MSK1,YNL073W,No
TPM1,YNL079C,No
END3,YNL084C,No
YPT53,YNL093W,No
RAS2,YNL098C,No
INP52,YNL106C,No
MLS1,YNL117W,No
TOM70,YNL121C,No
MDG1,YNL173C,No
CHS1,YNL192W,No
WHI3,YNL197C,No
SPS19,YNL202W,No
SPS18,YNL204C,No
MER1,YNL210W,No
PEX17,YNL214W,No
CNM67,YNL225C,No
ELA1,YNL230C,No
KEX2,YNL238W,No
LAP3,YNL239W,No
ZWF1,YNL241C,No
SLA2,YNL243W,No
RPA49,YNL248C,No
RAD50,YNL250W,No
MRPL17,YNL252C,No
PDR17,YNL264C,No
IST1,YNL265C,No
BNI1,YNL271C,No
TOF1,YNL273W,No
PRM1,YNL279W,No
HCH1,YNL281W,No
PUS4,YNL292W,No
MSB3,YNL293W,No
CLA4,YNL298W,No
RPL18B,YNL301C,No
YPT11,YNL304W,No
ATP11,YNL315C,No
EGT2,YNL327W,No
MDJ2,YNL328C,No
RPD3,YNL330C,No
THI12,YNL332W,No
SNO2,YNL334C,No
YRF1-6,YNL339C,No
ATO2,YNR002C,No
LRO1,YNR008W,No
URK1,YNR012W,No
SNF12,YNR023W,No
CPR8,YNR028W,No
SSK2,YNR031C,No
PPG1,YNR032W,No
SOL1,YNR034W,No
COQ2,YNR041C,No
AGA1,YNR044W,No
MSO1,YNR049C,No
POP2,YNR052C,No
BIO5,YNR056C,No
BIO3,YNR058W,No
NTG2,YOL043C,No
GSH2,YOL049W,No
SPE2,YOL052C,No
GPM3,YOL056W,No
GPD2,YOL059W,No
MAM3,YOL060C,No
INP54,YOL065C,No
RTG1,YOL067C,No
REX4,YOL080C,No
ADH1,YOL086C,No
SPO21,YOL091W,No
COQ3,YOL096C,No
ITR2,YOL103W,No
WSC3,YOL105C,No
MSB4,YOL112W,No
PAP2,YOL115W,No
SMF1,YOL122C,No
PFK27,YOL136C,No
PPM2,YOL141W,No
FRE7,YOL152W,No
RRP6,YOR001W,No
YSP3,YOR003W,No
DNL4,YOR005C,No
SLG1,YOR008C,No
TIR2,YOR010C,No
ERP4,YOR016C,No
ROD1,YOR018W,No
AHC1,YOR023C,No
BUB3,YOR026W,No
CIN5,YOR028C,No
CRS5,YOR031W,No
EXO1,YOR033C,No
AKR2,YOR034C,No
PEP12,YOR036W,No
HIR2,YOR038C,No
GLO4,YOR040W,No
TOM6,YOR045W,No
STD1,YOR047C,No
CKA2,YOR061W,No
YNG1,YOR064C,No
DIA2,YOR080W,No
ECM3,YOR092W,No
CRC1,YOR100C,No
INP53,YOR109W,No
AZF1,YOR113W,No
NFI1,YOR156C,No
PET123,YOR158W,No
DDP1,YOR163W,No
DCI1,YOR180C,No
RPS30B,YOR182C,No
GSP2,YOR185C,No
MSB1,YOR188W,No
ULS1,YOR191W,No
BFR1,YOR198C,No
HIS3,YOR202W,No
PTP2,YOR208W,No
STE4,YOR212W,No
RUD3,YOR216C,No
WTM2,YOR229W,No
MKK1,YOR231W,No
KIN4,YOR233W,No
RPL33B,YOR234C,No
HES1,YOR237W,No
MET7,YOR241W,No
PNT1,YOR266W,No
VPH1,YOR270C,No
CAF20,YOR276W,No
SNF2,YOR290C,No
MBF1,YOR298C-A,No
RAX1,YOR301W,No
ISW2,YOR304W,No
SNU66,YOR308C,No
RPL20B,YOR312C,No
SPS4,YOR313C,No
FAA1,YOR317W,No
PMT3,YOR321W,No
PDR10,YOR328W,No
MIP1,YOR330C,No
MRS2,YOR334W,No
UBC11,YOR339C,No
TYE7,YOR344C,No
PYK2,YOR347C,No
CIN1,YOR349W,No
MEK1,YOR351C,No
SNX3,YOR357C,No
SCP1,YOR367W,No
RPS12,YOR369C,No
PHR1,YOR386W,No
MET31,YPL038W,No
SSN3,YPL042C,No
VPS16,YPL045W,No
CAM1,YPL048W,No
MNN9,YPL050C,No
KTR6,YPL053C,No
LEE1,YPL054W,No
PDR12,YPL058C,No
ALD6,YPL061W,No
BTS1,YPL069C,No
YTA6,YPL074W,No
RPL21B,YPL079W,No
ELP3,YPL086C,No
YDC1,YPL087W,No
RPS6A,YPL090C,No
SSU1,YPL092W,No
MSY1,YPL097W,No
SSE1,YPL106C,No
BEM3,YPL115C,No
DBP1,YPL119C,No
MEI5,YPL121C,No
SPO19,YPL130W,No
COX11,YPL132W,No
ISU1,YPL135W,No
MKK2,YPL140C,No
KES1,YPL145C,No
PPT2,YPL148C,No
ATG5,YPL149W,No
RRD2,YPL152W,No
PEP4,YPL154C,No
SVS1,YPL163C,No
REV3,YPL167C,No
OYE3,YPL171C,No
MRPL40,YPL173W,No
CBC2,YPL178W,No
PPQ1,YPL179W,No
POS5,YPL188W,No
DDC1,YPL194W,No
YDR514C,YDR514C,No
URC2,YDR520C,No
FDC1,YDR539W,No
YDR541C,YDR541C,No
YEA6,YEL006W,No
YEL008W,YEL008W,No
YEL014C,YEL014C,No
PXP1,YEL020C,No
YEL028W,YEL028W,No
MTC7,YEL033W,No
YEL043W,YEL043W,No
YEL045C,YEL045C,No
TCA17,YEL048C,No
YER010C,YER010C,No
CHZ1,YER030W,No
TPA1,YER049W,No
JHD1,YER051W,No
VHR2,YER064C,No
RGI1,YER067W,No
MRX1,YER077C,No
YER079W,YER079W,No
YER085C,YER085C,No
AIM10,YER087W,No
AIM11,YER093C-A,No
YER097W,YER097W,No
TMN3,YER113C,No
YER121W,YER121W,No
COM2,YER130C,No
YER135C,YER135C,No
RTR1,YER139C,No
YER156C,YER156C,No
YER181C,YER181C,No
PUG1,YER185W,No
YER187W,YER187W,No
YFL015C,YFL015C,No
SWP82,YFL049W,No
ZNF1,YFL052W,No
YFH7,YFR007W,No
MIC19,YFR011C,No
CSS2,YFR020W,No
ROG3,YFR022W,No
IRC5,YFR038W,No
IRC6,YFR043C,No
YFR045W,YFR045W,No
IRC7,YFR055W,No
YFR057W,YFR057W,No
MPO1,YGL010W,No
YGL015C,YGL015C,No
YGL024W,YGL024W,No
YGL039W,YGL039W,No
YGL042C,YGL042C,No
GEP7,YGL057C,No
YGL082W,YGL082W,No
YGL088W,YGL088W,No
YGL109W,YGL109W,No
YGL114W,YGL114W,No
YGL118C,YGL118C,No
YGL138C,YGL138C,No
YGL140C,YGL140C,No
RRT6,YGL146C,No
YGL152C,YGL152C,No
YGL159W,YGL159W,No
AIM14,YGL160W,No
YGL165C,YGL165C,No
YGL176C,YGL176C,No
YGL177W,YGL177W,No
DSD1,YGL196W,No
YGL199C,YGL199C,No
NCS6,YGL211W,No
YGL214W,YGL214W,No
YGL217C,YGL217C,No
BOL2,YGL220W,No
MTC3,YGL226W,No
EMC4,YGL231C,No
YGL235W,YGL235W,No
YGL242C,YGL242C,No
YGL260W,YGL260W,No
YGL262W,YGL262W,No
PEX31,YGR004W,No
YGR011W,YGR011W,No
EAT1,YGR015C,No
YGR017W,YGR017W,No
DPC29,YGR021W,No
IMO32,YGR031W,No
YGR035C,YGR035C,No
MTE1,YGR042W,No
YGR045C,YGR045C,No
YGR050C,YGR050C,No
YGR054W,YGR054W,No
YGR064W,YGR064W,No
YGR067C,YGR067C,No
ENV11,YGR071C,No
YGR079W,YGR079W,No
GTF1,YGR102C,No
VOA1,YGR106C,No
CLD1,YGR110W,No
YGR126W,YGR126W,No
FHN1,YGR131W,No
ECL1,YGR146C,No
YGR151C,YGR151C,No
GTO1,YGR154C,No
YGR164W,YGR164W,No
PEX35,YGR168C,No
TDA10,YGR205W,No
CIR1,YGR207C,No
SLI1,YGR212W,No
YGR219W,YGR219W,No
HSV2,YGR223C,No
YGR228W,YGR228W,No
YGR242W,YGR242W,No
YGR259C,YGR259C,No
SAY1,YGR263C,No
YGR266W,YGR266W,No
YGR269W,YGR269W,No
YGR283C,YGR283C,No
IMA1,YGR287C,No
YGR290W,YGR290W,No
YHL005C,YHL005C,No
YHL008C,YHL008C,No
ETP1,YHL010C,No
YHL012W,YHL012W,No
OTU2,YHL013C,No
YHL017W,YHL017W,No
YHL026C,YHL026C,No
YHL037C,YHL037C,No
EFM1,YHL039W,No
YHL041W,YHL041W,No
YHL042W,YHL042W,No
YHL044W,YHL044W,No
PAU13,YHL046C,No
TDA3,YHR009C,No
YHR022C,YHR022C,No
ERC1,YHR032W,No
YHK8,YHR048W,No
LAM4,YHR080C,No
RTC3,YHR087W,No
PAL2,YHR097C,No
YHR112C,YHR112C,No
LSM12,YHR121W,No
YHR125W,YHR125W,No
YHR130C,YHR130C,No
IGO2,YHR132W-A,No
YHR138C,YHR138C,No
MPC2,YHR162W,No
MTG2,YHR168W,No
CRG1,YHR209W,No
YIL001W,YIL001W,No
YKE4,YIL023C,No
YIL025C,YIL025C,No
YIL028W,YIL028W,No
YIL032C,YIL032C,No
TED1,YIL039W,No
YIL060W,YIL060W,No
YIL067C,YIL067C,No
RCI37,YIL077C,No
AIM19,YIL087C,No
YIL089W,YIL089W,No
YIL108W,YIL108W,No
TMA108,YIL137C,No
YIL141W,YIL141W,No
YIL152W,YIL152W,No
YIL161W,YIL161W,No
YIL163C,YIL163C,No
YIL165C,YIL165C,No
SOA1,YIL166C,No
SDL1,YIL167W,No
AIM21,YIR003W,No
EGH1,YIR007W,No
VLD1,YIR014W,No
YIR016W,YIR016W,No
YIR020C,YIR020C,No
YIR020W-A,YIR020W-A,No
IRC24,YIR036C,No
YIR043C,YIR043C,No
YJL027C,YJL027C,No
LOH1,YJL038C,No
YJL045W,YJL045W,No
UBX6,YJL048C,No
IRC8,YJL051W,No
YJL067W,YJL067W,No
TAX4,YJL083W,No
YJL107C,YJL107C,No
YJL119C,YJL119C,No
ALB1,YJL122W,No
AIM23,YJL131C,No
YJL135W,YJL135W,No
ROQ1,YJL144W,No
SMT1,YJL147C,No
YJL150W,YJL150W,No
PIR5,YJL160C,No
YJL169W,YJL169W,No
LSM6,YDR378C,No
EFT2,YDR385W,No
CAT5,YOR125C,No
IAH1,YOR126C,No
YPR089W,YPR089W,No
YPR092W,YPR092W,No
YPR097W,YPR097W,No
TMH18,YPR098C,No
GLD1,YPR109W,No
RGC1,YPR115W,No
YPR117W,YPR117W,No
YLH47,YPR125W,No
YPR127W,YPR127W,No
YPR130C,YPR130C,No
TAZ1,YPR140W,No
YPR147C,YPR147C,No
YPR150W,YPR150W,No
CUR1,YPR158W,No
YPR170C,YPR170C,No
YPR172W,YPR172W,No
YPR196W,YPR196W,No
YGL036W,YGL036W,No
USV1,YPL230W,No
YHR127W,YHR127W,No
CSI2,YOL007C,No
YKR011C,YKR011C,No
TOS6,YNL300W,No
YOL019W,YOL019W,No
YGR153W,YGR153W,No
YDL118W,YDL118W,No
YDR048C,YDR048C,No
YGR226C,YGR226C,No
YKL118W,YKL118W,No
YLR235C,YLR235C,No
YPL205C,YPL205C,No
YBL100C,YBL100C,No
MTQ2,YDR140W,No
YGR160W,YGR160W,No
TOG1,YER184C,No
YDL041W,YDL041W,No
KRE28,YDR532C,No
OPI9,YLR338W,No
YDR433W,YDR433W,No
YAL042C-A,YAL042C-A,No
YPL102C,YPL102C,No
YNL296W,YNL296W,No
SRY1,YKL218C,No
SWR1,YDR334W,No
YBR138C,YBR138C,No
INA22,YIR024C,No
SLZ1,YNL196C,No
YEL025C,YEL025C,No
TRI1,YMR233W,No
IKS1,YJL057C,No
QDR3,YBR043C,No
YMR027W,YMR027W,No
SSA1,YAL005C,No
ERP2,YAL007C,No
YOR333C,YOR333C,No
PDR18,YNR070W,No
FUN14,YAL008W,No
SPO7,YAL009W,No
MDM10,YAL010C,No
CYS3,YAL012W,No
DEP1,YAL013W,No
NTG1,YAL015C,No
TPD3,YAL016W,No
PSK1,YAL017W,No
FUN30,YAL019W,No
ATS1,YAL020C,No
CCR4,YAL021C,No
FUN26,YAL022C,No
PMT2,YAL023C,No
SNC1,YAL030W,No
FUN19,YAL034C,No
FUN12,YAL035W,No
CYC3,YAL039C,No
SPC72,YAL047C,No
ACS1,YAL054C,No
CNE1,YAL058W,No
GDH3,YAL062W,No
ERP1,YAR002C-A,No
KIN3,YAR018C,No
PAU7,YAR020C,No
SWH1,YAR042W,No
FLO1,YAR050W,No
HTB2,YBL002W,No
PDR3,YBL005W,No
FMT1,YBL013W,No
ACH1,YBL015W,No
PIM1,YBL022C,No
NCL1,YBL024W,No
RIB1,YBL033C,No
ECM13,YBL043W,No
PTC3,YBL056W,No
SEF1,YBL066C,No
RPS8A,YBL072C,No
SSA3,YBL075C,No
NUP170,YBL079W,No
ALG3,YBL082C,No
BOI1,YBL085W,No
TEL1,YBL088C,No
MAP2,YBL091C,No
ROX3,YBL093C,No
ATP1,YBL099W,No
SFT2,YBL102W,No
FLR1,YBR008C,No
HHT1,YBR010W,No
MNN2,YBR015C,No
CHS3,YBR023C,No
ETR1,YBR026C,No
RPL4A,YBR031W,No
CSG2,YBR036C,No
FIG1,YBR040W,No
TCM62,YBR044C,No
ZTA1,YBR046C,No
REG2,YBR050C,No
YRO2,YBR054W,No
MUM2,YBR057C,No
UBP14,YBR058C,No
AKL1,YBR059C,No
ECM2,YBR065C,No
NRG2,YBR066C,No
TIP1,YBR067C,No
HSP26,YBR072W,No
RDH54,YBR073W,No
ECM8,YBR076W,No
ECM33,YBR078W,No
SPT7,YBR081C,No
UBC4,YBR082C,No
RPL19A,YBR084C-A,No
AAC3,YBR085W,No
PHO5,YBR093C,No
MMS4,YBR098W,No
YMC2,YBR104W,No
YSA1,YBR111C,No
RAD16,YBR114W,No
TKL2,YBR117C,No
MUD1,YBR119W,No
VMA2,YBR127C,No
OPY1,YBR129C,No
CCZ1,YBR131W,No
HSL7,YBR133C,No
MRPS9,YBR146W,No
ARA1,YBR149W,No
SLI15,YBR156C,No
AMN1,YBR158W,No
TYR1,YBR166C,No
SSE2,YBR169C,No
SMY2,YBR172C,No
ECM31,YBR176W,No
FZO1,YBR179C,No
RPS6B,YBR181C,No
YPC1,YBR183W,No
PCH2,YBR186W,No
RPS9B,YBR189W,No
MSI1,YBR195C,No
KTR4,YBR199W,No
DER1,YBR201W,No
KTR3,YBR205W,No
NGR1,YBR212W,No
SDS24,YBR214W,No
ATG12,YBR217W,No
PDB1,YBR221C,No
MCX1,YBR227C,No
PBP2,YBR233W,No
THI2,YBR240C,No
GPX2,YBR244W,No
ARO4,YBR249C,No
YPT10,YBR264C,No
MRPL37,YBR268W,No
CHK1,YBR274W,No
PPS1,YBR276C,No
PAF1,YBR279W,No
MRPL27,YBR282W,No
SSH1,YBR283C,No
APE3,YBR286W,No
SNF5,YBR289W,No
CTP1,YBR291C,No
SUL1,YBR294W,No
PCA1,YBR295W,No
PHO89,YBR296C,No
MAL33,YBR297W,No
RER1,YCL001W,No
YCL007C,YCL007C,No
CSN9,YDR179C,No
RGA1,YOR127W,No
ADE2,YOR128C,No
EFT1,YOR133W,No
BAG7,YOR134W,No
SFL1,YOR140W,No
ARP8,YOR141C,No
LSC1,YOR142W,No
ELG1,YOR144C,No
MRPL23,YOR150W,No
PDR5,YOR153W,No
YRR1,YOR162C,No
RPS28A,YOR167C,No
TUF1,YOR187W,No
SPR1,YOR190W,No
LIP5,YOR196C,No
MRM1,YOR201C,No
NPT1,YOR209C,No
MGM1,YOR211C,No
SAS5,YOR213C,No
MCT1,YOR221C,No
ISU2,YOR226C,No
WTM1,YOR230W,No
SSP2,YOR242C,No
SRL1,YOR247W,No
RBL2,YOR265W,No
PAC1,YOR269W,No
MPD1,YOR288C,No
RPS10A,YOR293W,No
TIM18,YOR297C,No
BUD7,YOR299W,No
SLY41,YOR307C,No
COT1,YOR316C,No
SNC2,YOR327C,No
VMA4,YOR332W,No
TEA1,YOR337W,No
REV1,YOR346W,No
MNE1,YOR350C,No
GDS1,YOR355W,No
HAP5,YOR358W,No
PIP2,YOR363C,No
RAD17,YOR368W,No
ALD4,YOR374W,No
ATF1,YOR377W,No
FRE5,YOR384W,No
HAT1,YPL001W,No
ULA1,YPL003W,No
NCR1,YPL006W,No
CHL1,YPL008W,No
HST2,YPL015C,No
CTF19,YPL018W,No
ECM23,YPL021W,No
RAD1,YPL022W,No
MET12,YPL023C,No
RMI1,YPL024W,No
SKS1,YPL026C,No
SUV3,YPL029W,No
PHO85,YPL031C,No
SVL3,YPL032C,No
PMA2,YPL036W,No
ISM1,YPL040C,No
ELC1,YPL046C,No
SUR1,YPL057C,No
GRX5,YPL059W,No
UBP16,YPL072W,No
ATP4,YPL078C,No
RPS9A,YPL081W,No
RLM1,YPL089C,No
GLR1,YPL091W,No
PNG1,YPL096W,No
MSD1,YPL104W,No
CAR1,YPL111W,No
HOS3,YPL116W,No
MRP51,YPL118W,No
RNY1,YPL123C,No
KAP120,YPL125W,No
HHO1,YPL127C,No
TAF14,YPL129W,No
ODC1,YPL134C,No
UME1,YPL139C,No
PXA1,YPL147W,No
KIP2,YPL155C,No
BEM4,YPL161C,No
MLH3,YPL164C,No
COX10,YPL172C,No
NIP100,YPL174C,No
CUP9,YPL177C,No
MF(ALPHA)1,YPL187W,No
GUP2,YPL189W,No
RSA1,YPL193W,No
APL5,YPL195W,No
TPK2,YPL203W,No
LEA1,YPL213W,No
RPL1A,YPL220W,No
GRE1,YPL223C,No
NEW1,YPL226W,No
VMA11,YPL234C,No
HSP82,YPL240C,No
HFI1,YPL254W,No
CLN2,YPL256C,No
APM1,YPL259C,No
FUM1,YPL262W,No
KEL3,YPL263C,No
DIP5,YPL265W,No
PLC1,YPL268W,No
MDL2,YPL270W,No
ATP15,YPL271W,No
SAM4,YPL273W,No
SAM3,YPL274W,No
CIT3,YPR001W,No
PDH1,YPR002W,No
HAL1,YPR005C,No
ICL2,YPR006C,No
REC8,YPR007C,No
DSS4,YPR017C,No
RLF2,YPR018W,No
EAF3,YPR023C,No
CSR2,YPR030W,No
RPL43A,YPR043W,No
MSF1,YPR047W,No
NHP6A,YPR052C,No
ROX1,YPR065W,No
ISA2,YPR067W,No
SPE3,YPR069C,No
NOT5,YPR072W,No
SNT309,YPR101W,No
ISR1,YPR106W,No
DBF20,YPR111W,No
AXL1,YPR122W,No
SCD6,YPR129W,No
MSS18,YPR134W,No
KAR3,YPR141C,No
NCE102,YPR149W,No
KRE6,YPR159W,No
TIF3,YPR163C,No
MET16,YPR167C,No
GDB1,YPR184W,No
MLC2,YPR188C,No
AQY1,YPR192W,No
ARR1,YPR199C,No
ARR3,YPR201W,No
MYO4,YAL029C,No
GIP4,YAL031C,No
RBG1,YAL036C,No
ERV46,YAL042W,No
GCV3,YAL044C,No
OAF1,YAL051W,No
PEX22,YAL055W,No
ECM1,YAL059W,No
SEO1,YAL067C,No
NUP60,YAR002W,No
ADE1,YAR015W,No
YAT1,YAR035W,No
ECM15,YBL001C,No
HTA2,YBL003C,No
SLA1,YBL007C,No
SCT1,YBL011W,No
FUS3,YBL016W,No
PEP1,YBL017C,No
APN2,YBL019W,No
HAP3,YBL021C,No
RRN10,YBL025W,No
RPL19B,YBL027W,No
APL3,YBL037W,No
URA7,YBL039C,No
FUI1,YBL042C,No
COR1,YBL045C,No
SAS3,YBL052C,No
SHP1,YBL058W,No
KIP1,YBL063W,No
AST1,YBL069W,No
ATG8,YBL078C,No
PET112,YBL080C,No
RPL23A,YBL087C,No
MRP21,YBL090W,No
ECM21,YBL101C,No
RTG3,YBL103C,No
SRO77,YBL106C,No
NTH2,YBR001C,No
COQ1,YBR003W,No
RPL12B,YDR418W,No
HKR1,YDR420W,No
YLR434C,YLR434C,No
MIC60,YKR016W,No
FMP10,YER182W,No
DIA4,YHR011W,No
VPS29,YHR012W,No
CAD1,YDR423C,No
NPL3,YDR432W,No
PPZ2,YDR436W,No
LRS4,YDR439W,No
APT2,YDR441C,No
ECM11,YDR446W,No
ADA2,YDR448W,No
PPN1,YDR452W,No
NHX1,YDR456W,No
STP1,YDR463W,No
RPL27B,YDR471W,No
SNF1,YDR477W,No
DIG2,YDR480W,No
KRE2,YDR483W,No
PKH1,YDR490C,No
RPL37B,YDR500C,No
LPP1,YDR503C,No
GIN4,YDR507C,No
GNP1,YDR508C,No
GRX2,YDR513W,No
SPS2,YDR522C,No
AGE1,YDR524C,No
QCR7,YDR529C,No
STL1,YDR536W,No
YEA4,YEL004W,No
GLC3,YEL011W,No
VAC8,YEL013W,No
VMA3,YEL027W,No
ANP1,YEL036C,No
UTR2,YEL040W,No
PAU2,YEL049W,No
VMA8,YEL051W,No
MAK10,YEL053C,No
CIN8,YEL061C,No
CAN1,YEL063C,No
HPA3,YEL066W,No
MNN1,YER001W,No
PAC2,YER007W,No
HEM14,YER014W,No
AFG3,YER017C,No
SBH2,YER019C-A,No
GAL83,YER027C,No
YPT31,YER031C,No
ZRG8,YER033C,No
HVG1,YER039C,No
MXR1,YER042W,No
MEI4,YER044C-A,No
DOT6,YER088C,No
RAD51,YER095W,No
UBP9,YER098W,No
SSA4,YER103W,No
FLO8,YER109C,No
SWI4,YER111C,No
BOI2,YER114C,No
RPL23B,YER117W,No
SCS2,YER120W,No
RPS26B,YER131W,No
COX15,YER141W,No
MAG1,YER142C,No
UBP5,YER144C,No
PEA2,YER149C,No
OXA1,YER154W,No
SPT2,YER161C,No
CHD1,YER164W,No
ADK2,YER170W,No
GRX4,YER174C,No
DMC1,YER179W,No
HXT10,YFL011W,No
PAU5,YFL020C,No
GAT1,YFL021W,No
STE2,YFL026W,No
HAC1,YFL031W,No
RPO41,YFL036W,No
FET5,YFL041W,No
EMP47,YFL048C,No
DAK2,YFL053W,No
AAD6,YFL056C,No
LOC1,YFR001W,No
UBP6,YFR010W,No
CMK1,YFR014C,No
FAB1,YFR019W,No
HIS2,YFR025C,No
MET10,YFR030W,No
RPL2A,YFR031C-A,No
RPL29,YFR032C-A,No
YMR31,YFR049W,No
HXK1,YFR053C,No
ERP6,YGL002W,No
LEU1,YGL009C,No
ERG4,YGL012W,No
PDR1,YGL013C,No
ATE1,YGL017W,No
CKB1,YGL019W,No
PGD1,YGL025C,No
PUS2,YGL063W,No
NPY1,YGL067W,No
AFT1,YGL071W,No
HNM1,YGL077C,No
SCY1,YGL083W,No
GUP1,YGL084C,No
MMS2,YGL087C,No
LIF1,YGL090W,No
PAN2,YGL094C,No
ARC1,YGL105W,No
MON1,YGL124C,No
SCS3,YGL126W,No
RPL1B,YGL135W,No
HUL5,YGL141W,No
MRF1,YGL143C,No
RPL9A,YGL147C,No
PEX14,YGL153W,No
AMS1,YGL156W,No
CUP2,YGL166W,No
SAE2,YGL175C,No
GTS1,YGL181W,No
GCN1,YGL195W,No
EMP24,YGL200C,No
KEX1,YGL203C,No
CHC1,YGL206C,No
SIP2,YGL208W,No
YPT32,YGL210W,No
SKI8,YGL213C,No
KIP3,YGL216W,No
EDC1,YGL222C,No
OST5,YGL226C-A,No
SHE10,YGL228W,No
SAP4,YGL229C,No
DOC1,YGL240W,No
TAD1,YGL243W,No
RAI1,YGL246C,No
ZIP2,YGL249W,No
FZF1,YGL254W,No
ADH4,YGL256W,No
MNT2,YGL257C,No
COS12,YGL263W,No
PRP18,YGR006W,No
STF2,YGR008C,No
UGA1,YGR019W,No
MTL1,YGR023W,No
MSP1,YGR028W,No
RPL26B,YGR034W,No
CAX4,YGR036C,No
ORM1,YGR038W,No
SCM4,YGR049W,No
PDC6,YGR087C,No
ASK10,YGR097W,No
MDR1,YGR100W,No
VMA21,YGR105W,No
CLB6,YGR109C,No
RPS23A,YGR118W,No
PPT1,YGR123C,No
SYF2,YGR129W,No
PEX4,YGR133W,No
BTN2,YGR142W,No
THI4,YGR144W,No
RPL24B,YGR148C,No
CYS4,YGR155W,No
GTR2,YGR163W,No
CLC1,YGR167W,No
MSM1,YGR171C,No
CBP4,YGR174C,No
ATF2,YGR177C,No
PBP1,YGR178C,No
TIM13,YGR181W,No
BUB1,YGR188C,No
PMT6,YGR199W,No
PCT1,YGR202C,No
TRX2,YGR209C,No
RTA1,YGR213C,No
PET54,YGR222W,No
AMA1,YGR225W,No
PHB2,YGR231C,No
PHO81,YGR233C,No
YHB1,YGR234W,No
PEX21,YGR239C,No
YAP1802,YGR241C,No
SOL4,YGR248W,No
TNA1,YGR260W,No
YTA7,YGR270W,No
RTT102,YGR275W,No
SCW4,YGR279C,No
BGL2,YGR282C,No
PAM17,YKR065C,No
FMP23,YBR047W,No
FMP16,YDR070C,No
TIM21,YGR033C,No
AIM18,YHR198C,No
INA17,YPL099C,No
YNL179C,YNL179C,No
YOR041C,YOR041C,No
YGL218W,YGL218W,No
DLS1,YJL065C,No
FMP25,YLR077W,No
AIM24,YJR080C,No
FMP27,YLR454W,No
MGR3,YMR115W,No
TAN1,YGL232W,No
SYC1,YOR179C,No
RSF1,YMR030W,No
AIM9,YER080W,No
FMP32,YFL046W,No
AIM46,YHR199C,No
RDL2,YOR286W,No
FMP33,YJL161W,No
FMP30,YPL103C,No
MPC1,YGL080W,No
COA1,YIL157C,No
AIM36,YMR157C,No
GEP3,YOR205C,No
ZEO1,YOL109W,No
LIA1,YJR070C,No
MIC12,YBR262C,No
FMP48,YGR052W,No
FMP46,YKR049C,No
COQ9,YLR201C,No
FMP40,YPL222W,No
FMP45,YDL222C,No
FMP52,YER004W,No
MPC3,YGR243W,No
BCH2,YKR027W,No
FMP42,YMR221C,No
FMP41,YNL168C,No
RUP1,YOR138C,No
EAF7,YNL136W,No
ALT2,YDR111C,No
SWC7,YLR385C,No
ERJ5,YFR041C,No
JJJ2,YJL162C,No
JLP2,YMR132C,No
SPG3,YDR504C,No
JJJ3,YJR097W,No
JLP1,YLL057C,No
SPG4,YMR107W,No
SPG5,YMR191W,No
JJJ1,YNL227C,No
TGL4,YKR089C,No
TGL5,YOR081C,No
YBR287W,YBR287W,No
TAH1,YCR060W,No
PIH1,YHR034C,No
SGO1,YOR073W,No
HSP31,YDR533C,No
FSH1,YHR049W,No
FSH2,YMR222C,No
FSH3,YOR280C,No
HXT12,YIL170W,No
NFT1,YKR103W,No
SDC25,YLL016W,No
NVJ2,YPR091C,No
YJL175W,YJL175W,No
RBH1,YJL181W,No
SPO13,YHR014W,No
MIP6,YHR015W,No
YSC84,YHR016C,No
YSC83,YHR017W,No
RPS27B,YHR021C,No
ECM12,YHR021W-A,No
VMA16,YHR026W,No
PUT2,YHR037W,No
SRB2,YHR041C,No
DOG1,YHR044C,No
SMF2,YHR050W,No
CPR2,YHR057C,No
VMA22,YHR060W,No
IRE1,YHR079C,No
STE12,YHR084W,No
MSR1,YHR091C,No
AHT1,YHR093W,No
HXT5,YHR096C,No
TRR2,YHR106W,No
GGA2,YHR108W,No
ERP5,YHR110W,No
EPT1,YHR123W,No
ECM14,YHR132C,No
SPL2,YHR136C,No
SPS100,YHR139C,No
KEL1,YHR158C,No
YAP1801,YHR161C,No
OYE2,YHR179W,No
SSP1,YHR184W,No
EGD2,YHR193C,No
RPS4B,YHR203C,No
INP51,YIL002C,No
URM1,YIL008W,No
FAA3,YIL009W,No
PDR11,YIL013C,No
BAR1,YIL015W,No
VID28,YIL017C,No
HIS6,YIL020C,No
CAP2,YIL034C,No
CST6,YIL036W,No
CBR1,YIL043C,No
PIG2,YIL045W,No
SYG1,YIL047C,No
DFG10,YIL049W,No
RNR3,YIL066C,No
RPS24B,YIL069C,No
HOP1,YIL072W,No
SER33,YIL074C,No
SEC28,YIL076W,No
SDS3,YIL084C,No
PRK1,YIL095W,No
FMC1,YIL098C,No
SGA1,YIL099W,No
XBP1,YIL101C,No
PFK26,YIL107C,No
POR2,YIL114C,No
HIS5,YIL116W,No
RPI1,YIL119C,No
QDR1,YIL120W,No
SIM1,YIL123W,No
AYR1,YIL124W,No
KGD1,YIL125W,No
MET18,YIL128W,No
RPL16A,YIL133C,No
FLX1,YIL134W,No
TPM2,YIL138C,No
AXL2,YIL140W,No
ATG32,YIL146C,No
RPL40A,YIL148W,No
GUT2,YIL155C,No
BNR1,YIL159W,No
SUC2,YIL162W,No
YIL168W,YIL168W,No
SGN1,YIR001C,No
IST3,YIR005W,No
MET28,YIR017C,No
FLO11,YIR019C,No
DAL1,YIR027C,No
DAL2,YIR029W,No
DAL7,YIR031C,No
GTT1,YIR038C,No
CTK2,YJL006C,No
MAD3,YJL013C,No
PET130,YJL023C,No
VPS53,YJL029C,No
MHP1,YJL042W,No
RTT101,YJL047C,No
TDH1,YJL052W,No
MRPL8,YJL063C,No
ICS3,YJL077C,No
PRY1,YJL079C,No
TOK1,YJL093C,No
MRPL49,YJL096W,No
GSH1,YJL101C,No
IME2,YJL106W,No
ASF1,YJL115W,No
LSM1,YJL124C,No
URA2,YJL130C,No
RPS21B,YJL136C,No
RPB4,YJL140W,No
RPA34,YJL148W,No
VPS35,YJL154C,No
FBP26,YJL155C,No
FAR1,YJL157C,No
CIS3,YJL158C,No
HSP150,YJL159W,No
TPK1,YJL164C,No
QCR8,YJL166W,No
SET2,YJL168C,No
ASG7,YJL170C,No
CPS1,YJL172W,No
RPL17B,YJL177W,No
PFD1,YJL179W,No
ATP12,YJL180C,No
MNN11,YJL183W,No
MNN5,YJL186W,No
RPS14B,YJL191W,No
ELO1,YJL196C,No
NUC1,YJL208C,No
SPC1,YJR010C-A,No
TES1,YJR019C,No
GEA1,YJR031C,No
RAD26,YJR035W,No
CYC1,YJR048W,No
ISY1,YJR050W,No
RAD7,YJR052W,No
HIT1,YJR055W,No
TOR1,YJR066W,No
MIR1,YJR077C,No
JSN1,YJR091C,No
IME1,YJR094C,No
URA8,YJR103W,No
ECM27,YJR106W,No
STE24,YJR117W,No
ATP2,YJR121W,No
RSF2,YJR127C,No
MNS1,YJR131W,No
MCM22,YJR135C,No
MGM101,YJR144W,No
HMS2,YJR147W,No
DAN1,YJR150C,No
PGU1,YJR153W,No
MRP17,YKL003C,No
CAP1,YKL007W,No
UFD4,YKL010C,No
PUT3,YKL015W,No
HCS1,YKL017C,No
SPT23,YKL020C,No
PAN3,YKL025C,No
PTM1,YKL039W,No
PHD1,YKL043W,No
ELM1,YKL048C,No
NUP120,YKL057C,No
MSN4,YKL062W,No
MNR2,YKL064W,No
YET1,YKL065C,No
YNK1,YKL067W,No
NUP100,YKL068W,No
STB6,YKL072W,No
LHS1,YKL073W,No
MUD2,YKL074C,No
SMY1,YKL079W,No
VMA5,YKL080W,No
TEF4,YKL081W,No
MDH1,YKL085W,No
CYT2,YKL087C,No
BUD2,YKL092C,No
MBR1,YKL093W,No
YJU3,YKL094W,No
CWP2,YKL096W-A,No
APE1,YKL103C,No
HAP4,YKL109W,No
SBA1,YKL117W,No
OAC1,YKL120W,No
SSH4,YKL124W,No
PMU1,YKL128C,No
SHE2,YKL130C,No
MRPL31,YKL138C,No
RBH2,YJR030C,No
YJL193W,YJL193W,No
YJL206C,YJL206C,No
YJL211C,YJL211C,No
YJL215C,YJL215C,No
REE1,YJL217W,No
MHO1,YJR008W,No
YJR015W,YJR015W,No
YJR020W,YJR020W,No
MDE1,YJR024C,No
YJR038C,YJR038C,No
KCH1,YJR054W,No
MNN14,YJR061W,No
YJR079W,YJR079W,No
YJR087W,YJR087W,No
YJR096W,YJR096W,No
YJR098C,YJR098C,No
LIH1,YJR107W,No
YMR1,YJR110W,No
YJR115W,YJR115W,No
TDA4,YJR116W,No
YJR120W,YJR120W,No
YJR124C,YJR124C,No
YJR128W,YJR128W,No
EFM3,YJR129C,No
YJR146W,YJR146W,No
YJR149W,YJR149W,No
TCD2,YKL027W,No
YKL031W,YKL031W,No
YKL033W-A,YKL033W-A,No
YKL050C,YKL050C,No
YKL053W,YKL053W,No
YKL063C,YKL063C,No
YKL069W,YKL069W,No
YKL071W,YKL071W,No
HOT13,YKL084W,No
YKL091C,YKL091C,No
YPF1,YKL100C,No
SEG2,YKL105C,No
YKL123W,YKL123W,No
RCI50,YKL133C,No
CMC1,YKL137W,No
YKL147C,YKL147C,No
KDX1,YKL161C,No
YKL162C-A,YKL162C-A,No
NNK1,YKL171W,No
YKL177W,YKL177W,No
YKL202W,YKL202W,No
EMC3,YKL207W,No
OXP1,YKL215C,No
YKL222C,YKL222C,No
YKR005C,YKR005C,No
YKR018C,YKR018C,No
ALY1,YKR021W,No
RQT4,YKR023W,No
YKR032W,YKR032W,No
OPI8,YKR035C,No
YKR040C,YKR040C,No
SHB17,YKR043C,No
YKR070W,YKR070W,No
YKR075C,YKR075C,No
YKR078W,YKR078W,No
SKG1,YKR100C,No
GEX2,YKR106W,No
LMO1,YLL007C,No
YEH1,YLL012W,No
EMC6,YLL014W,No
YLL020C,YLL020C,No
POM33,YLL023C,No
PAU17,YLL025W,No
FRA1,YLL029W,No
RRT7,YLL030C,No
YLL032C,YLL032C,No
YLL044W,YLL044W,No
YLL047W,YLL047W,No
LDB18,YLL049W,No
YLL053C,YLL053C,No
YLL054C,YLL054C,No
YCT1,YLL055W,No
YLL056C,YLL056C,No
YLL058W,YLL058W,No
YLR001C,YLR001C,No
CMS1,YLR003C,No
YLR012C,YLR012C,No
YEH2,YLR020C,No
YLR030W,YLR030W,No
YLR041W,YLR041W,No
YLR046C,YLR046C,No
MLO50,YLR049C,No
PER33,YLR064W,No
LAM6,YLR072W,No
LCL2,YLR104W,No
YLR108C,YLR108C,No
TML25,YLR118C,No
YLR123C,YLR123C,No
YLR125W,YLR125W,No
DCN1,YLR128W,No
DPH6,YLR143W,No
YLR149C,YLR149C,No
YLR169W,YLR169W,No
YLR173W,YLR173W,No
YLR179C,YLR179C,No
UPS1,YLR193C,No
ATG38,YLR211C,No
COA4,YLR218C,No
UCC1,YLR224W,No
YLR232W,YLR232W,No
YLR236C,YLR236C,No
MCP2,YLR253W,No
YLR255C,YLR255C,No
YLR278C,YLR278C,No
YLR280C,YLR280C,No
YLR282C,YLR282C,No
YLR287C,YLR287C,No
COQ11,YLR290C,No
YLR294C,YLR294C,No
YLR296W,YLR296W,No
YLR297W,YLR297W,No
YLR311C,YLR311C,No
ATG39,YLR312C,No
PEX30,YLR324W,No
YLR326W,YLR326W,No
TMA10,YLR327C,No
YLR334C,YLR334C,No
GAS2,YLR343W,No
CIS1,YLR346C,No
ATG33,YLR356W,No
YLR366W,YLR366W,No
REH1,YLR387C,No
YLR400W,YLR400W,No
YLR402W,YLR402W,No
BLS1,YLR408C,No
INA1,YLR413W,No
YLR415C,YLR415C,No
DCK1,YLR422W,No
TDA5,YLR426W,No
GMC2,YLR445W,No
PDP3,YLR455W,No
YML002W,YML002W,No
TRM12,YML005W,No
YML009W-B,YML009W-B,No
YML020W,YML020W,No
CGI121,YML036W,No
YML047W-A,YML047W-A,No
YML053C,YML053C,No
YML057C-A,YML057C-A,No
YML083C,YML083C,No
AIM33,YML087C,No
YML089C,YML089C,No
YML096W,YML096W,No
PML39,YML107C,No
MIX17,YMR002W,No
YMR007W,YMR007W,No
ANY1,YMR010W,No
PEX9,YMR018W,No
EIS1,YMR031C,No
YMR052C-A,YMR052C-A,No
UBX4,YMR067C,No
SDD2,YMR074C,No
YMR075C-A,YMR075C-A,No
YMR082C,YMR082C,No
YMR084W,YMR084W,No
YMR085W,YMR085W,No
YMR086C-A,YMR086C-A,No
SEG1,YMR086W,No
PDL32,YMR087W,No
VBA1,YMR088C,No
YMR090W,YMR090W,No
ATP25,YMR098C,No
YMR103C,YMR103C,No
HFD1,YMR110C,No
YMR114C,YMR114C,No
SHH3,YMR118C,No
YMR119W-A,YMR119W-A,No
EPO1,YMR124W,No
FDO1,YMR144W,No
LDO45,YMR147W,No
YMR153C-A,YMR153C-A,No
YMR158C-A,YMR158C-A,No
YMR158W-B,YMR158W-B,No
INP2,YMR163C,No
EAR1,YMR171C,No
YMR173W-A,YMR173W-A,No
YMR181C,YMR181C,No
YMR194C-A,YMR194C-A,No
INP1,YMR204C,No
MGL2,YMR210W,No
COA6,YMR244C-A,No
YMR245W,YMR245W,No
GTO3,YMR251W,No
YMR253C,YMR253C,No
PRM15,YMR278W,No
TDA1,YMR291W,No
DIF1,YLR437C,No
YLR444C,YLR444C,No
DPI35,YMR130W,No
YLR446W,YLR446W,No
YLR456W,YLR456W,No
YLR460C,YLR460C,No
YML003W,YML003W,No
YML009C-A,YML009C-A,No
RAD33,YML011C,No
YML018C,YML018C,No
RCF1,YML030W,No
YML034C-A,YML034C-A,No
YML037C,YML037C,No
AIM32,YML050W,No
NTE1,YML059C,No
TCB3,YML072C,No
YML079W,YML079W,No
YML082W,YML082W,No
YML084W,YML084W,No
YML094C-A,YML094C-A,No
YML099W-A,YML099W-A,No
YML101C-A,YML101C-A,No
YML108W,YML108W,No
YML122C,YML122C,No
YML131W,YML131W,No
AIM34,YMR003W,No
ADI1,YMR009W,No
YMR031W-A,YMR031W-A,No
RCH1,YMR034C,No
ARA2,YMR041C,No
EUC1,YMR111C,No
YMR122C,YMR122C,No
YMR141C,YMR141C,No
YMR155W,YMR155W,No
YMR160W,YMR160W,No
MME1,YMR166C,No
YMR172C-A,YMR172C-A,No
YMR187C,YMR187C,No
YMR193C-A,YMR193C-A,No
YMR196W,YMR196W,No
YMR206W,YMR206W,No
BCH1,YMR237W,No
YMR244W,YMR244W,No
RKR1,YMR247C,No
MLO1,YMR252C,No
YMR254C,YMR254C,No
YMR262W,YMR262W,No
YMR265C,YMR265C,No
TMA23,YMR269W,No
ATR2,YMR279C,No
HER2,YMR293C,No
YMR295C,YMR295C,No
DYN3,YMR299C,No
YMR306C-A,YMR306C-A,No
YMR310C,YMR310C,No
YMR316C-A,YMR316C-A,No
YMR317W,YMR317W,No
YMR320W,YMR320W,No
YMR326C,YMR326C,No
PYP1,YNL010W,No
YNL013C,YNL013C,No
RCM1,YNL022C,No
YNL028W,YNL028W,No
YNL035C,YNL035C,No
YNL040W,YNL040W,No
YNL043C,YNL043C,No
YNL057W,YNL057W,No
MTQ1,YNL063W,No
TCB2,YNL087W,No
YNL144C,YNL144C,No
YNL171C,YNL171C,No
YNL184C,YNL184C,No
YNL190W,YNL190W,No
YNL193W,YNL193W,No
YNL195C,YNL195C,No
YNL198C,YNL198C,No
YNL205C,YNL205C,No
YNL208W,YNL208W,No
RRG9,YNL213C,No
PPN2,YNL217W,No
SQS1,YNL224C,No
YNL234W,YNL234W,No
YNL266W,YNL266W,No
GOR1,YNL274C,No
YNL276C,YNL276C,No
YNL303W,YNL303W,No
BXI1,YNL305C,No
YNL320W,YNL320W,No
YNL324W,YNL324W,No
DDI3,YNL335W,No
NRM1,YNR009W,No
YNR014W,YNR014W,No
ATP23,YNR020C,No
YNR021W,YNR021W,No
MPP6,YNR024W,No
MRPS12,YNR036C,No
YNR048W,YNR048W,No
PUL3,YNR062C,No
YNR064C,YNR064C,No
YNR071C,YNR071C,No
AIF1,YNR074C,No
YOL013W-B,YOL013W-B,No
IRC10,YOL015W,No
YOL024W,YOL024W,No
YOL029C,YOL029C,No
YOL036W,YOL036W,No
YPQ1,YOL092W,No
SDD3,YOL098C,No
IZH4,YOL101C,No
YOL107W,YOL107W,No
PTH4,YOL114C,No
YOL118C,YOL118C,No
TRM13,YOL125W,No
HPF1,YOL155C,No
YOL163W,YOL163W,No
TSR3,YOR006C,No
YOR012W,YOR012W,No
YOR015W,YOR015W,No
SFM1,YOR021C,No
YOR024W,YOR024W,No
IRC23,YOR044W,No
YOR050C,YOR050C,No
TMC1,YOR052C,No
YOR055W,YOR055W,No
LPL1,YOR059C,No
YOR062C,YOR062C,No
YOR072W,YOR072W,No
TCB1,YOR086C,No
TMA46,YOR091W,No
YOR097C,YOR097C,No
CEX1,YOR112W,No
RTC5,YOR118W,No
AFI1,YOR129C,No
ATG40,YOR152C,No
SWT1,YOR166C,No
THI72,YOR192C,No
YOR200W,YOR200W,No
SPR2,YOR214C,No
YOR225W,YOR225W,No
MCP1,YOR228C,No
YOR238W,YOR238W,No
TUM1,YOR251C,No
MUM3,YOR298W,No
RRG7,YOR305W,No
YOR309C,YOR309C,No
YOR314W,YOR314W,No
SFG1,YOR315W,No
YOR331C,YOR331C,No
YOR338W,YOR338W,No
YOR343C,YOR343C,No
TFB6,YOR352W,No
YOR365C,YOR365C,No
YOR366W,YOR366W,No
YOR376W,YOR376W,No
YOR379C,YOR379C,No
YOR385W,YOR385W,No
AEP3,YPL005W,No
CIP1,YPL014W,No
YPL025C,YPL025C,No
SRL4,YPL033C,No
YPL035C,YPL035C,No
MRX11,YPL041C,No
SGF11,YPL047W,No
RGL1,YPL066W,No
YPL068C,YPL068C,No
YPL073C,YPL073C,No
YPL080C,YPL080C,No
EEB1,YPL095C,No
DPC25,YPL107W,No
MCO76,YPL109C,No
YPL113C,YPL113C,No
GIP3,YPL137C,No
FRK1,YPL141C,No
POC4,YPL144W,No
YPL150W,YPL150W,No
YPL162C,YPL162C,No
ATG29,YPL166W,No
TRE1,YPL176C,No
MRN1,YPL184C,No
YPL197C,YPL197C,No
PGC1,YPL206C,No
TYW1,YPL207W,No
YPL216W,YPL216W,No
YPL225W,YPL225W,No
YPR039W,YPR039W,No
OPI11,YPR044C,No
YPR053C,YPR053C,No
YPR059C,YPR059C,No
YPR063C,YPR063C,No
YPR071W,YPR071W,No
DSE1,YER124C,No
TGL1,YKL140W,No
LTV1,YKL143W,No
DBR1,YKL149C,No
RRD1,YIL153W,No
YAL004W,YAL004W,No
LDS1,YAL018C,No
SAW1,YAL027W,No
YAL037W,YAL037W,No
YAL045C,YAL045C,No
BOL3,YAL046C,No
AIM2,YAL049C,No
BDH2,YAL061W,No
TDA8,YAL064C-A,No
YAL065C,YAL065C,No
PAU8,YAL068C,No
YAR029W,YAR029W,No
YBL010C,YBL010C,No
YBL028C,YBL028C,No
YBL044W,YBL044W,No
YBL053W,YBL053W,No
YBL055C,YBL055C,No
IAI11,YBL059W,No
YBL070C,YBL070C,No
YBL081W,YBL081W,No
YBL086C,YBL086C,No
MRX3,YBL095W,No
SEA4,YBL104C,No
RCR1,YBR005W,No
YBR012C,YBR012C,No
GRX7,YBR014C,No
POA1,YBR022W,No
YBR027C,YBR027C,No
RKM3,YBR030W,No
RFS1,YBR052C,No
YBR056W,YBR056W,No
YBR062C,YBR062C,No
YBR064W,YBR064W,No
YBR071W,YBR071W,No
YBR096W,YBR096W,No
YBR113W,YBR113W,No
YBR137W,YBR137W,No
BMT2,YBR141C,No
RTC2,YBR147W,No
CSH1,YBR161W,No
PEX32,YBR168W,No
GDT1,YBR187W,No
YBR206W,YBR206W,No
YBR219C,YBR219C,No
YBR225W,YBR225W,No
VHC1,YBR235W,No
ERT1,YBR239C,No
YBR242W,YBR242W,No
SPO23,YBR250W,No
YBR259W,YBR259W,No
TAE1,YBR261C,No
SLM6,YBR266C,No
REI1,YBR267W,No
BIT2,YBR270C,No
EFM2,YBR271W,No
UBX7,YBR273C,No
YBR277C,YBR277C,No
SAF1,YBR280C,No
DUG2,YBR281C,No
YBR284W,YBR284W,No
YBR285W,YBR285W,No
YBR292C,YBR292C,No
VBA2,YBR293W,No
YBR300C,YBR300C,No
YCL001W-A,YCL001W-A,No
YCL023C,YCL023C,No
MXR2,YCL033C,No
MGR1,YCL044C,No
YCL046W,YCL046W,No
SPS22,YCL048W,No
VBA3,YCL069W,No
YCL076W,YCL076W,No
YCR006C,YCR006C,No
CTO1,YCR015C,No
YCR023C,YCR023C,No
YCR025C,YCR025C,No
YCR043C,YCR043C,No
YCR049C,YCR049C,No
YCR051W,YCR051W,No
FUB1,YCR076C,No
AHC2,YCR082W,No
YCR099C,YCR099C,No
YCR101C,YCR101C,No
YCR102W-A,YCR102W-A,No
YDL009C,YDL009C,No
YDL011C,YDL011C,No
RTK1,YDL025C,No
YDL032W,YDL032W,No
YDL034W,YDL034W,No
YDL057W,YDL057W,No
YDL062W,YDL062W,No
YDL068W,YDL068W,No
AHK1,YDL073W,No
YDL086W,YDL086W,No
UBX3,YDL091C,No
OPI6,YDL096C,No
TMA17,YDL110C,No
YDL114W,YDL114W,No
YDL129W,YDL129W,No
YDL144C,YDL144C,No
CMR1,YDL156W,No
YDL157C,YDL157C,No
YDL158C,YDL158C,No
YDL162C,YDL162C,No
YDL176W,YDL176W,No
YDL177C,YDL177C,No
YDL180W,YDL180W,No
YDL183C,YDL183C,No
YDL187C,YDL187C,No
YDL199C,YDL199C,No
AIM6,YDL237W,No
YDL242W,YDL242W,No
DAS2,YDR020C,No
YDR029W,YDR029W,No
YDR042C,YDR042C,No
YDR061W,YDR061W,No
ILT1,YDR090C,No
YDR094W,YDR094W,No
YDR102C,YDR102C,No
TMN2,YDR107C,No
YDR124W,YDR124W,No
MTC5,YDR128W,No
MRX16,YDR132C,No
CCW22,YDR134C,No
UPS3,YDR185C,No
YDR199W,YDR199W,No
YDR203W,YDR203W,No
YDR209C,YDR209C,No
MFB1,YDR219C,No
YDR222W,YDR222W,No
YDR248C,YDR248C,No
YDR250C,YDR250C,No
YDR262W,YDR262W,No
YDR271C,YDR271C,No
MGP12,YDR286C,No
HRQ1,YDR291W,No
PMT7,YDR307W,No
OMS1,YDR316W,No
HIM1,YDR317W,No
YFT2,YDR319C,No
UBX5,YDR330W,No
IRC3,YDR332W,No
RQC1,YDR333C,No
YDR338C,YDR338C,No
YDR340W,YDR340W,No
YDR344C,YDR344C,No
PAL1,YDR348C,No
YPQ2,YDR352W,No
CNL1,YDR357C,No
YDR391C,YDR391C,No
YDR415C,YDR415C,No
BNA7,YDR428C,No
YDR442W,YDR442W,No
HHF1,YBR009C,No
KAP104,YBR017C,No
YML012C-A,YML012C-A,No
ACL4,YDR161W,No
YMR057C,YMR057C,No
LDO16,YMR148W,No
ADD37,YMR184W,No
YMR226C,YMR226C,No
TRM732,YMR259C,No
YGR201C,YGR201C,No
RIE1,YGR250C,No
YHR049C-A,YHR049C-A,No
ANS1,YHR126C,No
YHR182W,YHR182W,No
YBR232C,YBR232C,No
POF1,YCL047C,No
YPL264C,YPL264C,No
YLR428C,YLR428C,No
TDA9,YML081W,No
YML119W,YML119W,No
YET2,YMR040W,No
YHR045W,YHR045W,No
DMA1,YHR115C,No
YHR140W,YHR140W,No
YIL014C-A,YIL014C-A,No
RGI2,YIL057C,No
YDL186W,YDL186W,No
YDR015C,YDR015C,No
RRG1,YDR065W,No
YDR114C,YDR114C,No
YDR154C,YDR154C,No
YLR269C,YLR269C,No
CPD1,YGR247W,No
CYM1,YDR430C,No
AIR2,YDL175C,No
CWC21,YDR482C,No
RDR1,YOR380W,No
NEJ1,YLR265C,No
ZRT3,YKL175W,No
PUS5,YLR165C,No
NGL1,YOL042W,No
MSC6,YOR354C,No
VAM3,YOR106W,No
LCB4,YOR171C,No
SLK19,YOR195W,No
STE13,YOR219C,No
ATG10,YLL042C,No
ADE16,YLR028C,No
ERG3,YLR056W,No
SRL2,YLR082C,No
ARN1,YHL040C,No
AAP1,YHR047C,No
NMD2,YHR077C,No
CTM1,YHR109W,No
YCK1,YHR135C,No
RMT2,YDR465C,No
ITR1,YDR497C,No
EUG1,YDR518W,No
UTR4,YEL038W,No
CBP6,YBR120C,No
AGP2,YBR132C,No
EXO5,YBR163W,No
DTR1,YBR180W,No
PEX6,YNL329C,No
CSE2,YNR010W,No
ZRG17,YNR039C,No
RPS25B,YLR333C,No
NMD4,YLR363C,No
RPS29A,YLR388W,No
ECM7,YLR443W,No
SWI3,YJL176C,No
RPL39,YJL189W,No
POL32,YJR043C,No
NTA1,YJR062C,No
ZRT1,YGL255W,No
GSC2,YGR032W,No
UPF3,YGR072W,No
MRP13,YGR084C,No
CTA1,YDR256C,No
MTH1,YDR277C,No
MDH3,YDL078C,No
TRM3,YDL112W,No
YOR248W,YOR248W,No
OCT1,YKL134C,No
ADE5_7,YGL234W,No
DUR1_2,YBR208C,No
ARG5_6,ER069W,No