YJR139C,non_ess
YCR053W,non_ess
YDR354W,non_ess
YEL007W,non_ess
YNL099C,non_ess
YMR216C,non_ess
YIL052C,non_ess
YBR068C,non_ess
YBL067C,non_ess
YHR025W,non_ess
YMR070W,non_ess
YOR274W,non_ess
YOL087C,non_ess
YLR252W,non_ess
YDR008C,non_ess
YNR004W,non_ess
YDR360W,non_ess
YHR030C,non_ess
YKR026C,non_ess
YNL032W,non_ess
YCR034W,non_ess
YER177W,non_ess
YLR451W,non_ess
YDR035W,non_ess
YER090W,non_ess
YHR006W,non_ess
YEL009C,non_ess
YER167W,non_ess
YMR304W,non_ess
YDR007W,non_ess
YPR074C,non_ess
YGL148W,non_ess
YGR057C,non_ess
YER019W,non_ess
YDR156W,non_ess
YGR184C,non_ess
YDR451C,non_ess
YHL034C,non_ess
YKL211C,non_ess
YIL135C,non_ess
YKR007W,non_ess
YDR067C,non_ess
YHL029C,non_ess
YLR055C,non_ess
YPR120C,non_ess
YDR289C,non_ess
YGR208W,non_ess
YEL067C,non_ess
YIR044C,non_ess
YDR306C,non_ess
YDL010W,non_ess
YBL065W,non_ess
YDR314C,non_ess
YFR032C,non_ess
YOR348C,non_ess
YCR048W,non_ess
YBL068W,non_ess
YDR163W,non_ess
YDL018C,non_ess
YDR158W,non_ess
YDR162C,non_ess
YOR184W,non_ess
YLR286C,non_ess
YPL214C,non_ess
YDL210W,non_ess
YDR097C,non_ess
YGL237C,non_ess
YGR041W,non_ess
YOR381W,non_ess
YOR239W,non_ess
YDR152W,non_ess
YKR077W,non_ess
YLR126C,non_ess
YNR019W,non_ess
YDR034C,non_ess
YJL200C,non_ess
YIR034C,non_ess
YMR135W-A,non_ess
YDR234W,non_ess
YGL154C,non_ess
YML022W,non_ess
YNR050C,non_ess
YOL100W,non_ess
YPR060C,non_ess
YDR408C,non_ess
YGR061C,non_ess
YJL126W,non_ess
YHR178W,non_ess
YML013W,non_ess
YOR323C,non_ess
YJL129C,non_ess
YMR083W,non_ess
YPL156C,non_ess
YPL098C,non_ess
YDR281C,non_ess
YOL108C,non_ess
YJL204C,non_ess
YLR058C,non_ess
YAL026C,non_ess
YGL125W,non_ess
YER086W,non_ess
YJL024C,non_ess
YER119C-A,non_ess
YJR111C,non_ess
YNL285W,non_ess
YJR105W,non_ess
YMR123W,non_ess
YDL226C,non_ess
YJR060W,non_ess
YGR204W,non_ess
YER091C-A,non_ess
YKL053C-A,non_ess
YGL007W,non_ess
YDR157W,non_ess
YNL316C,non_ess
YMR300C,non_ess
YOR178C,non_ess
YER091C,non_ess
YGL026C,non_ess
YGL251C,non_ess
YLR303W,non_ess
YER052C,non_ess
YOL064C,non_ess
YDR117C,non_ess
YER066W,non_ess
YPR003C,non_ess
YNL108C,non_ess
YDR336W,non_ess
YHR151C,non_ess
YOL160W,non_ess
YIL090W,non_ess
YOR170W,non_ess
YPR012W,non_ess
YHR029C,non_ess
YNR040W,non_ess
YDR535C,non_ess
YLR177W,non_ess
YBR134W,non_ess
YIL130W,non_ess
YPR079W,non_ess
YIR023W,non_ess
YKR061W,non_ess
YDR122W,non_ess
YLR360W,non_ess
YBL038W,non_ess
YBR288C,non_ess
YDR108W,non_ess
YER123W,non_ess
YDR384C,non_ess
YDL127W,non_ess
YKL212W,non_ess
YCL032W,non_ess
YLR231C,non_ess
YGR010W,non_ess
YKR036C,non_ess
YER176W,non_ess
YKL106W,non_ess
YMR284W,non_ess
YGR193C,non_ess
YNL014W,non_ess
YNR060W,non_ess
YOL044W,non_ess
YLR213C,non_ess
YGL162W,non_ess
YJL165C,non_ess
YDR098C,non_ess
YNL299W,non_ess
YHR153C,non_ess
YPR028W,non_ess
YNL336W,non_ess
YBR069C,non_ess
YCR033W,non_ess
YBR035C,non_ess
YJL134W,non_ess
YHL024W,non_ess
YML009C,non_ess
YCR007C,non_ess
YMR178W,non_ess
YGR295C,non_ess
YKR006C,non_ess
YKL126W,non_ess
YCR094W,non_ess
YAL011W,non_ess
YBR290W,non_ess
YDR389W,non_ess
YNL322C,non_ess
YBL006C,non_ess
YFL012W-A,non_ess
YOR246C,non_ess
YLR171W,non_ess
YAL053W,non_ess
YMR258C,non_ess
YJR119C,non_ess
YMR099C,non_ess
YMR209C,non_ess
YDL172C,non_ess
YLR065C,non_ess
YMR073C,non_ess
YDL173W,non_ess
YNL226W,non_ess
YJR154W,non_ess
YDR484W,non_ess
YJR075W,non_ess
YJL080C,non_ess
YNL229C,non_ess
YKR019C,non_ess
YMR238W,non_ess
YLR085C,non_ess
YOL041C,non_ess
YMR202W,non_ess
YKL032C,non_ess
YER059W,non_ess
YPL051W,non_ess
YML123C,non_ess
YFR034C,non_ess
YLR350W,non_ess
YOR070C,non_ess
YDL074C,non_ess
YEL031W,non_ess
YBR164C,non_ess
YJL117W,non_ess
YJL212C,non_ess
YJL095W,non_ess
YOL006C,non_ess
YJR005W,non_ess
YEL042W,non_ess
YAL040C,non_ess
YHR142W,non_ess
YJL004C,non_ess
YDR270W,non_ess
YLR015W,non_ess
YHR013C,non_ess
YJR058C,non_ess
YFR048W,non_ess
YDL001W,non_ess
YJR059W,non_ess
YNL314W,non_ess
YOL018C,non_ess
YER151C,non_ess
YDR283C,non_ess
YIL154C,non_ess
YMR038C,non_ess
YLR418C,non_ess
YBR106W,non_ess
YKL190W,non_ess
YHR129C,non_ess
YIR033W,non_ess
YNL170W,non_ess
YPL065W,non_ess
YMR154C,non_ess
YJR102C,non_ess
YPL002C,non_ess
YLR025W,non_ess
YHL027W,non_ess
YGL045W,non_ess
YOR008C-A,non_ess
YNR029C,non_ess
YOR342C,non_ess
YCR026C,non_ess
YOR275C,non_ess
YLR113W,non_ess
YLL060C,non_ess
YNL294C,non_ess
YIL160C,non_ess
YDR276C,non_ess
YBR298C,non_ess
YPR032W,non_ess
YJL128C,non_ess
YDL022W,non_ess
YOR360C,non_ess
YNL183C,non_ess
YPR057W,non_ess
YLR330W,non_ess
YMR289W,non_ess
YDL023C,non_ess
YOR356W,non_ess
YCR087W,non_ess
YCR008W,non_ess
YML006C,non_ess
YBR103W,non_ess
YLR120C,non_ess
YFL040W,non_ess
YNL105W,non_ess
YFR016C,non_ess
YPL071C,non_ess
YLL040C,non_ess
YOR030W,non_ess
YMR152W,non_ess
YOR089C,non_ess
YLR181C,non_ess
YPL037C,non_ess
YPL269W,non_ess
YLR204W,non_ess
YPL227C,non_ess
YMR263W,non_ess
YCL008C,non_ess
YMR264W,non_ess
YLR119W,non_ess
YMR214W,non_ess
YPR173C,non_ess
YMR077C,non_ess
YPR061C,non_ess
YLR412W,non_ess
YBR108W,non_ess
YMR102C,non_ess
YDR202C,non_ess
YHR207C,non_ess
YMR109W,non_ess
YOR067C,non_ess
YDL100C,non_ess
YDL101C,non_ess
YCR017C,non_ess
YKL041W,non_ess
YLR417W,non_ess
YAL056C-A,non_ess
YDR049W,non_ess
YOR051C,non_ess
YHR155W,non_ess
YBL083C,non_ess
YGR206W,non_ess
YCL005W,non_ess
YNR068C,non_ess
YOR164C,non_ess
YLR111W,non_ess
YER084W,non_ess
YNR005C,non_ess
YLR374C,non_ess
YMR121C,non_ess
YNL257C,non_ess
YPL120W,non_ess
YNR006W,non_ess
YPL084W,non_ess
YOL004W,non_ess
YNL236W,non_ess
YEL062W,non_ess
YEL005C,non_ess
YBR231C,non_ess
YAL002W,non_ess
YGR058W,non_ess
YLR114C,non_ess
YOR029W,non_ess
YGR237C,non_ess
YPL183C,non_ess
YGR122W,non_ess
YPR153W,non_ess
YKL098W,non_ess
YBR255W,non_ess
YBR215W,non_ess
YOL027C,non_ess
YNL288W,non_ess
YNL027W,non_ess
YKL159C,non_ess
YNL206C,non_ess
YJR140C,non_ess
YBL008W,non_ess
YJL036W,non_ess
YDL236W,non_ess
YPR156C,non_ess
YNL307C,non_ess
YKR073C,non_ess
YNL201C,non_ess
YDR414C,non_ess
YLR436C,non_ess
YNL046W,non_ess
YKL077W,non_ess
YOR302W,non_ess
YGL250W,non_ess
YJR137C,non_ess
YGL252C,non_ess
YOL058W,non_ess
YJR109C,non_ess
YKR069W,non_ess
YDR123C,non_ess
YIL044C,non_ess
YJR073C,non_ess
YJL088W,non_ess
YHR018C,non_ess
YOR303W,non_ess
YMR062C,non_ess
YJL071W,non_ess
YLR089C,non_ess
YOR135C,non_ess
YJL138C,non_ess
YOR069W,non_ess
YJL201W,non_ess
YOR132W,non_ess
YOR136W,non_ess
YOR068C,non_ess
YOR130C,non_ess
YJR010W,non_ess
YML116W-A,non_ess
YBR162W-A,non_ess
YDL133W,non_ess
YJR142W,non_ess
YOL159C,non_ess
YBL062W,non_ess
YDR466W,non_ess
YOR053W,non_ess
YDL203C,non_ess
YKL136W,non_ess
YEL059W,non_ess
YDL146W,non_ess
YPL105C,non_ess
YOL003C,non_ess
YIL054W,non_ess
YLR331C,non_ess
YAR003W,non_ess
YOR123C,non_ess
YHR103W,non_ess
YDL134C,non_ess
YOL062C,non_ess
YMR274C,non_ess
YDR253C,non_ess
YCL010C,non_ess
YPL049C,non_ess
YNR007C,non_ess
YGL006W,non_ess
YHR082C,non_ess
YBL031W,non_ess
YJL073W,non_ess
YLR006C,non_ess
YDR297W,non_ess
YBL061C,non_ess
YNR051C,non_ess
YBR260C,non_ess
YMR015C,non_ess
YNL070W,non_ess
YHL009C,non_ess
YNL231C,non_ess
YKL135C,non_ess
YDR372C,non_ess
YNL268W,non_ess
YNL283C,non_ess
YNL219C,non_ess
YDR395W,non_ess
YJL099W,non_ess
YOR375C,non_ess
YOL089C,non_ess
YOL045W,non_ess
YJL187C,non_ess
YER005W,non_ess
YKL101W,non_ess
YLR170C,non_ess
YDR469W,non_ess
YDR005C,non_ess
YOR115C,non_ess
YDR077W,non_ess
YML117W,non_ess
YJL207C,non_ess
YLL024C,non_ess
YLR267W,non_ess
YGR182C,non_ess
YCR098C,non_ess
YER048C,non_ess
YNL026W,ess
YBL073W,ess
YCL041C,ess
YDL163W,ess
YDL193W,ess
YDL196W,ess
YDL221W,ess
YDR053W,ess
YDR187C,ess
YDR267C,ess
YDR288W,ess
YDR327W,ess
YDR339C,ess
YDR367W,ess
YDR412W,ess
YDR437W,ess
YDR531W,ess
YGL074C,ess
YGR114C,ess
YGR190C,ess
YGR198W,ess
YHR036W,ess
YIL083C,ess
YIL091C,ess
YJL009W,ess
YJL032W,ess
YJL086C,ess
YJL202C,ess
YJR012C,ess
YJR072C,ess
YJR141W,ess
YKL036C,ess
YKL088W,ess
YKL111C,ess
YKL153W,ess
YLL034C,ess
YLL037W,ess
YLR022C,ess
YLR198C,ess
YLR243W,ess
YLR339C,ess
YLR379W,ess
YLR440C,ess
YLR458W,ess
YML125C,ess
YMR185W,ess
YMR298W,ess
YNL114C,ess
YNL150W,ess
YNL247W,ess
YNL260C,ess
YOL022C,ess
YOL134C,ess
YOR004W,ess
YOR060C,ess
YOR102W,ess
YOR169C,ess
YOR203W,ess
YOR262W,ess
YOR282W,ess
YOR287C,ess
YPL044C,ess
YPL142C,ess
YPL146C,ess
YPL251W,ess
YPR143W,ess
YBL077W,ess
YBR070C,ess
YBR190W,ess
YCR013C,ess
YCR072C,ess
YDL016C,ess
YDR355C,ess
YDR365C,ess
YDR396W,ess
YDR413C,ess
YDR527W,ess
YER048W-A,ess
YFR042W,ess
YGL047W,ess
YGL068W,ess
YGL239C,ess
YGL245W,ess
YGR046W,ess
YGR073C,ess
YGR115C,ess
YGR251W,ess
YGR265W,ess
YGR277C,ess
YHR020W,ess
YHR122W,ess
YIL019W,ess
YJL010C,ess
YJL015C,ess
YJL097W,ess
YJL195C,ess
YJR023C,ess
YKL083W,ess
YKR022C,ess
YKR079C,ess
YLR051C,ess
YLR076C,ess
YLR101C,ess
YLR132C,ess
YLR140W,ess
YLR145W,ess
YLR230W,ess
YLR424W,ess
YML023C,ess
YMR134W,ess
YMR290W-A,ess
YNL149C,ess
YNL152W,ess
YNL158W,ess
YNL181W,ess
YNL313C,ess
YNR046W,ess
YNR054C,ess
YOL026C,ess
YOR146W,ess
YOR218C,ess
YOR256C,ess
YPL238C,ess
YPR085C,ess
YPR142C,ess
YPR177C,ess
YBR089W,ess
YBR124W,ess
YDR526C,ess
YLR317W,ess
YER036C,ess
YPR136C,ess
YAL001C,ess
YAL003W,ess
YAL025C,ess
YAL032C,ess
YAL041W,ess
YAL043C,ess
YAR007C,ess
YBL018C,ess
YBL020W,ess
YBL026W,ess
YBL030C,ess
YBL035C,ess
YBL041W,ess
YBL050W,ess
YBL105C,ess
YBR002C,ess
YBR049C,ess
YBR055C,ess
YBR060C,ess
YBR079C,ess
YBR080C,ess
YBR087W,ess
YBR091C,ess
YBR121C,ess
YBR123C,ess
YBR136W,ess
YBR140C,ess
YBR192W,ess
YBR236C,ess
YBR247C,ess
YBR252W,ess
YBR254C,ess
YBR257W,ess
YCL004W,ess
YCL017C,ess
YCL031C,ess
YCL043C,ess
YCL054W,ess
YCR052W,ess
YCR054C,ess
YDL008W,ess
YDL014W,ess
YDL028C,ess
YDL030W,ess
YDL043C,ess
YDL045C,ess
YDL064W,ess
YDL084W,ess
YDL097C,ess
YDL103C,ess
YDL105W,ess
YDL108W,ess
YDL111C,ess
YDL120W,ess
YDL126C,ess
YDL132W,ess
YDL140C,ess
YDL145C,ess
YDL153C,ess
YDL165W,ess
YDL205C,ess
YDL208W,ess
YDL212W,ess
YDL217C,ess
YDL235C,ess
YDR021W,ess
YDR023W,ess
YDR050C,ess
YDR054C,ess
YDR062W,ess
YDR082W,ess
YDR086C,ess
YDR088C,ess
YDR141C,ess
YLR259C,ess
YLR275W,ess
YLR277C,ess
YLR305C,ess
YLR316C,ess
YLR336C,ess
YLR340W,ess
YLR397C,ess
YLR430W,ess
YLR459W,ess
YML010W,ess
YML015C,ess
YML046W,ess
YML049C,ess
YML064C,ess
YML065W,ess
YML069W,ess
YML077W,ess
YML092C,ess
YML098W,ess
YML114C,ess
YMR013C,ess
YMR043W,ess
YMR047C,ess
YMR061W,ess
YMR076C,ess
YMR079W,ess
YMR112C,ess
YMR131C,ess
YMR146C,ess
YMR197C,ess
YMR200W,ess
YMR203W,ess
YMR213W,ess
YMR218C,ess
YMR235C,ess
YMR240C,ess
YMR270C,ess
YMR281W,ess
YMR290C,ess
YMR301C,ess
YMR308C,ess
YNL007C,ess
YNL039W,ess
YNL061W,ess
YNL113W,ess
YNL118C,ess
YNL131W,ess
YNL137C,ess
YNL151C,ess
YNL161W,ess
YNL162W,ess
YNL172W,ess
YNL189W,ess
YNL216W,ess
YNL221C,ess
YNL240C,ess
YNL244C,ess
YNL251C,ess
YNL261W,ess
YNL263C,ess
YNL267W,ess
YNL272C,ess
YNL282W,ess
YNR003C,ess
YNR026C,ess
YNR035C,ess
YNR043W,ess
YOL005C,ess
YOL010W,ess
YOL021C,ess
YOL066C,ess
YOL097C,ess
YOL102C,ess
YOL130W,ess
YOL135C,ess
YOL139C,ess
YOR020C,ess
YOR046C,ess
YOR048C,ess
YOR063W,ess
YOR117W,ess
YOR122C,ess
YOR143C,ess
YOR148C,ess
YOR157C,ess
YOR159C,ess
YOR174W,ess
YOR181W,ess
YOR194C,ess
YOR217W,ess
YOR232W,ess
YOR236W,ess
YOR250C,ess
YOR257W,ess
YOR278W,ess
YOR310C,ess
YOR319W,ess
YOR329C,ess
YOR335C,ess
YOR361C,ess
YOR370C,ess
YPL007C,ess
YPL010W,ess
YPL011C,ess
YPL016W,ess
YPL020C,ess
YPL028W,ess
YPL043W,ess
YPL075W,ess
YPL083C,ess
YPL085W,ess
YPL093W,ess
YPL131W,ess
YPL143W,ess
YPL151C,ess
YPL153C,ess
YPL169C,ess
YPL209C,ess
YPL211W,ess
YPL218W,ess
YPL228W,ess
YPL231W,ess
YPL237W,ess
YPL243W,ess
YPL252C,ess
YPL266W,ess
YPR010C,ess
YPR016C,ess
YPR019W,ess
YPR025C,ess
YPR033C,ess
YPR035W,ess
YPR041W,ess
YPR055W,ess
YPR088C,ess
YPR108W,ess
YPR113W,ess
YPR137W,ess
YPR161C,ess
YPR165W,ess
YPR175W,ess
YPR178W,ess
YPR180W,ess
YPR182W,ess
YPR186C,ess
YPR190C,ess
YAL033W,ess
YAL034W-A,ess
YAL038W,ess
YAR008W,ess
YAR019C,ess
YBL014C,ess
YBL023C,ess
YBL034C,ess
YBL040C,ess
YBL074C,ess
YBL076C,ess
YBL084C,ess
YBL092W,ess
YBL097W,ess
YBR011C,ess
YBR029C,ess
YBR088C,ess
YBR135W,ess
YBR160W,ess
YBR193C,ess
YBR196C,ess
YBR198C,ess
YBR202W,ess
YBR211C,ess
YBR234C,ess
YBR237W,ess
YBR243C,ess
YBR253W,ess
YBR256C,ess
YBR265W,ess
YCL052C,ess
YCL059C,ess
YCR012W,ess
YCR035C,ess
YCR057C,ess
YCR093W,ess
YDL003W,ess
YDL007W,ess
YDL017W,ess
YDL029W,ess
YDL055C,ess
YDL087C,ess
YDL098C,ess
YDL102W,ess
YDL139C,ess
YDL141W,ess
YDL143W,ess
YDL147W,ess
YDL150W,ess
YDL164C,ess
YDL195W,ess
YDL207W,ess
YDL220C,ess
YDR002W,ess
YDR016C,ess
YDR037W,ess
YDR044W,ess
YDR045C,ess
YDR047W,ess
YMR296C,ess
YMR309C,ess
YDR145W,ess
YDR160W,ess
YMR314W,ess
YNL002C,ess
YNL006W,ess
YNL062C,ess
YNL075W,ess
YNL088W,ess
YNL102W,ess
YNL112W,ess
YNL126W,ess
YNL178W,ess
YNL188W,ess
YNL222W,ess
YNL232W,ess
YNL256W,ess
YNL262W,ess
YNL287W,ess
YNL290W,ess
YNL308C,ess
YNL312W,ess
YNL317W,ess
YNR016C,ess
YNR017W,ess
YNR038W,ess
YOL038W,ess
YOL040C,ess
YOL069W,ess
YOL094C,ess
YOL120C,ess
YOL123W,ess
YOL127W,ess
YOL133W,ess
YOL144W,ess
YOL149W,ess
YOR057W,ess
YOR074C,ess
YOR077W,ess
YOR095C,ess
YOR098C,ess
YOR116C,ess
YOR119C,ess
YOR151C,ess
YOR160W,ess
YOR168W,ess
YOR176W,ess
YOR204W,ess
YOR210W,ess
YOR224C,ess
YOR244W,ess
YOR249C,ess
YOR254C,ess
YOR259C,ess
YOR261C,ess
YOR272W,ess
YOR281C,ess
YOR294W,ess
YOR326W,ess
YOR341W,ess
YOR362C,ess
YOR372C,ess
YOR373W,ess
YPL076W,ess
YPL082C,ess
YPL094C,ess
YPL117C,ess
YPL122C,ess
YPL124W,ess
YPL126W,ess
YPL128C,ess
YPL160W,ess
YPL175W,ess
YPL190C,ess
YPL204W,ess
YPL210C,ess
YPL235W,ess
YPL242C,ess
YPL255W,ess
YPR034W,ess
YPR048W,ess
YPR056W,ess
YPR082C,ess
YPR103W,ess
YPR107C,ess
YPR110C,ess
YPR162C,ess
YPR168W,ess
YPR176C,ess
YPR181C,ess
YPR183W,ess
YHR088W,ess
YDR041W,ess
YOL077C,ess
YDR303C,ess
YHR074W,ess
YNL258C,ess
YMR049C,ess
YDR361C,ess
YDL015C,ess
YMR288W,ess
YKL052C,ess
YNL132W,ess
YER126C,ess
YER082C,ess
YGL099W,ess
YER038C,ess
YNL038W,ess
YDL060W,ess
YKR081C,ess
YDL148C,ess
YLR186W,ess
YGR156W,ess
YHR070W,ess
YNL163C,ess
YER147C,ess
YLR009W,ess
YNR053C,ess
YDR434W,ess
YHR188C,ess
YDL166C,ess
YLR033W,ess
YER006W,ess
YDR060W,ess
YGL111W,ess
YNL110C,ess
YKL018W,ess
YOR206W,ess
YPL012W,ess
YPR133C,ess
YLR002C,ess
YGR103W,ess
YML127W,ess
YNL306W,ess
YPR105C,ess
YKR083C,ess
YGR179C,ess
YIL003W,ess
YKR071C,ess
YLR010C,ess
YKL059C,ess
YNL207W,ess
YOR056C,ess
YBR038W,ess
YBR102C,ess
YBR110W,ess
YBR142W,ess
YBR143C,ess
YBR152W,ess
YBR153W,ess
YBR154C,ess
YBR155W,ess
YBR167C,ess
YDL004W,ess
YDL031W,ess
YDL058W,ess
YDL092W,ess
YDR468C,ess
YDR487C,ess
YDR498C,ess
YDR499W,ess
YFL002C,ess
YFL005W,ess
YFL017W-A,ess
YFL029C,ess
YFL034C-B,ess
YFR002W,ess
YIL051C,ess
YIL115C,ess
YIL129C,ess
YIR015W,ess
YJL156C,ess
YKL141W,ess
YKL182W,ess
YNL103W,ess
YNR011C,ess
YOR103C,ess
YOR336W,ess
YPL217C,ess
YPR086W,ess
YPR104C,ess
YDL209C,ess
YNL245C,ess
YGR278W,ess
YGL128C,ess
YLR323C,ess
YLR106C,ess
YNL124W,ess
YGL247W,ess
YIL104C,ess
YPR094W,ess
YKL078W,ess
YMR211W,ess
YPL233W,ess
YIR010W,ess
YML093W,ess
YDR449C,ess
YLR222C,ess
YDR398W,ess
YDR324C,ess
YJL109C,ess
YKL099C,ess
YMR093W,ess
YHR196W,ess
YJL069C,ess
YPR144C,ess
YGR280C,ess
YBL004W,ess
YDR201W,ess
YDR164C,ess
YDR166C,ess
YDR168W,ess
YDR170C,ess
YDR172W,ess
YDR177W,ess
YDR188W,ess
YDR190C,ess
YDR212W,ess
YDR236C,ess
YDR238C,ess
YDR243C,ess
YDR302W,ess
YDR311W,ess
YDR325W,ess
YDR331W,ess
YDR362C,ess
YDR390C,ess
YDR394W,ess
YDR397C,ess
YDR404C,ess
YDR407C,ess
YDR416W,ess
YDR429C,ess
YDR454C,ess
YDR464W,ess
YDR473C,ess
YDR478W,ess
YDR510W,ess
YEL026W,ess
YEL032W,ess
YEL035C,ess
YER008C,ess
YER013W,ess
YER018C,ess
YER022W,ess
YER025W,ess
YER043C,ess
YER094C,ess
YER104W,ess
YER112W,ess
YER125W,ess
YER136W,ess
YER148W,ess
YER159C,ess
YER165W,ess
YER171W,ess
YFL009W,ess
YFL022C,ess
YFL037W,ess
YFL039C,ess
YFL045C,ess
YFR004W,ess
YFR027W,ess
YFR029W,ess
YFR031C,ess
YFR050C,ess
YFR052W,ess
YGL001C,ess
YGL008C,ess
YGL011C,ess
YGL018C,ess
YGL030W,ess
YGL040C,ess
YGL044C,ess
YGL048C,ess
YGL055W,ess
YGL065C,ess
YGL073W,ess
YGL091C,ess
YGL093W,ess
YGL103W,ess
YGL112C,ess
YGL116W,ess
YGL122C,ess
YGL137W,ess
YGL142C,ess
YGL145W,ess
YGL155W,ess
YGL171W,ess
YGL207W,ess
YGL225W,ess
YGL238W,ess
YGR005C,ess
YGR009C,ess
YGR029W,ess
YGR048W,ess
YGR065C,ess
YGR074W,ess
YGR075C,ess
YGR082W,ess
YGR083C,ess
YGR098C,ess
YGR116W,ess
YGR119C,ess
YGR147C,ess
YGR172C,ess
YGR185C,ess
YGR211W,ess
YGR246C,ess
YGR267C,ess
YGR274C,ess
YHR005C-A,ess
YHR007C,ess
YHR019C,ess
YHR024C,ess
YHR062C,ess
YHR065C,ess
YHR068W,ess
YHR072W,ess
YHR118C,ess
YHR143W-A,ess
YHR148W,ess
YHR164C,ess
YHR170W,ess
YHR172W,ess
YHR190W,ess
YIL022W,ess
YIL031W,ess
YIL061C,ess
YIL106W,ess
YIL109C,ess
YIL118W,ess
YIL126W,ess
YIL143C,ess
YIR008C,ess
YIR012W,ess
YIR022W,ess
YJL001W,ess
YJL025W,ess
YJL031C,ess
YJL035C,ess
YJL039C,ess
YJL054W,ess
YJL061W,ess
YJL074C,ess
YJL081C,ess
YJL085W,ess
YJL090C,ess
YJL111W,ess
YJL143W,ess
YJL167W,ess
YJL173C,ess
YJL174W,ess
YJR002W,ess
YJR007W,ess
YJR016C,ess
YJR022W,ess
YJR046W,ess
YJR064W,ess
YJR068W,ess
YJR123W,ess
YKL006C-A,ess
YKL012W,ess
YKL022C,ess
YKL028W,ess
YKL058W,ess
YKL060C,ess
YKL089W,ess
YKL095W,ess
YKL112W,ess
YKL145W,ess
YKL152C,ess
YKL173W,ess
YKL186C,ess
YKL189W,ess
YKL193C,ess
YKL203C,ess
YKR004C,ess
YKR008W,ess
YKR062W,ess
YKR086W,ess
YLL003W,ess
YLL004W,ess
YLL008W,ess
YLL011W,ess
YLL018C,ess
YLL031C,ess
YLL036C,ess
YLR005W,ess
YLR026C,ess
YLR029C,ess
YLR045C,ess
YLR060W,ess
YLR066W,ess
YLR071C,ess
YLR078C,ess
YLR088W,ess
YLR100W,ess
YLR103C,ess
YLR115W,ess
YLR117C,ess
YLR127C,ess
YLR141W,ess
YLR147C,ess
YLR153C,ess
YLR166C,ess
YLR175W,ess
YLR195C,ess
YLR197W,ess
YLR215C,ess
YLR223C,ess
YLR229C,ess
YLR249W,ess
YLR409C,ess
YPR169W,ess
YDR052C,ess
YDR064W,ess
YLR007W,ess
YOL034W,ess
YJR013W,ess
YDR081C,ess
YDR087C,ess
YDR091C,ess
YDR113C,ess
YDR118W,ess
YDR167W,ess
YDR180W,ess
YDR182W,ess
YDR189W,ess
YDR208W,ess
YDR211W,ess
YDR224C,ess
YDR228C,ess
YDR232W,ess
YDR235W,ess
YDR240C,ess
YDR246W,ess
YDR280W,ess
YDR292C,ess
YDR299W,ess
YDR301W,ess
YDR308C,ess
YDR328C,ess
YDR353W,ess
YDR356W,ess
YDR373W,ess
YDR376W,ess
YDR381W,ess
YDR427W,ess
YDR460W,ess
YDR472W,ess
YEL002C,ess
YEL019C,ess
YEL034W,ess
YEL055C,ess
YEL058W,ess
YER003C,ess
YER009W,ess
YER012W,ess
YER021W,ess
YER023W,ess
YER127W,ess
YER133W,ess
YER146W,ess
YER157W,ess
YER168C,ess
YER172C,ess
YFL008W,ess
YFL017C,ess
YFL024C,ess
YFL038C,ess
YFR005C,ess
YFR028C,ess
YFR037C,ess
YFR051C,ess
YGL061C,ess
YGL075C,ess
YGL092W,ess
YGL097W,ess
YGL120C,ess
YGL123W,ess
YGL130W,ess
YGL150C,ess
YGL169W,ess
YGL172W,ess
YGL201C,ess
YGR013W,ess
YGR030C,ess
YGR047C,ess
YGR091W,ess
YGR094W,ess
YGR099W,ess
YGR113W,ess
YGR120C,ess
YGR140W,ess
YGR158C,ess
YGR186W,ess
YGR195W,ess
YGR216C,ess
YGR218W,ess
YGR245C,ess
YGR253C,ess
YHR042W,ess
YHR058C,ess
YHR069C,ess
YHR101C,ess
YHR107C,ess
YIL004C,ess
YIL021W,ess
YIL026C,ess
YIL046W,ess
YIL048W,ess
YIL063C,ess
YIL068C,ess
YIL075C,ess
YIL078W,ess
YIL142W,ess
YIL147C,ess
YIL150C,ess
YIR006C,ess
YIR011C,ess
YJL002C,ess
YJL005W,ess
YJL008C,ess
YJL014W,ess
YJL026W,ess
YJL033W,ess
YJL034W,ess
YJL041W,ess
YJL050W,ess
YJL076W,ess
YJL087C,ess
YJL125C,ess
YJL194W,ess
YJL203W,ess
YJR006W,ess
YJR017C,ess
YJR042W,ess
YJR045C,ess
YJR057W,ess
YJR065C,ess
YJR067C,ess
YJR076C,ess
YJR093C,ess
YJR112W,ess
YKL004W,ess
YKL013C,ess
YKL019W,ess
YKL021C,ess
YKL024C,ess
YKL035W,ess
YKL042W,ess
YKL045W,ess
YKL049C,ess
YKL104C,ess
YKL108W,ess
YKL122C,ess
YKL125W,ess
YKL144C,ess
YKL154W,ess
YKL165C,ess
YKL172W,ess
YKL180W,ess
YKL192C,ess
YKL196C,ess
YKL210W,ess
YKR002W,ess
YKR025W,ess
YKR037C,ess
YKR063C,ess
YKR068C,ess
YLL035W,ess
YLL050C,ess
YLR075W,ess
YLR086W,ess
YLR105C,ess
YLR116W,ess
YLR129W,ess
YLR163C,ess
YLR167W,ess
YLR196W,ess
YLR208W,ess
YLR212C,ess
YLR272C,ess
YLR274W,ess
YLR276C,ess
YLR291C,ess
YLR298C,ess
YLR310C,ess
YLR314C,ess
YLR321C,ess
YLR347C,ess
YLR355C,ess
YLR359W,ess
YLR378C,ess
YLR438C-A,ess
YLR457C,ess
YML031W,ess
YML043C,ess
YML085C,ess
YML091C,ess
YML105C,ess
YML126C,ess
YML130C,ess
YMR001C,ess
YMR005W,ess
YMR028W,ess
YMR033W,ess
YMR059W,ess
YMR094W,ess
YMR113W,ess
YMR117C,ess
YMR128W,ess
YMR149W,ess
YMR168C,ess
YMR208W,ess
YMR220W,ess
YMR227C,ess
YMR229C,ess
YMR236W,ess
YMR239C,ess
YMR260C,ess
YMR268C,ess
YMR277W,ess
YOL078W,ess
YBR109C,ess
YHR186C,ess
YGR002C,ess
YGR090W,ess
YJL011C,ess
YKR038C,ess
YER093C,ess
YGR145W,ess
YJL019W,ess
YGL098W,ess
YOR353C,ess
YHR085W,ess
YNL182C,ess
YPL063W,ess
YKL082C,ess
YFR003C,ess
YDR013W,ess
YDR489W,ess
YJL072C,ess
YHR040W,ess
YOL146W,ess
YJL091C,ess
YHR197W,ess
YLR008C,ess
YGR024C,ess
YHR023W,ess
YML025C,ess
YHR083W,ess
YKL195W,ess
YGL069C,ess
YNL310C,ess
YKL033W,ess
YKL014C,ess
YJR041C,ess
YBR004C,ess
YDR341C,ess
YGL102C,ess
YAL034C-B,ess
YDL152W,ess
YGR128C,ess
YPR112C,ess
YPR187W,ess
YJL104W,ess
YGL113W,ess
YGR191W,ess
YGR264C,ess
YHR166C,ess
YIL062C,ess
YIL144W,ess
YOR075W,ess
YOR149C,ess
YOR207C,ess
YOR260W,ess
YOR340C,ess
YGL233W,ess
YGR060W,ess
YGR095C,ess
YGR175C,ess
YHL015W,ess
YDR196C,ess
YHR128W,ess
YLR293C,ess
YEL012W,non_ess
YEL017C-A,non_ess
YKR072C,non_ess
YKR080W,non_ess
YKL156W,non_ess
YKL164C,non_ess
YKL166C,non_ess
YKL168C,non_ess
YKL178C,non_ess
YKL181W,non_ess
YKL184W,non_ess
YKL191W,non_ess
YKL197C,non_ess
YKL205W,non_ess
YKL209C,non_ess
YKL213C,non_ess
YKL217W,non_ess
YKL220C,non_ess
YKR010C,non_ess
YKR014C,non_ess
YKR024C,non_ess
YKR031C,non_ess
YKR039W,non_ess
YKR050W,non_ess
YKR053C,non_ess
YKR055W,non_ess
YKR057W,non_ess
YKR059W,non_ess
YKR066C,non_ess
YKR076W,non_ess
YKR084C,non_ess
YKR092C,non_ess
YKR094C,non_ess
YKR097W,non_ess
YKR099W,non_ess
YKR101W,non_ess
YKR102W,non_ess
YLL001W,non_ess
YLL002W,non_ess
YLL006W,non_ess
YLL009C,non_ess
YLL010C,non_ess
YLL015W,non_ess
YLL017W,non_ess
YLL018C-A,non_ess
YLL019C,non_ess
YLL021W,non_ess
YLL026W,non_ess
YLL027W,non_ess
YLL039C,non_ess
YLL041C,non_ess
YLL043W,non_ess
YLL046C,non_ess
YLL051C,non_ess
YLL062C,non_ess
YLR013W,non_ess
YLR018C,non_ess
YLR024C,non_ess
YLR034C,non_ess
YLR038C,non_ess
YLR043C,non_ess
YLR083C,non_ess
YLR092W,non_ess
YLR094C,non_ess
YLR096W,non_ess
YLR107W,non_ess
YLR131C,non_ess
YLR134W,non_ess
YLR138W,non_ess
YLR144C,non_ess
YLR150W,non_ess
YLR172C,non_ess
YLR178C,non_ess
YLR182W,non_ess
YLR188W,non_ess
YLR191W,non_ess
YLR203C,non_ess
YLR207W,non_ess
YLR210W,non_ess
YLR220W,non_ess
YLR226W,non_ess
YLR228C,non_ess
YLR233C,non_ess
YLR234W,non_ess
YLR237W,non_ess
YLR240W,non_ess
YLR242C,non_ess
YLR244C,non_ess
YLR246W,non_ess
YLR248W,non_ess
YLR250W,non_ess
YLR258W,non_ess
YLR260W,non_ess
YLR262C,non_ess
YLR263W,non_ess
YLR264W,non_ess
YLR268W,non_ess
YLR273C,non_ess
YLR289W,non_ess
YLR292C,non_ess
YLR295C,non_ess
YLR299W,non_ess
YLR307W,non_ess
YLR309C,non_ess
YLR312W-A,non_ess
YLR319C,non_ess
YLR325C,non_ess
YLR344W,non_ess
YLR348C,non_ess
YLR354C,non_ess
YLR357W,non_ess
YLR369W,non_ess
YLR371W,non_ess
YLR373C,non_ess
YLR377C,non_ess
YLR382C,non_ess
YLR390W,non_ess
YLR393W,non_ess
YLR395C,non_ess
YLR399C,non_ess
YLR406C,non_ess
YLR421C,non_ess
YLR425W,non_ess
YLR438W,non_ess
YLR441C,non_ess
YLR448W,non_ess
YLR450W,non_ess
YLR453C,non_ess
YML001W,non_ess
YML008C,non_ess
YML017W,non_ess
YML021C,non_ess
YML026C,non_ess
YML028W,non_ess
YML032C,non_ess
YML035C,non_ess
YML042W,non_ess
YML048W,non_ess
YML051W,non_ess
YML052W,non_ess
YML054C,non_ess
YML055W,non_ess
YML057W,non_ess
YML058W,non_ess
YML060W,non_ess
YML061C,non_ess
YML062C,non_ess
YML063W,non_ess
YML067C,non_ess
YML070W,non_ess
YML074C,non_ess
YML075C,non_ess
YML081C-A,non_ess
YML086C,non_ess
YML095C,non_ess
YML100W,non_ess
YML104C,non_ess
YML106W,non_ess
YML110C,non_ess
YML112W,non_ess
YML116W,non_ess
YML121W,non_ess
YML124C,non_ess
YML129C,non_ess
YMR004W,non_ess
YMR006C,non_ess
YMR011W,non_ess
YMR016C,non_ess
YMR019W,non_ess
YMR021C,non_ess
YMR023C,non_ess
YMR026C,non_ess
YMR032W,non_ess
YMR035W,non_ess
YMR039C,non_ess
YMR053C,non_ess
YMR055C,non_ess
YMR063W,non_ess
YMR065W,non_ess
YMR081C,non_ess
YMR089C,non_ess
YMR092C,non_ess
YMR096W,non_ess
YMR101C,non_ess
YLR039C,non_ess
YLR044C,non_ess
YLR048W,non_ess
YGL139W,non_ess
YJR084W,non_ess
YMR025W,non_ess
YKR082W,non_ess
YKR085C,non_ess
YKR091W,non_ess
YKR093W,non_ess
YKR095W,non_ess
YKR098C,non_ess
YLL028W,non_ess
YLL038C,non_ess
YLL045C,non_ess
YLL048C,non_ess
YLL052C,non_ess
YLL061W,non_ess
YLL063C,non_ess
YLR014C,non_ess
YLR017W,non_ess
YLR019W,non_ess
YLR027C,non_ess
YLR032W,non_ess
YLR035C,non_ess
YLR059C,non_ess
YLR061W,non_ess
YLR067C,non_ess
YLR069C,non_ess
YLR079W,non_ess
YLR084C,non_ess
YLR090W,non_ess
YLR093C,non_ess
YLR095C,non_ess
YLR098C,non_ess
YLR099C,non_ess
YLR102C,non_ess
YLR109W,non_ess
YLR121C,non_ess
YLR130C,non_ess
YLR133W,non_ess
YLR136C,non_ess
YLR139C,non_ess
YLR142W,non_ess
YLR146C,non_ess
YLR148W,non_ess
YLR151C,non_ess
YLR174W,non_ess
YLR176C,non_ess
YLR180W,non_ess
YLR185W,non_ess
YLR189C,non_ess
YLR192C,non_ess
YLR200W,non_ess
YLR206W,non_ess
YLR214W,non_ess
YLR216C,non_ess
YLR284C,non_ess
YLR287C-A,non_ess
YLR288C,non_ess
YLR300W,non_ess
YLR304C,non_ess
YLR306W,non_ess
YLR308W,non_ess
YLR313C,non_ess
YLR318W,non_ess
YLR329W,non_ess
YLR332W,non_ess
YLR335W,non_ess
YLR337C,non_ess
YLR342W,non_ess
YLR351C,non_ess
YLR353W,non_ess
YLR362W,non_ess
YLR367W,non_ess
YLR370C,non_ess
YLR372W,non_ess
YLR375W,non_ess
YLR380W,non_ess
YLR384C,non_ess
YLR389C,non_ess
YLR390W-A,non_ess
YLR394W,non_ess
YLR396C,non_ess
YLR398C,non_ess
YLR403W,non_ess
YLR410W,non_ess
YLR420W,non_ess
YLR423C,non_ess
YLR429W,non_ess
YLR433C,non_ess
YLR439W,non_ess
YLR442C,non_ess
YLR447C,non_ess
YLR449W,non_ess
YLR452C,non_ess
YLR461W,non_ess
YML004C,non_ess
YML007W,non_ess
YML012W,non_ess
YML016C,non_ess
YML019W,non_ess
YML024W,non_ess
YML027W,non_ess
YML034W,non_ess
YML038C,non_ess
YML078W,non_ess
YML094W,non_ess
YML097C,non_ess
YML099C,non_ess
YML102W,non_ess
YML103C,non_ess
YML109W,non_ess
YML111W,non_ess
YML113W,non_ess
YML115C,non_ess
YML120C,non_ess
YMR008C,non_ess
YMR012W,non_ess
YMR017W,non_ess
YMR020W,non_ess
YMR022W,non_ess
YMR024W,non_ess
YMR036C,non_ess
YMR042W,non_ess
YMR044W,non_ess
YMR052W,non_ess
YMR054W,non_ess
YMR056C,non_ess
YMR060C,non_ess
YMR064W,non_ess
YMR066W,non_ess
YMR072W,non_ess
YMR078C,non_ess
YMR080C,non_ess
YMR091C,non_ess
YMR095C,non_ess
YMR100W,non_ess
YMR104C,non_ess
YMR106C,non_ess
YMR125W,non_ess
YMR129W,non_ess
YMR133W,non_ess
YMR137C,non_ess
YMR139W,non_ess
YMR143W,non_ess
YMR151W,non_ess
YMR153W,non_ess
YMR159C,non_ess
YMR161W,non_ess
YMR165C,non_ess
YMR170C,non_ess
YMR173W,non_ess
YMR205C,non_ess
YMR217W,non_ess
YMR219W,non_ess
YMR224C,non_ess
YMR231W,non_ess
YMR234W,non_ess
YMR241W,non_ess
YMR243C,non_ess
YMR246W,non_ess
YMR251W-A,non_ess
YMR256C,non_ess
YMR271C,non_ess
YMR273C,non_ess
YMR275C,non_ess
YMR280C,non_ess
YMR282C,non_ess
YMR287C,non_ess
YMR292W,non_ess
YMR302C,non_ess
YMR306W,non_ess
YMR307W,non_ess
YMR319C,non_ess
YNL004W,non_ess
YNL009W,non_ess
YNL015W,non_ess
YNL020C,non_ess
YNL021W,non_ess
YNL025C,non_ess
YNL029C,non_ess
YNL031C,non_ess
YNL037C,non_ess
YNL042W,non_ess
YHR143W,non_ess
YOR245C,non_ess
YLR266C,non_ess
YKL046C,non_ess
YGL121C,non_ess
YMR097C,non_ess
YKR030W,non_ess
YOR320C,non_ess
YHR111W,non_ess
YOL063C,non_ess
YOR267C,non_ess
YHL023C,non_ess
YJL058C,non_ess
YPL112C,non_ess
YGL168W,non_ess
YHR067W,non_ess
YDR512C,non_ess
YJL003W,non_ess
YOL071W,non_ess
YDR255C,non_ess
YKL076C,non_ess
YLR376C,non_ess
YDR516C,non_ess
YER083C,non_ess
YOL054W,non_ess
YGL020C,non_ess
YEL072W,non_ess
YGL107C,non_ess
YOR165W,non_ess
YDL189W,non_ess
YGL258W,non_ess
YOR243C,non_ess
YOR049C,non_ess
YAL014C,non_ess
YML068W,non_ess
YLR270W,non_ess
YOR173W,non_ess
YDR057W,non_ess
YGR096W,non_ess
YDR233C,non_ess
YDL204W,non_ess
YMR140W,non_ess
YJL075C,non_ess
YIL040W,non_ess
YHR081W,non_ess
YOR147W,non_ess
YDR153C,non_ess
YHR194W,non_ess
YHR176W,non_ess
YPL157W,non_ess
YDR425W,non_ess
YLR435W,non_ess
YER028C,non_ess
YCR105W,non_ess
YLR285W,non_ess
YPL013C,non_ess
YMR188C,non_ess
YNR022C,non_ess
YGR165W,non_ess
YNL177C,non_ess
YMR158W,non_ess
YDR116C,non_ess
YPR100W,non_ess
YGR086C,non_ess
YPL004C,non_ess
YBL057C,non_ess
YHR189W,non_ess
YOL093W,non_ess
YPL170W,non_ess
YKL160W,non_ess
YOL002C,non_ess
YOR284W,non_ess
YEL015W,non_ess
YGL198W,non_ess
YEL017W,non_ess
YGR161C,non_ess
YLR427W,non_ess
YGL004C,non_ess
YIL112W,non_ess
YDL213C,non_ess
YGL161C,non_ess
YGR268C,non_ess
YBL049W,non_ess
YKR046C,non_ess
YHR105W,non_ess
YPR171W,non_ess
YCL039W,non_ess
YPL070W,non_ess
YJL199C,non_ess
YJR083C,non_ess
YMR322C,non_ess
YGR089W,non_ess
YLR097C,non_ess
YKR060W,non_ess
YMR192W,non_ess
YMR126C,non_ess
YDL046W,non_ess
YER119C,non_ess
YIL088C,non_ess
YBL089W,non_ess
YKL146W,non_ess
YEL064C,non_ess
YNL101W,non_ess
YJR001W,non_ess
YGR173W,non_ess
YGL144C,non_ess
YIL007C,non_ess
YKR104W,non_ess
YDR229W,non_ess
YCL063W,non_ess
YDR247W,non_ess
YOR054C,non_ess
YOR108W,non_ess
YNL253W,non_ess
YJL178C,non_ess
YIL121W,non_ess
YNL127W,non_ess
YLR238W,non_ess
YFR008W,non_ess
YMR029C,non_ess
YBL091C-A,non_ess
YBL064C,non_ess
YBR194W,non_ess
YBR101C,non_ess
YJL192C,non_ess
YKL132C,non_ess
YDR084C,non_ess
YDR100W,non_ess
YHR181W,non_ess
YIL041W,non_ess
YKR088C,non_ess
YMR071C,non_ess
YLR405W,non_ess
YLR190W,non_ess
YLR401C,non_ess
YKL005C,non_ess
YMR313C,non_ess
YBR210W,non_ess
YBR203W,non_ess
YAL048C,non_ess
YHR177W,non_ess
YJL184W,non_ess
YLL033W,non_ess
YPL183W-A,non_ess
YDR105C,non_ess
YGL051W,non_ess
YKL051W,non_ess
YGL164C,non_ess
YML014W,non_ess
YDR036C,non_ess
YDR479C,non_ess
YHR150W,non_ess
YDL037C,non_ess
YDR275W,non_ess
YNL269W,non_ess
YNR069C,non_ess
YOL137W,non_ess
YFL030W,non_ess
YNL081C,non_ess
YGL060W,non_ess
YBR216C,non_ess
YOR155C,non_ess
YLR054C,non_ess
YOR255W,non_ess
YHR133C,non_ess
YNL156C,non_ess
YDR279W,non_ess
YLR154C,non_ess
YPL246C,non_ess
YPL180W,non_ess
YAL028W,non_ess
YOR172W,non_ess
YPL159C,non_ess
YGR003W,non_ess
YIL105C,non_ess
YOR324C,non_ess
YOL031C,non_ess
YMR069W,non_ess
YFR046C,non_ess
YGL179C,non_ess
YHL035C,non_ess
YDR346C,non_ess
YLR431C,non_ess
YDR071C,non_ess
YDL053C,non_ess
YOR193W,non_ess
YKL086W,non_ess
YBR269C,non_ess
YGR081C,non_ess
YMR294W-A,non_ess
YMR304C-A,non_ess
YNR067C,non_ess
YOR264W,non_ess
YJL198W,non_ess
YJL020C,non_ess
YCL016C,non_ess
YLR239C,non_ess
YKL183W,non_ess
YLR011W,non_ess
YCL061C,non_ess
YOR295W,non_ess
YPR008W,non_ess
YPL202C,non_ess
YOL082W,non_ess
YER024W,non_ess
YKR090W,non_ess
YLR087C,non_ess
YDR371W,non_ess
YGL219C,non_ess
YML029W,non_ess
YPR009W,non_ess
YPL101W,non_ess
YMR312W,non_ess
YEL044W,non_ess
YOR189W,non_ess
YER092W,non_ess
YER002W,non_ess
YPR154W,non_ess
YOR104W,non_ess
YBL051C,non_ess
YGL066W,non_ess
YNL078W,non_ess
YDR496C,non_ess
YPL196W,non_ess
YOR177C,non_ess
YGL014W,non_ess
YLL013C,non_ess
YPL165C,non_ess
YKR029C,non_ess
YJL105W,non_ess
YDR273W,non_ess
YBR258C,non_ess
YMR119W,non_ess
YNL008C,non_ess
YNL159C,non_ess
YPL138C,non_ess
YKR067W,non_ess
YBR175W,non_ess
YFR024C-A,non_ess
YJL100W,non_ess
YCL034W,non_ess
YGR136W,non_ess
YPR128C,non_ess
YLR221C,non_ess
YDR494W,non_ess
YGL223C,non_ess
YNL041C,non_ess
YDR525W-A,non_ess
YDL115C,non_ess
YLR205C,non_ess
YGR169C,non_ess
YNL218W,non_ess
YDL123W,non_ess
YJL151C,non_ess
YBR223C,non_ess
YLR320W,non_ess
YOR258W,non_ess
YML071C,non_ess
YNL051W,non_ess
YGL005C,non_ess
YGR138C,non_ess
YOR273C,non_ess
YDR014W,non_ess
YAL060W,non_ess
YFL047W,non_ess
YPL249C,non_ess
YFL027C,non_ess
YCL036W,non_ess
YOL119C,non_ess
YDL054C,non_ess
YOR306C,non_ess
YKL221W,non_ess
YHR156C,non_ess
YLR080W,non_ess
YPL186C,non_ess
YKR044W,non_ess
YAR027W,non_ess
YOR279C,non_ess
YOR197W,non_ess
YOR137C,non_ess
YBR033W,non_ess
YDR078C,non_ess
YML076C,non_ess
YDR214W,non_ess
YOL017W,non_ess
YLR070C,non_ess
YBL032W,non_ess
YMR145C,non_ess
YDL085W,non_ess
YEL018W,non_ess
YGL136C,non_ess
YPL100W,non_ess
YJR082C,non_ess
YIL079C,non_ess
YKL034W,non_ess
YOR359W,non_ess
YLR386W,non_ess
YPL064C,non_ess
YHR046C,non_ess
YOR083W,non_ess
YLR368W,non_ess
YKR020W,non_ess
YPL055C,non_ess
YKL214C,non_ess
YLR328W,non_ess
YMR318C,non_ess
YLR381W,non_ess
YDR453C,non_ess
YDL219W,non_ess
YBR061C,non_ess
YOR087W,non_ess
YCR106W,non_ess
YPL133C,non_ess
YJL060W,non_ess
YBL098W,non_ess
YFR047C,non_ess
YJR078W,non_ess
YGL064C,non_ess
YDR136C,non_ess
YDR200C,non_ess
YPR139C,non_ess
YOL129W,non_ess
YJR126C,non_ess
YPR087W,non_ess
YML041C,non_ess
YNL246W,non_ess
YLR322W,non_ess
YGL104C,non_ess
YDR485C,non_ess
YLR261C,non_ess
YGR141W,non_ess
YGR101W,non_ess
YDL223C,non_ess
YNL091W,non_ess
YDR101C,non_ess
YJL145W,non_ess
YDL201W,non_ess
YDR165W,non_ess
YDR525W,non_ess
YDR383C,non_ess
YLR315W,non_ess
YHL002W,non_ess
YNR065C,non_ess
YOR253W,non_ess
YNL164C,non_ess
YNL094W,non_ess
YDR475C,non_ess
YDL113C,non_ess
YKL179C,non_ess
YOL030W,non_ess
YOL132W,non_ess
YMR215W,non_ess
YCR030C,non_ess
YGL131C,non_ess
YLR251W,non_ess
YMR068W,non_ess
YLR361C,non_ess
YPR031W,non_ess
YER107C,non_ess
YIL113W,non_ess
YMR135C,non_ess
YKL054C,non_ess
YOL117W,non_ess
YOL128C,non_ess
YPL181W,non_ess
YDL076C,non_ess
YMR075W,non_ess
YBR095C,non_ess
YML101C,non_ess
YKL090W,non_ess
YOR042W,non_ess
YGL110C,non_ess
YHR076W,non_ess
YEL024W,non_ess
YEL030W,non_ess
YMR108W,non_ess
YMR116C,non_ess
YMR120C,non_ess
YMR315W,non_ess
YMR316C-B,non_ess
YNL011C,non_ess
YNL024C,non_ess
YNL034W,non_ess
YNL045W,non_ess
YNL050C,non_ess
YNL056W,non_ess
YNL058C,non_ess
YNL080C,non_ess
YNL083W,non_ess
YNL089C,non_ess
YNL092W,non_ess
YNL095C,non_ess
YNL100W,non_ess
YNL115C,non_ess
YNL116W,non_ess
YNL119W,non_ess
YNL120C,non_ess
YNL122C,non_ess
YNL123W,non_ess
YNL129W,non_ess
YNL134C,non_ess
YNL140C,non_ess
YNL143C,non_ess
YNL146W,non_ess
YNL155W,non_ess
YNL157W,non_ess
YNL165W,non_ess
YNL176C,non_ess
YNL187W,non_ess
YNL191W,non_ess
YNL194C,non_ess
YNL200C,non_ess
YNL203C,non_ess
YNL211C,non_ess
YNL228W,non_ess
YNL235C,non_ess
YNL254C,non_ess
YNL275W,non_ess
YNL295W,non_ess
YNL311C,non_ess
YNL319W,non_ess
YNL321W,non_ess
YNL326C,non_ess
YNL338W,non_ess
YNR018W,non_ess
YNR025C,non_ess
YNR042W,non_ess
YNR047W,non_ess
YNR061C,non_ess
YNR063W,non_ess
YNR066C,non_ess
YNR073C,non_ess
YOL008W,non_ess
YOL014W,non_ess
YOL032W,non_ess
YOL035C,non_ess
YOL037C,non_ess
YOL046C,non_ess
YOL047C,non_ess
YOL048C,non_ess
YOL050C,non_ess
YOL053W,non_ess
YOL057W,non_ess
YOL070C,non_ess
YOL075C,non_ess
YOL079W,non_ess
YOL083W,non_ess
YOL085C,non_ess
YOL099C,non_ess
YOL106W,non_ess
YOL111C,non_ess
YOL124C,non_ess
YOL131W,non_ess
YOL138C,non_ess
YOL150C,non_ess
YOL162W,non_ess
YOR013W,non_ess
YOR019W,non_ess
YOR022C,non_ess
YOR066W,non_ess
YOR071C,non_ess
YOR082C,non_ess
YOR084W,non_ess
YOR093C,non_ess
YOR105W,non_ess
YOR111W,non_ess
YOR114W,non_ess
YOR121C,non_ess
YOR131C,non_ess
YOR139C,non_ess
YOR154W,non_ess
YOR161C,non_ess
YOR175C,non_ess
YOR186W,non_ess
YOR199W,non_ess
YOR215C,non_ess
YOR220W,non_ess
YOR223W,non_ess
YOR227W,non_ess
YOR235W,non_ess
YOR252W,non_ess
YOR263C,non_ess
YOR268C,non_ess
YOR271C,non_ess
YOR277C,non_ess
YOR283W,non_ess
YOR285W,non_ess
YOR289W,non_ess
YOR291W,non_ess
YOR292C,non_ess
YOR296W,non_ess
YOR300W,non_ess
YOR304C-A,non_ess
YOR318C,non_ess
YOR322C,non_ess
YOR325W,non_ess
YOR345C,non_ess
YOR364W,non_ess
YOR378W,non_ess
YPL009C,non_ess
YPL017C,non_ess
YPL030W,non_ess
YPL034W,non_ess
YPL039W,non_ess
YPL052W,non_ess
YPL056C,non_ess
YPL062W,non_ess
YPL067C,non_ess
YPL077C,non_ess
YPL088W,non_ess
YPL108W,non_ess
YPL110C,non_ess
YPL114W,non_ess
YPL136W,non_ess
YPL168W,non_ess
YPL182C,non_ess
YPL185W,non_ess
YPL191C,non_ess
YPL199C,non_ess
YPL201C,non_ess
YPL208W,non_ess
YPL229W,non_ess
YPL236C,non_ess
YPL245W,non_ess
YPL247C,non_ess
YPL257W,non_ess
YPL260W,non_ess
YPL261C,non_ess
YPL267W,non_ess
YPL272C,non_ess
YPR004C,non_ess
YPR013C,non_ess
YPR014C,non_ess
YPR015C,non_ess
YPR022C,non_ess
YPR027C,non_ess
YPR038W,non_ess
YPR045C,non_ess
YPR050C,non_ess
YPR064W,non_ess
YPR076W,non_ess
YPR078C,non_ess
YPR084W,non_ess
YPR093C,non_ess
YPR096C,non_ess
YPR099C,non_ess
YPR114W,non_ess
YPR116W,non_ess
YPR123C,non_ess
YPR126C,non_ess
YPR146C,non_ess
YPR148C,non_ess
YPR152C,non_ess
YPR157W,non_ess
YPR174C,non_ess
YPR195C,non_ess
YPR197C,non_ess
YAL066W,non_ess
YAR023C,non_ess
YAR028W,non_ess
YAR030C,non_ess
YAR047C,non_ess
YBL009W,non_ess
YBL012C,non_ess
YBL029W,non_ess
YGL149W,non_ess
YGL157W,non_ess
YEL037C,non_ess
YEL039C,non_ess
YEL046C,non_ess
YEL050C,non_ess
YEL052W,non_ess
YEL054C,non_ess
YEL056W,non_ess
YEL060C,non_ess
YEL065W,non_ess
YEL071W,non_ess
YER011W,non_ess
YER016W,non_ess
YER020W,non_ess
YER032W,non_ess
YER035W,non_ess
YER040W,non_ess
YER047C,non_ess
YER054C,non_ess
YER055C,non_ess
YER056C,non_ess
YER056C-A,non_ess
YER057C,non_ess
YER058W,non_ess
YER060W,non_ess
YER062C,non_ess
YER063W,non_ess
YER065C,non_ess
YER068W,non_ess
YER070W,non_ess
YER073W,non_ess
YER074W,non_ess
YER075C,non_ess
YER081W,non_ess
YER087C-B,non_ess
YER096W,non_ess
YER101C,non_ess
YER110C,non_ess
YER115C,non_ess
YER118C,non_ess
YER122C,non_ess
YER129W,non_ess
YER132C,non_ess
YER143W,non_ess
YER150W,non_ess
YER153C,non_ess
YER155C,non_ess
YER162C,non_ess
YER169W,non_ess
YER173W,non_ess
YER178W,non_ess
YER180C,non_ess
YFL014W,non_ess
YFL018C,non_ess
YFL025C,non_ess
YFL028C,non_ess
YFL034C-A,non_ess
YFL050C,non_ess
YFL055W,non_ess
YFR009W,non_ess
YFR013W,non_ess
YFR015C,non_ess
YFR023W,non_ess
YFR033C,non_ess
YFR036W,non_ess
YFR040W,non_ess
YGL003C,non_ess
YGL016W,non_ess
YGL021W,non_ess
YGL023C,non_ess
YGL027C,non_ess
YGL028C,non_ess
YGL029W,non_ess
YGL031C,non_ess
YGL032C,non_ess
YGL033W,non_ess
YGL035C,non_ess
YGL037C,non_ess
YGL038C,non_ess
YGL043W,non_ess
YGL049C,non_ess
YGL054C,non_ess
YGL056C,non_ess
YGL058W,non_ess
YGL062W,non_ess
YGL070C,non_ess
YGL076C,non_ess
YGL078C,non_ess
YGL086W,non_ess
YGL089C,non_ess
YGL095C,non_ess
YGL127C,non_ess
YGL133W,non_ess
YGL151W,non_ess
YGL158W,non_ess
YGL163C,non_ess
YGL167C,non_ess
YGL173C,non_ess
YGL180W,non_ess
YGL194C,non_ess
YGL197W,non_ess
YGL202W,non_ess
YGL205W,non_ess
YGL209W,non_ess
YGL212W,non_ess
YGL215W,non_ess
YGL221C,non_ess
YGL227W,non_ess
YGL236C,non_ess
YGL241W,non_ess
YGL244W,non_ess
YGL248W,non_ess
YGL253W,non_ess
YGL259W,non_ess
YGR007W,non_ess
YGR014W,non_ess
YGR020C,non_ess
YGR027C,non_ess
YGR037C,non_ess
YGR040W,non_ess
YGR044C,non_ess
YGR055W,non_ess
YGR056W,non_ess
YGR059W,non_ess
YGR062C,non_ess
YGR063C,non_ess
YGR070W,non_ess
YGR076C,non_ess
YGR077C,non_ess
YGR078C,non_ess
YGR080W,non_ess
YGR085C,non_ess
YGR088W,non_ess
YGR092W,non_ess
YGR104C,non_ess
YGR108W,non_ess
YGR112W,non_ess
YGR121C,non_ess
YGR124W,non_ess
YGR132C,non_ess
YGR135W,non_ess
YGR143W,non_ess
YGR152C,non_ess
YGR157W,non_ess
YGR159C,non_ess
YGR166W,non_ess
YGR170W,non_ess
YGR180C,non_ess
YGR183C,non_ess
YGR187C,non_ess
YGR189C,non_ess
YGR192C,non_ess
YGR194C,non_ess
YGR197C,non_ess
YGR200C,non_ess
YGR214W,non_ess
YGR217W,non_ess
YGR220C,non_ess
YGR224W,non_ess
YGR227W,non_ess
YGR230W,non_ess
YGR232W,non_ess
YGR238C,non_ess
YGR240C,non_ess
YGR244C,non_ess
YGR249W,non_ess
YGR256W,non_ess
YGR261C,non_ess
YGR281W,non_ess
YGR284C,non_ess
YGR286C,non_ess
YHL007C,non_ess
YHL011C,non_ess
YHL019C,non_ess
YHL022C,non_ess
YHL030W,non_ess
YHL032C,non_ess
YHL038C,non_ess
YHL043W,non_ess
YHL047C,non_ess
YHR001W-A,non_ess
YHR004C,non_ess
YHR005C,non_ess
YHR008C,non_ess
YHR010W,non_ess
YMR127C,non_ess
YMR136W,non_ess
YMR138W,non_ess
YMR142C,non_ess
YMR150C,non_ess
YMR164C,non_ess
YMR167W,non_ess
YMR169C,non_ess
YMR172W,non_ess
YMR174C,non_ess
YMR175W,non_ess
YMR176W,non_ess
YMR177W,non_ess
YMR179W,non_ess
YMR180C,non_ess
YMR182C,non_ess
YMR183C,non_ess
YMR186W,non_ess
YMR189W,non_ess
YMR190C,non_ess
YMR193W,non_ess
YMR194W,non_ess
YMR195W,non_ess
YMR198W,non_ess
YMR199W,non_ess
YMR201C,non_ess
YMR207C,non_ess
YMR223W,non_ess
YMR225C,non_ess
YMR228W,non_ess
YMR230W,non_ess
YMR232W,non_ess
YMR242C,non_ess
YMR250W,non_ess
YMR255W,non_ess
YMR257C,non_ess
YMR261C,non_ess
YMR267W,non_ess
YMR272C,non_ess
YMR276W,non_ess
YMR283C,non_ess
YMR286W,non_ess
YMR294W,non_ess
YMR297W,non_ess
YMR303C,non_ess
YMR305C,non_ess
YMR311C,non_ess
YMR316W,non_ess
YNL001W,non_ess
YNL003C,non_ess
YNL005C,non_ess
YNL012W,non_ess
YNL016W,non_ess
YNL023C,non_ess
YNL030W,non_ess
YNL044W,non_ess
YNL052W,non_ess
YNL064C,non_ess
YNL068C,non_ess
YNL072W,non_ess
YNL074C,non_ess
YNL076W,non_ess
YNL082W,non_ess
YNL085W,non_ess
YNL090W,non_ess
YNL097C,non_ess
YNL104C,non_ess
YNL107W,non_ess
YNL125C,non_ess
YNL128W,non_ess
YNL130C,non_ess
YNL138W,non_ess
YNL139C,non_ess
YNL141W,non_ess
YNL142W,non_ess
YNL145W,non_ess
YNL148C,non_ess
YNL153C,non_ess
YNL154C,non_ess
YNL160W,non_ess
YNL166C,non_ess
YNL167C,non_ess
YNL169C,non_ess
YNL175C,non_ess
YNL180C,non_ess
YNL185C,non_ess
YNL199C,non_ess
YNL212W,non_ess
YNL223W,non_ess
YNL233W,non_ess
YNL237W,non_ess
YNL242W,non_ess
YNL249C,non_ess
YNL255C,non_ess
YNL270C,non_ess
YNL277W,non_ess
YNL280C,non_ess
YNL286W,non_ess
YNL289W,non_ess
YNL291C,non_ess
YNL297C,non_ess
YNL302C,non_ess
YNL309W,non_ess
YNL318C,non_ess
YNL325C,non_ess
YNL331C,non_ess
YNL333W,non_ess
YNR001C,non_ess
YNR015W,non_ess
YNR030W,non_ess
YNR032C-A,non_ess
YNR033W,non_ess
YNR045W,non_ess
YNR055C,non_ess
YNR057C,non_ess
YNR059W,non_ess
YNR072W,non_ess
YNR075W,non_ess
YOL001W,non_ess
YOL009C,non_ess
YOL011W,non_ess
YOL013C,non_ess
YOL016C,non_ess
YOL020W,non_ess
YOL023W,non_ess
YOL025W,non_ess
YOL028C,non_ess
YOL033W,non_ess
YOL039W,non_ess
YOL051W,non_ess
YOL055C,non_ess
YOL061W,non_ess
YOL068C,non_ess
YOL076W,non_ess
YOL088C,non_ess
YOL090W,non_ess
YOL095C,non_ess
YOL104C,non_ess
YOL110W,non_ess
YOL113W,non_ess
YOL116W,non_ess
YOL121C,non_ess
YOL126C,non_ess
YOL143C,non_ess
YOL147C,non_ess
YOL151W,non_ess
YOL158C,non_ess
YOR002W,non_ess
YOR007C,non_ess
YOR014W,non_ess
YOR017W,non_ess
YOR025W,non_ess
YOR027W,non_ess
YOR032C,non_ess
YOR035C,non_ess
YOR037W,non_ess
YOR039W,non_ess
YOR043W,non_ess
YOR058C,non_ess
YOR065W,non_ess
YOR079C,non_ess
YOR085W,non_ess
YOR090C,non_ess
YOR094W,non_ess
YOR096W,non_ess
YOR099W,non_ess
YOR101W,non_ess
YOR107W,non_ess
YOR120W,non_ess
YBR021W,non_ess
YGL230C,non_ess
YGL261C,non_ess
YGR001C,non_ess
YGR012W,non_ess
YGR016W,non_ess
YGR018C,non_ess
YGR022C,non_ess
YGR025W,non_ess
YGR026W,non_ess
YGR039W,non_ess
YGR043C,non_ess
YGR051C,non_ess
YGR053C,non_ess
YGR066C,non_ess
YGR068C,non_ess
YGR069W,non_ess
YGR093W,non_ess
YGR107W,non_ess
YGR111W,non_ess
YGR117C,non_ess
YGR125W,non_ess
YGR127W,non_ess
YGR130C,non_ess
YGR137W,non_ess
YGR139W,non_ess
YGR149W,non_ess
YGR150C,non_ess
YGR176W,non_ess
YGR203W,non_ess
YGR210C,non_ess
YGR235C,non_ess
YHL045W,non_ess
YHR003C,non_ess
YHR033W,non_ess
YHR035W,non_ess
YHR078W,non_ess
YHR095W,non_ess
YHR100C,non_ess
YHR113W,non_ess
YHR116W,non_ess
YHR131C,non_ess
YHR139C-A,non_ess
YHR159W,non_ess
YHR180W,non_ess
YHR202W,non_ess
YHR210C,non_ess
YIL006W,non_ess
YIL012W,non_ess
YIL024C,non_ess
YIL029C,non_ess
YIL042C,non_ess
YIL055C,non_ess
YIL058W,non_ess
YIL059C,non_ess
YIL064W,non_ess
YIL086C,non_ess
YIL092W,non_ess
YIL096C,non_ess
YIL100W,non_ess
YIL103W,non_ess
YIL110W,non_ess
YIR035C,non_ess
YIR042C,non_ess
YJL007C,non_ess
YJL016W,non_ess
YJL022W,non_ess
YJL028W,non_ess
YJL037W,non_ess
YJL043W,non_ess
YJL046W,non_ess
YJL049W,non_ess
YJL055W,non_ess
YJL064W,non_ess
YJL068C,non_ess
YJL070C,non_ess
YJL084C,non_ess
YJL118W,non_ess
YJL120W,non_ess
YJL123C,non_ess
YJL132W,non_ess
YJL142C,non_ess
YJL149W,non_ess
YJL152W,non_ess
YJL163C,non_ess
YJL171C,non_ess
YJL182C,non_ess
YJL185C,non_ess
YJL213W,non_ess
YJL216C,non_ess
YJL218W,non_ess
YJR003C,non_ess
YJR011C,non_ess
YJR014W,non_ess
YJR018W,non_ess
YJR026W,non_ess
YJR037W,non_ess
YJR056C,non_ess
YJR088C,non_ess
YJR100C,non_ess
YKL023W,non_ess
YKL030W,non_ess
YKL044W,non_ess
YKL047W,non_ess
YKL056C,non_ess
YKL061W,non_ess
YKL066W,non_ess
YKL070W,non_ess
YKL075C,non_ess
YKL097C,non_ess
YKL102C,non_ess
YKL107W,non_ess
YKL115C,non_ess
YKL121W,non_ess
YKL131W,non_ess
YKL151C,non_ess
YKL162C,non_ess
YKL169C,non_ess
YKL174C,non_ess
YKL187C,non_ess
YKL206C,non_ess
YKR012C,non_ess
YKR015C,non_ess
YKR017C,non_ess
YKR033C,non_ess
YKR041W,non_ess
YKR045C,non_ess
YKR047W,non_ess
YKR051W,non_ess
YKR064W,non_ess
YKR074W,non_ess
YKR087C,non_ess
YKR096W,non_ess
YKR105C,non_ess
YLL059C,non_ess
YLR004C,non_ess
YLR016C,non_ess
YLR021W,non_ess
YLR023C,non_ess
YLR031W,non_ess
YLR036C,non_ess
YLR040C,non_ess
YLR042C,non_ess
YLR047C,non_ess
YLR050C,non_ess
YLR053C,non_ess
YLR057W,non_ess
YLR063W,non_ess
YLR073C,non_ess
YLR091W,non_ess
YLR112W,non_ess
YLR122C,non_ess
YLR124W,non_ess
YLR137W,non_ess
YLR152C,non_ess
YLR164W,non_ess
YLR168C,non_ess
YLR184W,non_ess
YLR187W,non_ess
YLR194C,non_ess
YLR199C,non_ess
YLR202C,non_ess
YLR217W,non_ess
YLR225C,non_ess
YLR241W,non_ess
YLR247C,non_ess
YLR254C,non_ess
YLR257W,non_ess
YLR262C-A,non_ess
YLR271W,non_ess
YLR279W,non_ess
YLR281C,non_ess
YLR283W,non_ess
YLR345W,non_ess
YLR349W,non_ess
YLR352W,non_ess
YLR358C,non_ess
YLR364W,non_ess
YLR365W,non_ess
YLR392C,non_ess
YLR404W,non_ess
YLR407W,non_ess
YLR414C,non_ess
YLR416C,non_ess
YPL198W,non_ess
YBR128C,non_ess
YBR130C,non_ess
YPR077C,non_ess
YBR024W,non_ess
YBR034C,non_ess
YBR037C,non_ess
YBR039W,non_ess
YBR041W,non_ess
YBR045C,non_ess
YBR048W,non_ess
YBR083W,non_ess
YBR084W,non_ess
YBR086C,non_ess
YBR092C,non_ess
YBR097W,non_ess
YBR105C,non_ess
YBR107C,non_ess
YBR112C,non_ess
YBR115C,non_ess
YBR118W,non_ess
YBR122C,non_ess
YBR125C,non_ess
YBR126C,non_ess
YBR145W,non_ess
YBR148W,non_ess
YBR150C,non_ess
YBR151W,non_ess
YBR157C,non_ess
YBR165W,non_ess
YBR170C,non_ess
YBR171W,non_ess
YBR173C,non_ess
YBR177C,non_ess
YBR182C,non_ess
YBR185C,non_ess
YBR188C,non_ess
YBR191W,non_ess
YBR200W,non_ess
YBR207W,non_ess
YBR213W,non_ess
YBR218C,non_ess
YBR222C,non_ess
YBR229C,non_ess
YBR245C,non_ess
YBR248C,non_ess
YBR251W,non_ess
YBR263W,non_ess
YBR272C,non_ess
YBR275C,non_ess
YBR278W,non_ess
YCL024W,non_ess
YCL026C-A,non_ess
YCL028W,non_ess
YCL030C,non_ess
YCL035C,non_ess
YCL040W,non_ess
YCL050C,non_ess
YCL055W,non_ess
YCR002C,non_ess
YCR004C,non_ess
YCR011C,non_ess
YCR019W,non_ess
YCR020C-A,non_ess
YCR021C,non_ess
YCR027C,non_ess
YCR028C-A,non_ess
YCR032W,non_ess
YCR037C,non_ess
YCR046C,non_ess
YCR066W,non_ess
YCR069W,non_ess
YCR073C,non_ess
YCR075C,non_ess
YCR081W,non_ess
YCR084C,non_ess
YCR089W,non_ess
YCR091W,non_ess
YDL005C,non_ess
YDL013W,non_ess
YDL020C,non_ess
YDL024C,non_ess
YDL035C,non_ess
YDL042C,non_ess
YDL044C,non_ess
YDL045W-A,non_ess
YDL048C,non_ess
YDL051W,non_ess
YDL059C,non_ess
YDL061C,non_ess
YDL065C,non_ess
YDL067C,non_ess
YDL070W,non_ess
YDL077C,non_ess
YDL079C,non_ess
YDL081C,non_ess
YDL083C,non_ess
YDL090C,non_ess
YDL095W,non_ess
YDL104C,non_ess
YDL107W,non_ess
YDL154W,non_ess
YDL155W,non_ess
YDL160C,non_ess
YDL167C,non_ess
YDL169C,non_ess
YDL171C,non_ess
YDL178W,non_ess
YDL181W,non_ess
YDL184C,non_ess
YDL185W,non_ess
YDL190C,non_ess
YDL192W,non_ess
YDL198C,non_ess
YDL202W,non_ess
YDL215C,non_ess
YDL224C,non_ess
YDL229W,non_ess
YDL231C,non_ess
YDL234C,non_ess
YDL243C,non_ess
YDR019C,non_ess
YDR022C,non_ess
YDR025W,non_ess
YDR028C,non_ess
YDR032C,non_ess
YDR055W,non_ess
YDR059C,non_ess
YDR069C,non_ess
YDR073W,non_ess
YDR075W,non_ess
YDR079W,non_ess
YDR085C,non_ess
YDR096W,non_ess
YDR103W,non_ess
YDR121W,non_ess
YDR127W,non_ess
YDR130C,non_ess
YDR137W,non_ess
YDR169C,non_ess
YDR171W,non_ess
YDR173C,non_ess
YDR176W,non_ess
YDR178W,non_ess
YDR184C,non_ess
YDR191W,non_ess
YDR194C,non_ess
YDR197W,non_ess
YDR206W,non_ess
YDR213W,non_ess
YDR217C,non_ess
YDR226W,non_ess
YDR237W,non_ess
YDR242W,non_ess
YDR244W,non_ess
YDR252W,non_ess
YDR254W,non_ess
YDR257C,non_ess
YDR259C,non_ess
YDR261C,non_ess
YDR264C,non_ess
YDR265W,non_ess
YDR285W,non_ess
YDR294C,non_ess
YDR296W,non_ess
YDR298C,non_ess
YDR304C,non_ess
YDR310C,non_ess
YDR312W,non_ess
YDR315C,non_ess
YDR321W,non_ess
YDR323C,non_ess
YDR329C,non_ess
YDR337W,non_ess
YDR347W,non_ess
YDR350C,non_ess
YDR359C,non_ess
YDR363W,non_ess
YDR364C,non_ess
YDR368W,non_ess
YCL009C,non_ess
YGR285C,non_ess
YGR288W,non_ess
YIL016W,non_ess
YBL036C,non_ess
YHL003C,non_ess
YHL014C,non_ess
YHL016C,non_ess
YHL020C,non_ess
YHL025W,non_ess
YHL028W,non_ess
YHL031C,non_ess
YHL033C,non_ess
YHL036W,non_ess
YHR028C,non_ess
YHR031C,non_ess
YHR038W,non_ess
YHR043C,non_ess
YHR051W,non_ess
YHR061C,non_ess
YHR064C,non_ess
YHR066W,non_ess
YHR075C,non_ess
YHR086W,non_ess
YHR092C,non_ess
YHR094C,non_ess
YHR104W,non_ess
YHR114W,non_ess
YHR117W,non_ess
YHR120W,non_ess
YHR124W,non_ess
YHR137W,non_ess
YHR147C,non_ess
YHR152W,non_ess
YHR154W,non_ess
YHR157W,non_ess
YHR160C,non_ess
YHR163W,non_ess
YHR171W,non_ess
YHR183W,non_ess
YHR185C,non_ess
YHR191C,non_ess
YHR195W,non_ess
YHR200W,non_ess
YHR206W,non_ess
YIL009C-A,non_ess
YIL010W,non_ess
YIL014W,non_ess
YIL018W,non_ess
YIL030C,non_ess
YIL033C,non_ess
YIL035C,non_ess
YIL038C,non_ess
YIL050W,non_ess
YIL053W,non_ess
YIL070C,non_ess
YIL073C,non_ess
YIL139C,non_ess
YIL149C,non_ess
YIL156W,non_ess
YIL164C,non_ess
YIL171W,non_ess
YIL173W,non_ess
YIR002C,non_ess
YIR009W,non_ess
YIR013C,non_ess
YIR018W,non_ess
YIR026C,non_ess
YIR028W,non_ess
YIR030C,non_ess
YIR032C,non_ess
YIR037W,non_ess
YIR039C,non_ess
YJL030W,non_ess
YJL044C,non_ess
YJL053W,non_ess
YJL056C,non_ess
YJL059W,non_ess
YJL062W,non_ess
YJL078C,non_ess
YJL082W,non_ess
YJL089W,non_ess
YJL092W,non_ess
YJL098W,non_ess
YJL102W,non_ess
YJL110C,non_ess
YJL112W,non_ess
YJL116C,non_ess
YJL121C,non_ess
YJL127C,non_ess
YJL133W,non_ess
YJL137C,non_ess
YJL139C,non_ess
YJL141C,non_ess
YJL146W,non_ess
YJL153C,non_ess
YJL190C,non_ess
YJL197W,non_ess
YJL209W,non_ess
YJL210W,non_ess
YJL214W,non_ess
YJR004C,non_ess
YJR009C,non_ess
YJR021C,non_ess
YJR025C,non_ess
YJR032W,non_ess
YJR033C,non_ess
YJR036C,non_ess
YJR047C,non_ess
YJR049C,non_ess
YJR051W,non_ess
YJR053W,non_ess
YJR063W,non_ess
YJR069C,non_ess
YJR074W,non_ess
YJR090C,non_ess
YJR092W,non_ess
YJR099W,non_ess
YJR104C,non_ess
YJR108W,non_ess
YJR118C,non_ess
YJR122W,non_ess
YJR125C,non_ess
YJR130C,non_ess
YJR133W,non_ess
YJR134C,non_ess
YJR145C,non_ess
YJR148W,non_ess
YJR152W,non_ess
YKL001C,non_ess
YKL006W,non_ess
YKL008C,non_ess
YKL009W,non_ess
YKL011C,non_ess
YKL016C,non_ess
YKL026C,non_ess
YKL029C,non_ess
YKL038W,non_ess
YKL040C,non_ess
YKL055C,non_ess
YKL096W,non_ess
YKL110C,non_ess
YKL113C,non_ess
YKL114C,non_ess
YKL119C,non_ess
YKL127W,non_ess
YKL129C,non_ess
YKL139W,non_ess
YKL142W,non_ess
YKL148C,non_ess
YKL150W,non_ess
YKL157W,non_ess
YKL163W,non_ess
YKL167C,non_ess
YKL170W,non_ess
YKL176C,non_ess
YKL185W,non_ess
YKL188C,non_ess
YKL194C,non_ess
YKL198C,non_ess
YKL201C,non_ess
YKL204W,non_ess
YKL208W,non_ess
YKL216W,non_ess
YKR001C,non_ess
YKR009C,non_ess
YKR013W,non_ess
YKR028W,non_ess
YKR034W,non_ess
YKR042W,non_ess
YKR048C,non_ess
YKR052C,non_ess
YKR054C,non_ess
YKR056W,non_ess
YKR058W,non_ess
YPL212C,non_ess
YBL046W,non_ess
YBL048W,non_ess
YBL054W,non_ess
YBL060W,non_ess
YBL071C,non_ess
YBL094C,non_ess
YDR458C,non_ess
YPL215W,non_ess
YPL219W,non_ess
YPL221W,non_ess
YPL224C,non_ess
YPL232W,non_ess
YPL239W,non_ess
YPL241C,non_ess
YPL244C,non_ess
YPL250C,non_ess
YPL253C,non_ess
YPL258C,non_ess
YPR020W,non_ess
YPR024W,non_ess
YPR026W,non_ess
YPR029C,non_ess
YPR036W,non_ess
YPR042C,non_ess
YPR046W,non_ess
YPR051W,non_ess
YPR054W,non_ess
YPR058W,non_ess
YPR062W,non_ess
YPR066W,non_ess
YPR068C,non_ess
YPR070W,non_ess
YPR073C,non_ess
YPR075C,non_ess
YPR095C,non_ess
YPR119W,non_ess
YPR121W,non_ess
YPR124W,non_ess
YPR131C,non_ess
YPR132W,non_ess
YPR135W,non_ess
YPR138C,non_ess
YPR145W,non_ess
YPR155C,non_ess
YPR160W,non_ess
YPR164W,non_ess
YPR166C,non_ess
YPR179C,non_ess
YPR185W,non_ess
YPR189W,non_ess
YPR191W,non_ess
YPR193C,non_ess
YPR198W,non_ess
YPR200C,non_ess
YDR205W,non_ess
YPR194C,non_ess
YDL039C,non_ess
YNL278W,non_ess
YGR221C,non_ess
YCR010C,non_ess
YHR204W,non_ess
YHR134W,non_ess
YGL053W,non_ess
YGL129C,non_ess
YML088W,non_ess
YER050C,non_ess
YIL093C,non_ess
YLR209C,non_ess
YGR236C,non_ess
YOR222W,non_ess
YHR073W,non_ess
YOR371C,non_ess
YDR083W,non_ess
YOR011W,non_ess
YLR432W,non_ess
YNR037C,non_ess
YJR113C,non_ess
YIL037C,non_ess
YPL192C,non_ess
YGL224C,non_ess
YAL056W,non_ess
YHR167W,non_ess
YIL117C,non_ess
YKL002W,non_ess
YOL072W,non_ess
YDR175C,non_ess
YKL155C,non_ess
YML047C,non_ess
YDR320C,non_ess
YGL096W,non_ess
YJL108C,non_ess
YOL084W,non_ess
YHL006C,non_ess
YML056C,non_ess
YCR068W,non_ess
YCL038C,non_ess
YDL019C,non_ess
YAR031W,non_ess
YGR134W,non_ess
YLR183C,non_ess
YBR162C,non_ess
YER037W,non_ess
YER183C,non_ess
YGR215W,non_ess
YMR156C,non_ess
YKL116C,non_ess
YLR052W,non_ess
YNL215W,non_ess
YCR059C,non_ess
YDL214C,non_ess
YDR126W,non_ess
YER116C,non_ess
YLR135W,non_ess
YDR511W,non_ess
YBR228W,non_ess
YDR486C,non_ess
YBL047C,non_ess
YNL135C,non_ess
YOR311C,non_ess
YMR285C,non_ess
YML118W,non_ess
YDR421W,non_ess
YDR380W,non_ess
YLR219W,non_ess
YHR039C,non_ess
YML128C,non_ess
YER044C,non_ess
YOR078W,non_ess
YEL029C,non_ess
YNR027W,non_ess
YLR074C,non_ess
YCR047C,non_ess
YDR241W,non_ess
YAR014C,non_ess
YJL188C,non_ess
YGL174W,non_ess
YMR014W,non_ess
YLR062C,non_ess
YGR262C,non_ess
YCR063W,non_ess
YDL216C,non_ess
YPR049C,non_ess
YJL094C,non_ess
YDR470C,non_ess
YLR110C,non_ess
YER041W,non_ess
YHR146W,non_ess
YML080W,non_ess
YNL065W,non_ess
YER106W,non_ess
YMR266W,non_ess
YIL071C,non_ess
YIL145C,non_ess
YHR059W,non_ess
YNL133C,non_ess
YIL097W,non_ess
YLR068W,non_ess
YIL027C,non_ess
YDR024W,non_ess
YGR196C,non_ess
YOR183W,non_ess
YCL058C,non_ess
YJL066C,non_ess
YFR021W,non_ess
YCR086W,non_ess
YER046W,non_ess
YLR341W,non_ess
YPL027W,non_ess
YMR048W,non_ess
YLR227C,non_ess
YPL200W,non_ess
YGL170C,non_ess
YIL132C,non_ess
YLL005C,non_ess
YDL239C,non_ess
YIR025W,non_ess
YML066C,non_ess
YIR021W,non_ess
YPR040W,non_ess
YKR003W,non_ess
YDR409W,non_ess
YOR076C,non_ess
YER045C,non_ess
YPR037C,non_ess
YDR093W,non_ess
YER166W,non_ess
YLR037C,non_ess
YER175C,non_ess
YMR162C,non_ess
YBR301W,non_ess
YOR382W,non_ess
YOR383C,non_ess
YDR534C,non_ess
YPL060W,non_ess
YIL011W,non_ess
YOR009W,non_ess
YIL005W,non_ess
YNR013C,non_ess
YCL011C,non_ess
YCL014W,non_ess
YBL096C,non_ess
YBL107C,non_ess
YBR007C,non_ess
YBR013C,non_ess
YBR016W,non_ess
YBR025C,non_ess
YBR028C,non_ess
YBR032W,non_ess
YBR042C,non_ess
YBR051W,non_ess
YBR053C,non_ess
YBR063C,non_ess
YBR074W,non_ess
YBR077C,non_ess
YBR090C,non_ess
YBR099C,non_ess
YBR116C,non_ess
YBR139W,non_ess
YBR144C,non_ess
YBR159W,non_ess
YBR174C,non_ess
YBR178W,non_ess
YBR184W,non_ess
YBR197C,non_ess
YBR204C,non_ess
YBR209W,non_ess
YBR220C,non_ess
YBR224W,non_ess
YBR226C,non_ess
YBR230C,non_ess
YBR238C,non_ess
YBR241C,non_ess
YBR246W,non_ess
YCL002C,non_ess
YCL022C,non_ess
YCL042W,non_ess
YCL045C,non_ess
YCL049C,non_ess
YCL056C,non_ess
YCL074W,non_ess
YCL075W,non_ess
YCR001W,non_ess
YCR016W,non_ess
YCR022C,non_ess
YCR024C,non_ess
YCR045C,non_ess
YCR050C,non_ess
YCR061W,non_ess
YCR064C,non_ess
YCR079W,non_ess
YCR085W,non_ess
YCR087C-A,non_ess
YCR090C,non_ess
YCR095C,non_ess
YCR100C,non_ess
YCR102C,non_ess
YDL012C,non_ess
YDL026W,non_ess
YDL027C,non_ess
YDL033C,non_ess
YDL036C,non_ess
YDL050C,non_ess
YDL063C,non_ess
YDL071C,non_ess
YDL072C,non_ess
YDL089W,non_ess
YDL094C,non_ess
YDL099W,non_ess
YDL109C,non_ess
YDL119C,non_ess
YDL121C,non_ess
YDL124W,non_ess
YDL206W,non_ess
YDL211C,non_ess
YDL218W,non_ess
YDL233W,non_ess
YDL238C,non_ess
YDL241W,non_ess
YDR003W,non_ess
YDR010C,non_ess
YDR018C,non_ess
YDR026C,non_ess
YDR031W,non_ess
YDR051C,non_ess
YDR056C,non_ess
YDR063W,non_ess
YDR066C,non_ess
YDR089W,non_ess
YDR095C,non_ess
YDR109C,non_ess
YDR112W,non_ess
YDR115W,non_ess
YDR119W,non_ess
YDR131C,non_ess
YDR133C,non_ess
YDR149C,non_ess
YDR179W-A,non_ess
YDR186C,non_ess
YDR193W,non_ess
YDR198C,non_ess
YDR210W,non_ess
YDR215C,non_ess
YDR220C,non_ess
YDR221W,non_ess
YDR223W,non_ess
YDR230W,non_ess
YDR239C,non_ess
YDR249C,non_ess
YDR266C,non_ess
YDR274C,non_ess
YDR278C,non_ess
YDR282C,non_ess
YDR287W,non_ess
YDR370C,non_ess
YDR374C,non_ess
YDR387C,non_ess
YDR401W,non_ess
YDR411C,non_ess
YDR426C,non_ess
YDR431W,non_ess
YDR438W,non_ess
YDR445C,non_ess
YDR455C,non_ess
YDR459C,non_ess
YDR467C,non_ess
YDR476C,non_ess
YDR491C,non_ess
YDR509W,non_ess
YDR521W,non_ess
YDR537C,non_ess
YDR540C,non_ess
YEL001C,non_ess
YEL010W,non_ess
YEL016C,non_ess
YEL023C,non_ess
YEL041W,non_ess
YEL047C,non_ess
YEL057C,non_ess
YEL068C,non_ess
YER007C-A,non_ess
YER034W,non_ess
YER039C-A,non_ess
YER053C,non_ess
YER071C,non_ess
YER078C,non_ess
YER128W,non_ess
YER134C,non_ess
YER137C,non_ess
YER140W,non_ess
YER152C,non_ess
YER158C,non_ess
YER163C,non_ess
YER186C,non_ess
YER188W,non_ess
YFL019C,non_ess
YFL032W,non_ess
YFL034W,non_ess
YFL042C,non_ess
YFL044C,non_ess
YFL051C,non_ess
YFL054C,non_ess
YFR006W,non_ess
YFR012W,non_ess
YFR017C,non_ess
YFR018C,non_ess
YFR026C,non_ess
YFR035C,non_ess
YFR039C,non_ess
YFR044C,non_ess
YFR054C,non_ess
YFR056C,non_ess
YGL034C,non_ess
YGL041C,non_ess
YGL050W,non_ess
YGL059W,non_ess
YGL072C,non_ess
YGL079W,non_ess
YGL081W,non_ess
YGL085W,non_ess
YGL101W,non_ess
YGL108C,non_ess
YGL117W,non_ess
YGL132W,non_ess
YNL049C,non_ess
YOR124C,non_ess
YDR492W,non_ess
YDR506C,non_ess
YCL025C,non_ess
YCL027W,non_ess
YCL029C,non_ess
YCL037C,non_ess
YCL051W,non_ess
YCL057W,non_ess
YCL064C,non_ess
YCR003W,non_ess
YCR005C,non_ess
YCR009C,non_ess
YCR014C,non_ess
YCR020C,non_ess
YCR020W-B,non_ess
YCR024C-A,non_ess
YCR028C,non_ess
YCR031C,non_ess
YCR036W,non_ess
YCR044C,non_ess
YCR065W,non_ess
YCR067C,non_ess
YCR071C,non_ess
YCR073W-A,non_ess
YCR077C,non_ess
YCR083W,non_ess
YCR088W,non_ess
YCR092C,non_ess
YDL002C,non_ess
YDL006W,non_ess
YDL021W,non_ess
YDL040C,non_ess
YDL047W,non_ess
YDL049C,non_ess
YDL052C,non_ess
YDL056W,non_ess
YDL066W,non_ess
YDL069C,non_ess
YDL075W,non_ess
YDL080C,non_ess
YDL082W,non_ess
YDL088C,non_ess
YDL093W,non_ess
YDL116W,non_ess
YDL117W,non_ess
YDL122W,non_ess
YDL125C,non_ess
YDL128W,non_ess
YDL130W,non_ess
YDL130W-A,non_ess
YDL131W,non_ess
YDL133C-A,non_ess
YDL135C,non_ess
YDL136W,non_ess
YDL137W,non_ess
YDL138W,non_ess
YDL142C,non_ess
YDL149W,non_ess
YDL159W,non_ess
YDL161W,non_ess
YDL168W,non_ess
YDL170W,non_ess
YDL174C,non_ess
YDL179W,non_ess
YDL182W,non_ess
YDL188C,non_ess
YDL191W,non_ess
YDL194W,non_ess
YDL197C,non_ess
YDL200C,non_ess
YDL225W,non_ess
YDL227C,non_ess
YDL230W,non_ess
YDL232W,non_ess
YDL240W,non_ess
YDR001C,non_ess
YDR004W,non_ess
YDR006C,non_ess
YDR011W,non_ess
YDR017C,non_ess
YDR027C,non_ess
YDR030C,non_ess
YDR033W,non_ess
YDR043C,non_ess
YDR046C,non_ess
YDR058C,non_ess
YDR068W,non_ess
YDR072C,non_ess
YDR074W,non_ess
YDR076W,non_ess
YDR080W,non_ess
YDR092W,non_ess
YDR099W,non_ess
YDR104C,non_ess
YDR110W,non_ess
YDR120C,non_ess
YDR125C,non_ess
YDR129C,non_ess
YDR135C,non_ess
YDR138W,non_ess
YDR139C,non_ess
YDR142C,non_ess
YDR143C,non_ess
YDR144C,non_ess
YDR146C,non_ess
YDR147W,non_ess
YDR148C,non_ess
YDR150W,non_ess
YDR151C,non_ess
YDR155C,non_ess
YDR159W,non_ess
YDR174W,non_ess
YDR181C,non_ess
YDR183W,non_ess
YDR192C,non_ess
YDR195W,non_ess
YDR204W,non_ess
YDR207C,non_ess
YDR216W,non_ess
YDR218C,non_ess
YDR225W,non_ess
YDR227W,non_ess
YDR231C,non_ess
YDR245W,non_ess
YDR251W,non_ess
YDR258C,non_ess
YDR260C,non_ess
YDR263C,non_ess
YDR268W,non_ess
YDR272W,non_ess
YDR284C,non_ess
YDR293C,non_ess
YDR295C,non_ess
YDR300C,non_ess
YDR305C,non_ess
YDR309C,non_ess
YDR313C,non_ess
YDR318W,non_ess
YDR322W,non_ess
YDR335W,non_ess
YDR345C,non_ess
YDR349C,non_ess
YDR351W,non_ess
YDR358W,non_ess
YDR363W-A,non_ess
YDR369C,non_ess
YDR375C,non_ess
YDR377W,non_ess
YDR379W,non_ess
YDR382W,non_ess
YDR386W,non_ess
YDR388W,non_ess
YDR392W,non_ess
YDR393W,non_ess
YDR399W,non_ess
YDR400W,non_ess
YDR402C,non_ess
YDR403W,non_ess
YDR405W,non_ess
YDR406W,non_ess
YDR410C,non_ess
YDR419W,non_ess
YDR422C,non_ess
YDR424C,non_ess
YDR435C,non_ess
YDR440W,non_ess
YDR443C,non_ess
YDR447C,non_ess
YDR450W,non_ess
YDR457W,non_ess
YDR462W,non_ess
YDR481C,non_ess
YDR488C,non_ess
YDR495C,non_ess
YDR501W,non_ess
YDR505C,non_ess
YDR517W,non_ess
YDR519W,non_ess
YDR523C,non_ess
YDR528W,non_ess
YDR530C,non_ess
YDR538W,non_ess
YEL003W,non_ess
YHL021C,non_ess
YNL054W,non_ess
YNL066W,non_ess
YNL067W,non_ess
YNL069C,non_ess
YNL071W,non_ess
YNL073W,non_ess
YNL079C,non_ess
YNL084C,non_ess
YNL093W,non_ess
YNL098C,non_ess
YNL106C,non_ess
YNL117W,non_ess
YNL121C,non_ess
YNL173C,non_ess
YNL192W,non_ess
YNL197C,non_ess
YNL202W,non_ess
YNL204C,non_ess
YNL210W,non_ess
YNL214W,non_ess
YNL225C,non_ess
YNL230C,non_ess
YNL238W,non_ess
YNL239W,non_ess
YNL241C,non_ess
YNL243W,non_ess
YNL248C,non_ess
YNL250W,non_ess
YNL252C,non_ess
YNL264C,non_ess
YNL265C,non_ess
YNL271C,non_ess
YNL273W,non_ess
YNL279W,non_ess
YNL281W,non_ess
YNL292W,non_ess
YNL293W,non_ess
YNL298W,non_ess
YNL301C,non_ess
YNL304W,non_ess
YNL315C,non_ess
YNL327W,non_ess
YNL328C,non_ess
YNL330C,non_ess
YNL332W,non_ess
YNL334C,non_ess
YNL339C,non_ess
YNR002C,non_ess
YNR008W,non_ess
YNR012W,non_ess
YNR023W,non_ess
YNR028W,non_ess
YNR031C,non_ess
YNR032W,non_ess
YNR034W,non_ess
YNR041C,non_ess
YNR044W,non_ess
YNR049C,non_ess
YNR052C,non_ess
YNR056C,non_ess
YNR058W,non_ess
YOL043C,non_ess
YOL049W,non_ess
YOL052C,non_ess
YOL056W,non_ess
YOL059W,non_ess
YOL060C,non_ess
YOL065C,non_ess
YOL067C,non_ess
YOL080C,non_ess
YOL086C,non_ess
YOL091W,non_ess
YOL096C,non_ess
YOL103W,non_ess
YOL105C,non_ess
YOL112W,non_ess
YOL115W,non_ess
YOL122C,non_ess
YOL136C,non_ess
YOL141W,non_ess
YOL152W,non_ess
YOR001W,non_ess
YOR003W,non_ess
YOR005C,non_ess
YOR008C,non_ess
YOR010C,non_ess
YOR016C,non_ess
YOR018W,non_ess
YOR023C,non_ess
YOR026W,non_ess
YOR028C,non_ess
YOR031W,non_ess
YOR033C,non_ess
YOR034C,non_ess
YOR036W,non_ess
YOR038C,non_ess
YOR040W,non_ess
YOR045W,non_ess
YOR047C,non_ess
YOR061W,non_ess
YOR064C,non_ess
YOR080W,non_ess
YOR092W,non_ess
YOR100C,non_ess
YOR109W,non_ess
YOR113W,non_ess
YOR156C,non_ess
YOR158W,non_ess
YOR163W,non_ess
YOR180C,non_ess
YOR182C,non_ess
YOR185C,non_ess
YOR188W,non_ess
YOR191W,non_ess
YOR198C,non_ess
YOR202W,non_ess
YOR208W,non_ess
YOR212W,non_ess
YOR216C,non_ess
YOR229W,non_ess
YOR231W,non_ess
YOR233W,non_ess
YOR234C,non_ess
YOR237W,non_ess
YOR241W,non_ess
YOR266W,non_ess
YOR270C,non_ess
YOR276W,non_ess
YOR290C,non_ess
YOR298C-A,non_ess
YOR301W,non_ess
YOR304W,non_ess
YOR308C,non_ess
YOR312C,non_ess
YOR313C,non_ess
YOR317W,non_ess
YOR321W,non_ess
YOR328W,non_ess
YOR330C,non_ess
YOR334W,non_ess
YOR339C,non_ess
YOR344C,non_ess
YOR347C,non_ess
YOR349W,non_ess
YOR351C,non_ess
YOR357C,non_ess
YOR367W,non_ess
YOR369C,non_ess
YOR386W,non_ess
YPL038W,non_ess
YPL042C,non_ess
YPL045W,non_ess
YPL048W,non_ess
YPL050C,non_ess
YPL053C,non_ess
YPL054W,non_ess
YPL058C,non_ess
YPL061W,non_ess
YPL069C,non_ess
YPL074W,non_ess
YPL079W,non_ess
YPL086C,non_ess
YPL087W,non_ess
YPL090C,non_ess
YPL092W,non_ess
YPL097W,non_ess
YPL106C,non_ess
YPL115C,non_ess
YPL119C,non_ess
YPL121C,non_ess
YPL130W,non_ess
YPL132W,non_ess
YPL135W,non_ess
YPL140C,non_ess
YPL145C,non_ess
YPL148C,non_ess
YPL149W,non_ess
YPL152W,non_ess
YPL154C,non_ess
YPL163C,non_ess
YPL167C,non_ess
YPL171C,non_ess
YPL173W,non_ess
YPL178W,non_ess
YPL179W,non_ess
YPL188W,non_ess
YPL194W,non_ess
YDR514C,non_ess
YDR520C,non_ess
YDR539W,non_ess
YDR541C,non_ess
YEL006W,non_ess
YEL008W,non_ess
YEL014C,non_ess
YEL020C,non_ess
YEL028W,non_ess
YEL033W,non_ess
YEL043W,non_ess
YEL045C,non_ess
YEL048C,non_ess
YER010C,non_ess
YER030W,non_ess
YER049W,non_ess
YER051W,non_ess
YER064C,non_ess
YER067W,non_ess
YER077C,non_ess
YER079W,non_ess
YER085C,non_ess
YER087W,non_ess
YER093C-A,non_ess
YER097W,non_ess
YER113C,non_ess
YER121W,non_ess
YER130C,non_ess
YER135C,non_ess
YER139C,non_ess
YER156C,non_ess
YER181C,non_ess
YER185W,non_ess
YER187W,non_ess
YFL015C,non_ess
YFL049W,non_ess
YFL052W,non_ess
YFR007W,non_ess
YFR011C,non_ess
YFR020W,non_ess
YFR022W,non_ess
YFR038W,non_ess
YFR043C,non_ess
YFR045W,non_ess
YFR055W,non_ess
YFR057W,non_ess
YGL010W,non_ess
YGL015C,non_ess
YGL024W,non_ess
YGL039W,non_ess
YGL042C,non_ess
YGL057C,non_ess
YGL082W,non_ess
YGL088W,non_ess
YGL109W,non_ess
YGL114W,non_ess
YGL118C,non_ess
YGL138C,non_ess
YGL140C,non_ess
YGL146C,non_ess
YGL152C,non_ess
YGL159W,non_ess
YGL160W,non_ess
YGL165C,non_ess
YGL176C,non_ess
YGL177W,non_ess
YGL196W,non_ess
YGL199C,non_ess
YGL211W,non_ess
YGL214W,non_ess
YGL217C,non_ess
YGL220W,non_ess
YGL226W,non_ess
YGL231C,non_ess
YGL235W,non_ess
YGL242C,non_ess
YGL260W,non_ess
YGL262W,non_ess
YGR004W,non_ess
YGR011W,non_ess
YGR015C,non_ess
YGR017W,non_ess
YGR021W,non_ess
YGR031W,non_ess
YGR035C,non_ess
YGR042W,non_ess
YGR045C,non_ess
YGR050C,non_ess
YGR054W,non_ess
YGR064W,non_ess
YGR067C,non_ess
YGR071C,non_ess
YGR079W,non_ess
YGR102C,non_ess
YGR106C,non_ess
YGR110W,non_ess
YGR126W,non_ess
YGR131W,non_ess
YGR146C,non_ess
YGR151C,non_ess
YGR154C,non_ess
YGR164W,non_ess
YGR168C,non_ess
YGR205W,non_ess
YGR207C,non_ess
YGR212W,non_ess
YGR219W,non_ess
YGR223C,non_ess
YGR228W,non_ess
YGR242W,non_ess
YGR259C,non_ess
YGR263C,non_ess
YGR266W,non_ess
YGR269W,non_ess
YGR283C,non_ess
YGR287C,non_ess
YGR290W,non_ess
YHL005C,non_ess
YHL008C,non_ess
YHL010C,non_ess
YHL012W,non_ess
YHL013C,non_ess
YHL017W,non_ess
YHL026C,non_ess
YHL037C,non_ess
YHL039W,non_ess
YHL041W,non_ess
YHL042W,non_ess
YHL044W,non_ess
YHL046C,non_ess
YHR009C,non_ess
YHR022C,non_ess
YHR032W,non_ess
YHR048W,non_ess
YHR080C,non_ess
YHR087W,non_ess
YHR097C,non_ess
YHR112C,non_ess
YHR121W,non_ess
YHR125W,non_ess
YHR130C,non_ess
YHR132W-A,non_ess
YHR138C,non_ess
YHR162W,non_ess
YHR168W,non_ess
YHR209W,non_ess
YIL001W,non_ess
YIL023C,non_ess
YIL025C,non_ess
YIL028W,non_ess
YIL032C,non_ess
YIL039W,non_ess
YIL060W,non_ess
YIL067C,non_ess
YIL077C,non_ess
YIL087C,non_ess
YIL089W,non_ess
YIL108W,non_ess
YIL137C,non_ess
YIL141W,non_ess
YIL152W,non_ess
YIL161W,non_ess
YIL163C,non_ess
YIL165C,non_ess
YIL166C,non_ess
YIL167W,non_ess
YIR003W,non_ess
YIR007W,non_ess
YIR014W,non_ess
YIR016W,non_ess
YIR020C,non_ess
YIR020W-A,non_ess
YIR036C,non_ess
YIR043C,non_ess
YJL027C,non_ess
YJL038C,non_ess
YJL045W,non_ess
YJL048C,non_ess
YJL051W,non_ess
YJL067W,non_ess
YJL083W,non_ess
YJL107C,non_ess
YJL119C,non_ess
YJL122W,non_ess
YJL131C,non_ess
YJL135W,non_ess
YJL144W,non_ess
YJL147C,non_ess
YJL150W,non_ess
YJL160C,non_ess
YJL169W,non_ess
YDR378C,non_ess
YDR385W,non_ess
YOR125C,non_ess
YOR126C,non_ess
YPR089W,non_ess
YPR092W,non_ess
YPR097W,non_ess
YPR098C,non_ess
YPR109W,non_ess
YPR115W,non_ess
YPR117W,non_ess
YPR125W,non_ess
YPR127W,non_ess
YPR130C,non_ess
YPR140W,non_ess
YPR147C,non_ess
YPR150W,non_ess
YPR158W,non_ess
YPR170C,non_ess
YPR172W,non_ess
YPR196W,non_ess
YGL036W,non_ess
YPL230W,non_ess
YHR127W,non_ess
YOL007C,non_ess
YKR011C,non_ess
YNL300W,non_ess
YOL019W,non_ess
YGR153W,non_ess
YDL118W,non_ess
YDR048C,non_ess
YGR226C,non_ess
YKL118W,non_ess
YLR235C,non_ess
YPL205C,non_ess
YBL100C,non_ess
YDR140W,non_ess
YGR160W,non_ess
YER184C,non_ess
YDL041W,non_ess
YDR532C,non_ess
YLR338W,non_ess
YDR433W,non_ess
YAL042C-A,non_ess
YPL102C,non_ess
YNL296W,non_ess
YKL218C,non_ess
YDR334W,non_ess
YBR138C,non_ess
YIR024C,non_ess
YNL196C,non_ess
YEL025C,non_ess
YMR233W,non_ess
YJL057C,non_ess
YBR043C,non_ess
YMR027W,non_ess
YAL005C,non_ess
YAL007C,non_ess
YOR333C,non_ess
YNR070W,non_ess
YAL008W,non_ess
YAL009W,non_ess
YAL010C,non_ess
YAL012W,non_ess
YAL013W,non_ess
YAL015C,non_ess
YAL016W,non_ess
YAL017W,non_ess
YAL019W,non_ess
YAL020C,non_ess
YAL021C,non_ess
YAL022C,non_ess
YAL023C,non_ess
YAL030W,non_ess
YAL034C,non_ess
YAL035W,non_ess
YAL039C,non_ess
YAL047C,non_ess
YAL054C,non_ess
YAL058W,non_ess
YAL062W,non_ess
YAR002C-A,non_ess
YAR018C,non_ess
YAR020C,non_ess
YAR042W,non_ess
YAR050W,non_ess
YBL002W,non_ess
YBL005W,non_ess
YBL013W,non_ess
YBL015W,non_ess
YBL022C,non_ess
YBL024W,non_ess
YBL033C,non_ess
YBL043W,non_ess
YBL056W,non_ess
YBL066C,non_ess
YBL072C,non_ess
YBL075C,non_ess
YBL079W,non_ess
YBL082C,non_ess
YBL085W,non_ess
YBL088C,non_ess
YBL091C,non_ess
YBL093C,non_ess
YBL099W,non_ess
YBL102W,non_ess
YBR008C,non_ess
YBR010W,non_ess
YBR015C,non_ess
YBR023C,non_ess
YBR026C,non_ess
YBR031W,non_ess
YBR036C,non_ess
YBR040W,non_ess
YBR044C,non_ess
YBR046C,non_ess
YBR050C,non_ess
YBR054W,non_ess
YBR057C,non_ess
YBR058C,non_ess
YBR059C,non_ess
YBR065C,non_ess
YBR066C,non_ess
YBR067C,non_ess
YBR072W,non_ess
YBR073W,non_ess
YBR076W,non_ess
YBR078W,non_ess
YBR081C,non_ess
YBR082C,non_ess
YBR084C-A,non_ess
YBR085W,non_ess
YBR093C,non_ess
YBR098W,non_ess
YBR104W,non_ess
YBR111C,non_ess
YBR114W,non_ess
YBR117C,non_ess
YBR119W,non_ess
YBR127C,non_ess
YBR129C,non_ess
YBR131W,non_ess
YBR133C,non_ess
YBR146W,non_ess
YBR149W,non_ess
YBR156C,non_ess
YBR158W,non_ess
YBR166C,non_ess
YBR169C,non_ess
YBR172C,non_ess
YBR176W,non_ess
YBR179C,non_ess
YBR181C,non_ess
YBR183W,non_ess
YBR186W,non_ess
YBR189W,non_ess
YBR195C,non_ess
YBR199W,non_ess
YBR201W,non_ess
YBR205W,non_ess
YBR212W,non_ess
YBR214W,non_ess
YBR217W,non_ess
YBR221C,non_ess
YBR227C,non_ess
YBR233W,non_ess
YBR240C,non_ess
YBR244W,non_ess
YBR249C,non_ess
YBR264C,non_ess
YBR268W,non_ess
YBR274W,non_ess
YBR276C,non_ess
YBR279W,non_ess
YBR282W,non_ess
YBR283C,non_ess
YBR286W,non_ess
YBR289W,non_ess
YBR291C,non_ess
YBR294W,non_ess
YBR295W,non_ess
YBR296C,non_ess
YBR297W,non_ess
YCL001W,non_ess
YCL007C,non_ess
YDR179C,non_ess
YOR127W,non_ess
YOR128C,non_ess
YOR133W,non_ess
YOR134W,non_ess
YOR140W,non_ess
YOR141C,non_ess
YOR142W,non_ess
YOR144C,non_ess
YOR150W,non_ess
YOR153W,non_ess
YOR162C,non_ess
YOR167C,non_ess
YOR187W,non_ess
YOR190W,non_ess
YOR196C,non_ess
YOR201C,non_ess
YOR209C,non_ess
YOR211C,non_ess
YOR213C,non_ess
YOR221C,non_ess
YOR226C,non_ess
YOR230W,non_ess
YOR242C,non_ess
YOR247W,non_ess
YOR265W,non_ess
YOR269W,non_ess
YOR288C,non_ess
YOR293W,non_ess
YOR297C,non_ess
YOR299W,non_ess
YOR307C,non_ess
YOR316C,non_ess
YOR327C,non_ess
YOR332W,non_ess
YOR337W,non_ess
YOR346W,non_ess
YOR350C,non_ess
YOR355W,non_ess
YOR358W,non_ess
YOR363C,non_ess
YOR368W,non_ess
YOR374W,non_ess
YOR377W,non_ess
YOR384W,non_ess
YPL001W,non_ess
YPL003W,non_ess
YPL006W,non_ess
YPL008W,non_ess
YPL015C,non_ess
YPL018W,non_ess
YPL021W,non_ess
YPL022W,non_ess
YPL023C,non_ess
YPL024W,non_ess
YPL026C,non_ess
YPL029W,non_ess
YPL031C,non_ess
YPL032C,non_ess
YPL036W,non_ess
YPL040C,non_ess
YPL046C,non_ess
YPL057C,non_ess
YPL059W,non_ess
YPL072W,non_ess
YPL078C,non_ess
YPL081W,non_ess
YPL089C,non_ess
YPL091W,non_ess
YPL096W,non_ess
YPL104W,non_ess
YPL111W,non_ess
YPL116W,non_ess
YPL118W,non_ess
YPL123C,non_ess
YPL125W,non_ess
YPL127C,non_ess
YPL129W,non_ess
YPL134C,non_ess
YPL139C,non_ess
YPL147W,non_ess
YPL155C,non_ess
YPL161C,non_ess
YPL164C,non_ess
YPL172C,non_ess
YPL174C,non_ess
YPL177C,non_ess
YPL187W,non_ess
YPL189W,non_ess
YPL193W,non_ess
YPL195W,non_ess
YPL203W,non_ess
YPL213W,non_ess
YPL220W,non_ess
YPL223C,non_ess
YPL226W,non_ess
YPL234C,non_ess
YPL240C,non_ess
YPL254W,non_ess
YPL256C,non_ess
YPL259C,non_ess
YPL262W,non_ess
YPL263C,non_ess
YPL265W,non_ess
YPL268W,non_ess
YPL270W,non_ess
YPL271W,non_ess
YPL273W,non_ess
YPL274W,non_ess
YPR001W,non_ess
YPR002W,non_ess
YPR005C,non_ess
YPR006C,non_ess
YPR007C,non_ess
YPR017C,non_ess
YPR018W,non_ess
YPR023C,non_ess
YPR030W,non_ess
YPR043W,non_ess
YPR047W,non_ess
YPR052C,non_ess
YPR065W,non_ess
YPR067W,non_ess
YPR069C,non_ess
YPR072W,non_ess
YPR101W,non_ess
YPR106W,non_ess
YPR111W,non_ess
YPR122W,non_ess
YPR129W,non_ess
YPR134W,non_ess
YPR141C,non_ess
YPR149W,non_ess
YPR159W,non_ess
YPR163C,non_ess
YPR167C,non_ess
YPR184W,non_ess
YPR188C,non_ess
YPR192W,non_ess
YPR199C,non_ess
YPR201W,non_ess
YAL029C,non_ess
YAL031C,non_ess
YAL036C,non_ess
YAL042W,non_ess
YAL044C,non_ess
YAL051W,non_ess
YAL055W,non_ess
YAL059W,non_ess
YAL067C,non_ess
YAR002W,non_ess
YAR015W,non_ess
YAR035W,non_ess
YBL001C,non_ess
YBL003C,non_ess
YBL007C,non_ess
YBL011W,non_ess
YBL016W,non_ess
YBL017C,non_ess
YBL019W,non_ess
YBL021C,non_ess
YBL025W,non_ess
YBL027W,non_ess
YBL037W,non_ess
YBL039C,non_ess
YBL042C,non_ess
YBL045C,non_ess
YBL052C,non_ess
YBL058W,non_ess
YBL063W,non_ess
YBL069W,non_ess
YBL078C,non_ess
YBL080C,non_ess
YBL087C,non_ess
YBL090W,non_ess
YBL101C,non_ess
YBL103C,non_ess
YBL106C,non_ess
YBR001C,non_ess
YBR003W,non_ess
YDR418W,non_ess
YDR420W,non_ess
YLR434C,non_ess
YKR016W,non_ess
YER182W,non_ess
YHR011W,non_ess
YHR012W,non_ess
YDR423C,non_ess
YDR432W,non_ess
YDR436W,non_ess
YDR439W,non_ess
YDR441C,non_ess
YDR446W,non_ess
YDR448W,non_ess
YDR452W,non_ess
YDR456W,non_ess
YDR463W,non_ess
YDR471W,non_ess
YDR477W,non_ess
YDR480W,non_ess
YDR483W,non_ess
YDR490C,non_ess
YDR500C,non_ess
YDR503C,non_ess
YDR507C,non_ess
YDR508C,non_ess
YDR513W,non_ess
YDR522C,non_ess
YDR524C,non_ess
YDR529C,non_ess
YDR536W,non_ess
YEL004W,non_ess
YEL011W,non_ess
YEL013W,non_ess
YEL027W,non_ess
YEL036C,non_ess
YEL040W,non_ess
YEL049W,non_ess
YEL051W,non_ess
YEL053C,non_ess
YEL061C,non_ess
YEL063C,non_ess
YEL066W,non_ess
YER001W,non_ess
YER007W,non_ess
YER014W,non_ess
YER017C,non_ess
YER019C-A,non_ess
YER027C,non_ess
YER031C,non_ess
YER033C,non_ess
YER039C,non_ess
YER042W,non_ess
YER044C-A,non_ess
YER088C,non_ess
YER095W,non_ess
YER098W,non_ess
YER103W,non_ess
YER109C,non_ess
YER111C,non_ess
YER114C,non_ess
YER117W,non_ess
YER120W,non_ess
YER131W,non_ess
YER141W,non_ess
YER142C,non_ess
YER144C,non_ess
YER149C,non_ess
YER154W,non_ess
YER161C,non_ess
YER164W,non_ess
YER170W,non_ess
YER174C,non_ess
YER179W,non_ess
YFL011W,non_ess
YFL020C,non_ess
YFL021W,non_ess
YFL026W,non_ess
YFL031W,non_ess
YFL036W,non_ess
YFL041W,non_ess
YFL048C,non_ess
YFL053W,non_ess
YFL056C,non_ess
YFR001W,non_ess
YFR010W,non_ess
YFR014C,non_ess
YFR019W,non_ess
YFR025C,non_ess
YFR030W,non_ess
YFR031C-A,non_ess
YFR032C-A,non_ess
YFR049W,non_ess
YFR053C,non_ess
YGL002W,non_ess
YGL009C,non_ess
YGL012W,non_ess
YGL013C,non_ess
YGL017W,non_ess
YGL019W,non_ess
YGL025C,non_ess
YGL063W,non_ess
YGL067W,non_ess
YGL071W,non_ess
YGL077C,non_ess
YGL083W,non_ess
YGL084C,non_ess
YGL087C,non_ess
YGL090W,non_ess
YGL094C,non_ess
YGL105W,non_ess
YGL124C,non_ess
YGL126W,non_ess
YGL135W,non_ess
YGL141W,non_ess
YGL143C,non_ess
YGL147C,non_ess
YGL153W,non_ess
YGL156W,non_ess
YGL166W,non_ess
YGL175C,non_ess
YGL181W,non_ess
YGL195W,non_ess
YGL200C,non_ess
YGL203C,non_ess
YGL206C,non_ess
YGL208W,non_ess
YGL210W,non_ess
YGL213C,non_ess
YGL216W,non_ess
YGL222C,non_ess
YGL226C-A,non_ess
YGL228W,non_ess
YGL229C,non_ess
YGL240W,non_ess
YGL243W,non_ess
YGL246C,non_ess
YGL249W,non_ess
YGL254W,non_ess
YGL256W,non_ess
YGL257C,non_ess
YGL263W,non_ess
YGR006W,non_ess
YGR008C,non_ess
YGR019W,non_ess
YGR023W,non_ess
YGR028W,non_ess
YGR034W,non_ess
YGR036C,non_ess
YGR038W,non_ess
YGR049W,non_ess
YGR087C,non_ess
YGR097W,non_ess
YGR100W,non_ess
YGR105W,non_ess
YGR109C,non_ess
YGR118W,non_ess
YGR123C,non_ess
YGR129W,non_ess
YGR133W,non_ess
YGR142W,non_ess
YGR144W,non_ess
YGR148C,non_ess
YGR155W,non_ess
YGR163W,non_ess
YGR167W,non_ess
YGR171C,non_ess
YGR174C,non_ess
YGR177C,non_ess
YGR178C,non_ess
YGR181W,non_ess
YGR188C,non_ess
YGR199W,non_ess
YGR202C,non_ess
YGR209C,non_ess
YGR213C,non_ess
YGR222W,non_ess
YGR225W,non_ess
YGR231C,non_ess
YGR233C,non_ess
YGR234W,non_ess
YGR239C,non_ess
YGR241C,non_ess
YGR248W,non_ess
YGR260W,non_ess
YGR270W,non_ess
YGR275W,non_ess
YGR279C,non_ess
YGR282C,non_ess
YKR065C,non_ess
YBR047W,non_ess
YDR070C,non_ess
YGR033C,non_ess
YHR198C,non_ess
YPL099C,non_ess
YNL179C,non_ess
YOR041C,non_ess
YGL218W,non_ess
YJL065C,non_ess
YLR077W,non_ess
YJR080C,non_ess
YLR454W,non_ess
YMR115W,non_ess
YGL232W,non_ess
YOR179C,non_ess
YMR030W,non_ess
YER080W,non_ess
YFL046W,non_ess
YHR199C,non_ess
YOR286W,non_ess
YJL161W,non_ess
YPL103C,non_ess
YGL080W,non_ess
YIL157C,non_ess
YMR157C,non_ess
YOR205C,non_ess
YOL109W,non_ess
YJR070C,non_ess
YBR262C,non_ess
YGR052W,non_ess
YKR049C,non_ess
YLR201C,non_ess
YPL222W,non_ess
YDL222C,non_ess
YER004W,non_ess
YGR243W,non_ess
YKR027W,non_ess
YMR221C,non_ess
YNL168C,non_ess
YOR138C,non_ess
YNL136W,non_ess
YDR111C,non_ess
YLR385C,non_ess
YFR041C,non_ess
YJL162C,non_ess
YMR132C,non_ess
YDR504C,non_ess
YJR097W,non_ess
YLL057C,non_ess
YMR107W,non_ess
YMR191W,non_ess
YNL227C,non_ess
YKR089C,non_ess
YOR081C,non_ess
YBR287W,non_ess
YCR060W,non_ess
YHR034C,non_ess
YOR073W,non_ess
YDR533C,non_ess
YHR049W,non_ess
YMR222C,non_ess
YOR280C,non_ess
YIL170W,non_ess
YKR103W,non_ess
YLL016W,non_ess
YPR091C,non_ess
YJL175W,non_ess
YJL181W,non_ess
YHR014W,non_ess
YHR015W,non_ess
YHR016C,non_ess
YHR017W,non_ess
YHR021C,non_ess
YHR021W-A,non_ess
YHR026W,non_ess
YHR037W,non_ess
YHR041C,non_ess
YHR044C,non_ess
YHR050W,non_ess
YHR057C,non_ess
YHR060W,non_ess
YHR079C,non_ess
YHR084W,non_ess
YHR091C,non_ess
YHR093W,non_ess
YHR096C,non_ess
YHR106W,non_ess
YHR108W,non_ess
YHR110W,non_ess
YHR123W,non_ess
YHR132C,non_ess
YHR136C,non_ess
YHR139C,non_ess
YHR158C,non_ess
YHR161C,non_ess
YHR179W,non_ess
YHR184W,non_ess
YHR193C,non_ess
YHR203C,non_ess
YIL002C,non_ess
YIL008W,non_ess
YIL009W,non_ess
YIL013C,non_ess
YIL015W,non_ess
YIL017C,non_ess
YIL020C,non_ess
YIL034C,non_ess
YIL036W,non_ess
YIL043C,non_ess
YIL045W,non_ess
YIL047C,non_ess
YIL049W,non_ess
YIL066C,non_ess
YIL069C,non_ess
YIL072W,non_ess
YIL074C,non_ess
YIL076W,non_ess
YIL084C,non_ess
YIL095W,non_ess
YIL098C,non_ess
YIL099W,non_ess
YIL101C,non_ess
YIL107C,non_ess
YIL114C,non_ess
YIL116W,non_ess
YIL119C,non_ess
YIL120W,non_ess
YIL123W,non_ess
YIL124W,non_ess
YIL125W,non_ess
YIL128W,non_ess
YIL133C,non_ess
YIL134W,non_ess
YIL138C,non_ess
YIL140W,non_ess
YIL146C,non_ess
YIL148W,non_ess
YIL155C,non_ess
YIL159W,non_ess
YIL162W,non_ess
YIL168W,non_ess
YIR001C,non_ess
YIR005W,non_ess
YIR017C,non_ess
YIR019C,non_ess
YIR027C,non_ess
YIR029W,non_ess
YIR031C,non_ess
YIR038C,non_ess
YJL006C,non_ess
YJL013C,non_ess
YJL023C,non_ess
YJL029C,non_ess
YJL042W,non_ess
YJL047C,non_ess
YJL052W,non_ess
YJL063C,non_ess
YJL077C,non_ess
YJL079C,non_ess
YJL093C,non_ess
YJL096W,non_ess
YJL101C,non_ess
YJL106W,non_ess
YJL115W,non_ess
YJL124C,non_ess
YJL130C,non_ess
YJL136C,non_ess
YJL140W,non_ess
YJL148W,non_ess
YJL154C,non_ess
YJL155C,non_ess
YJL157C,non_ess
YJL158C,non_ess
YJL159W,non_ess
YJL164C,non_ess
YJL166W,non_ess
YJL168C,non_ess
YJL170C,non_ess
YJL172W,non_ess
YJL177W,non_ess
YJL179W,non_ess
YJL180C,non_ess
YJL183W,non_ess
YJL186W,non_ess
YJL191W,non_ess
YJL196C,non_ess
YJL208C,non_ess
YJR010C-A,non_ess
YJR019C,non_ess
YJR031C,non_ess
YJR035W,non_ess
YJR048W,non_ess
YJR050W,non_ess
YJR052W,non_ess
YJR055W,non_ess
YJR066W,non_ess
YJR077C,non_ess
YJR091C,non_ess
YJR094C,non_ess
YJR103W,non_ess
YJR106W,non_ess
YJR117W,non_ess
YJR121W,non_ess
YJR127C,non_ess
YJR131W,non_ess
YJR135C,non_ess
YJR144W,non_ess
YJR147W,non_ess
YJR150C,non_ess
YJR153W,non_ess
YKL003C,non_ess
YKL007W,non_ess
YKL010C,non_ess
YKL015W,non_ess
YKL017C,non_ess
YKL020C,non_ess
YKL025C,non_ess
YKL039W,non_ess
YKL043W,non_ess
YKL048C,non_ess
YKL057C,non_ess
YKL062W,non_ess
YKL064W,non_ess
YKL065C,non_ess
YKL067W,non_ess
YKL068W,non_ess
YKL072W,non_ess
YKL073W,non_ess
YKL074C,non_ess
YKL079W,non_ess
YKL080W,non_ess
YKL081W,non_ess
YKL085W,non_ess
YKL087C,non_ess
YKL092C,non_ess
YKL093W,non_ess
YKL094W,non_ess
YKL096W-A,non_ess
YKL103C,non_ess
YKL109W,non_ess
YKL117W,non_ess
YKL120W,non_ess
YKL124W,non_ess
YKL128C,non_ess
YKL130C,non_ess
YKL138C,non_ess
YJR030C,non_ess
YJL193W,non_ess
YJL206C,non_ess
YJL211C,non_ess
YJL215C,non_ess
YJL217W,non_ess
YJR008W,non_ess
YJR015W,non_ess
YJR020W,non_ess
YJR024C,non_ess
YJR038C,non_ess
YJR054W,non_ess
YJR061W,non_ess
YJR079W,non_ess
YJR087W,non_ess
YJR096W,non_ess
YJR098C,non_ess
YJR107W,non_ess
YJR110W,non_ess
YJR115W,non_ess
YJR116W,non_ess
YJR120W,non_ess
YJR124C,non_ess
YJR128W,non_ess
YJR129C,non_ess
YJR146W,non_ess
YJR149W,non_ess
YKL027W,non_ess
YKL031W,non_ess
YKL033W-A,non_ess
YKL050C,non_ess
YKL053W,non_ess
YKL063C,non_ess
YKL069W,non_ess
YKL071W,non_ess
YKL084W,non_ess
YKL091C,non_ess
YKL100C,non_ess
YKL105C,non_ess
YKL123W,non_ess
YKL133C,non_ess
YKL137W,non_ess
YKL147C,non_ess
YKL161C,non_ess
YKL162C-A,non_ess
YKL171W,non_ess
YKL177W,non_ess
YKL202W,non_ess
YKL207W,non_ess
YKL215C,non_ess
YKL222C,non_ess
YKR005C,non_ess
YKR018C,non_ess
YKR021W,non_ess
YKR023W,non_ess
YKR032W,non_ess
YKR035C,non_ess
YKR040C,non_ess
YKR043C,non_ess
YKR070W,non_ess
YKR075C,non_ess
YKR078W,non_ess
YKR100C,non_ess
YKR106W,non_ess
YLL007C,non_ess
YLL012W,non_ess
YLL014W,non_ess
YLL020C,non_ess
YLL023C,non_ess
YLL025W,non_ess
YLL029W,non_ess
YLL030C,non_ess
YLL032C,non_ess
YLL044W,non_ess
YLL047W,non_ess
YLL049W,non_ess
YLL053C,non_ess
YLL054C,non_ess
YLL055W,non_ess
YLL056C,non_ess
YLL058W,non_ess
YLR001C,non_ess
YLR003C,non_ess
YLR012C,non_ess
YLR020C,non_ess
YLR030W,non_ess
YLR041W,non_ess
YLR046C,non_ess
YLR049C,non_ess
YLR064W,non_ess
YLR072W,non_ess
YLR104W,non_ess
YLR108C,non_ess
YLR118C,non_ess
YLR123C,non_ess
YLR125W,non_ess
YLR128W,non_ess
YLR143W,non_ess
YLR149C,non_ess
YLR169W,non_ess
YLR173W,non_ess
YLR179C,non_ess
YLR193C,non_ess
YLR211C,non_ess
YLR218C,non_ess
YLR224W,non_ess
YLR232W,non_ess
YLR236C,non_ess
YLR253W,non_ess
YLR255C,non_ess
YLR278C,non_ess
YLR280C,non_ess
YLR282C,non_ess
YLR287C,non_ess
YLR290C,non_ess
YLR294C,non_ess
YLR296W,non_ess
YLR297W,non_ess
YLR311C,non_ess
YLR312C,non_ess
YLR324W,non_ess
YLR326W,non_ess
YLR327C,non_ess
YLR334C,non_ess
YLR343W,non_ess
YLR346C,non_ess
YLR356W,non_ess
YLR366W,non_ess
YLR387C,non_ess
YLR400W,non_ess
YLR402W,non_ess
YLR408C,non_ess
YLR413W,non_ess
YLR415C,non_ess
YLR422W,non_ess
YLR426W,non_ess
YLR445W,non_ess
YLR455W,non_ess
YML002W,non_ess
YML005W,non_ess
YML009W-B,non_ess
YML020W,non_ess
YML036W,non_ess
YML047W-A,non_ess
YML053C,non_ess
YML057C-A,non_ess
YML083C,non_ess
YML087C,non_ess
YML089C,non_ess
YML096W,non_ess
YML107C,non_ess
YMR002W,non_ess
YMR007W,non_ess
YMR010W,non_ess
YMR018W,non_ess
YMR031C,non_ess
YMR052C-A,non_ess
YMR067C,non_ess
YMR074C,non_ess
YMR075C-A,non_ess
YMR082C,non_ess
YMR084W,non_ess
YMR085W,non_ess
YMR086C-A,non_ess
YMR086W,non_ess
YMR087W,non_ess
YMR088C,non_ess
YMR090W,non_ess
YMR098C,non_ess
YMR103C,non_ess
YMR110C,non_ess
YMR114C,non_ess
YMR118C,non_ess
YMR119W-A,non_ess
YMR124W,non_ess
YMR144W,non_ess
YMR147W,non_ess
YMR153C-A,non_ess
YMR158C-A,non_ess
YMR158W-B,non_ess
YMR163C,non_ess
YMR171C,non_ess
YMR173W-A,non_ess
YMR181C,non_ess
YMR194C-A,non_ess
YMR204C,non_ess
YMR210W,non_ess
YMR244C-A,non_ess
YMR245W,non_ess
YMR251W,non_ess
YMR253C,non_ess
YMR278W,non_ess
YMR291W,non_ess
YLR437C,non_ess
YLR444C,non_ess
YMR130W,non_ess
YLR446W,non_ess
YLR456W,non_ess
YLR460C,non_ess
YML003W,non_ess
YML009C-A,non_ess
YML011C,non_ess
YML018C,non_ess
YML030W,non_ess
YML034C-A,non_ess
YML037C,non_ess
YML050W,non_ess
YML059C,non_ess
YML072C,non_ess
YML079W,non_ess
YML082W,non_ess
YML084W,non_ess
YML094C-A,non_ess
YML099W-A,non_ess
YML101C-A,non_ess
YML108W,non_ess
YML122C,non_ess
YML131W,non_ess
YMR003W,non_ess
YMR009W,non_ess
YMR031W-A,non_ess
YMR034C,non_ess
YMR041C,non_ess
YMR111C,non_ess
YMR122C,non_ess
YMR141C,non_ess
YMR155W,non_ess
YMR160W,non_ess
YMR166C,non_ess
YMR172C-A,non_ess
YMR187C,non_ess
YMR193C-A,non_ess
YMR196W,non_ess
YMR206W,non_ess
YMR237W,non_ess
YMR244W,non_ess
YMR247C,non_ess
YMR252C,non_ess
YMR254C,non_ess
YMR262W,non_ess
YMR265C,non_ess
YMR269W,non_ess
YMR279C,non_ess
YMR293C,non_ess
YMR295C,non_ess
YMR299C,non_ess
YMR306C-A,non_ess
YMR310C,non_ess
YMR316C-A,non_ess
YMR317W,non_ess
YMR320W,non_ess
YMR326C,non_ess
YNL010W,non_ess
YNL013C,non_ess
YNL022C,non_ess
YNL028W,non_ess
YNL035C,non_ess
YNL040W,non_ess
YNL043C,non_ess
YNL057W,non_ess
YNL063W,non_ess
YNL087W,non_ess
YNL144C,non_ess
YNL171C,non_ess
YNL184C,non_ess
YNL190W,non_ess
YNL193W,non_ess
YNL195C,non_ess
YNL198C,non_ess
YNL205C,non_ess
YNL208W,non_ess
YNL213C,non_ess
YNL217W,non_ess
YNL224C,non_ess
YNL234W,non_ess
YNL266W,non_ess
YNL274C,non_ess
YNL276C,non_ess
YNL303W,non_ess
YNL305C,non_ess
YNL320W,non_ess
YNL324W,non_ess
YNL335W,non_ess
YNR009W,non_ess
YNR014W,non_ess
YNR020C,non_ess
YNR021W,non_ess
YNR024W,non_ess
YNR036C,non_ess
YNR048W,non_ess
YNR062C,non_ess
YNR064C,non_ess
YNR071C,non_ess
YNR074C,non_ess
YOL013W-B,non_ess
YOL015W,non_ess
YOL024W,non_ess
YOL029C,non_ess
YOL036W,non_ess
YOL092W,non_ess
YOL098C,non_ess
YOL101C,non_ess
YOL107W,non_ess
YOL114C,non_ess
YOL118C,non_ess
YOL125W,non_ess
YOL155C,non_ess
YOL163W,non_ess
YOR006C,non_ess
YOR012W,non_ess
YOR015W,non_ess
YOR021C,non_ess
YOR024W,non_ess
YOR044W,non_ess
YOR050C,non_ess
YOR052C,non_ess
YOR055W,non_ess
YOR059C,non_ess
YOR062C,non_ess
YOR072W,non_ess
YOR086C,non_ess
YOR091W,non_ess
YOR097C,non_ess
YOR112W,non_ess
YOR118W,non_ess
YOR129C,non_ess
YOR152C,non_ess
YOR166C,non_ess
YOR192C,non_ess
YOR200W,non_ess
YOR214C,non_ess
YOR225W,non_ess
YOR228C,non_ess
YOR238W,non_ess
YOR251C,non_ess
YOR298W,non_ess
YOR305W,non_ess
YOR309C,non_ess
YOR314W,non_ess
YOR315W,non_ess
YOR331C,non_ess
YOR338W,non_ess
YOR343C,non_ess
YOR352W,non_ess
YOR365C,non_ess
YOR366W,non_ess
YOR376W,non_ess
YOR379C,non_ess
YOR385W,non_ess
YPL005W,non_ess
YPL014W,non_ess
YPL025C,non_ess
YPL033C,non_ess
YPL035C,non_ess
YPL041C,non_ess
YPL047W,non_ess
YPL066W,non_ess
YPL068C,non_ess
YPL073C,non_ess
YPL080C,non_ess
YPL095C,non_ess
YPL107W,non_ess
YPL109C,non_ess
YPL113C,non_ess
YPL137C,non_ess
YPL141C,non_ess
YPL144W,non_ess
YPL150W,non_ess
YPL162C,non_ess
YPL166W,non_ess
YPL176C,non_ess
YPL184C,non_ess
YPL197C,non_ess
YPL206C,non_ess
YPL207W,non_ess
YPL216W,non_ess
YPL225W,non_ess
YPR039W,non_ess
YPR044C,non_ess
YPR053C,non_ess
YPR059C,non_ess
YPR063C,non_ess
YPR071W,non_ess
YER124C,non_ess
YKL140W,non_ess
YKL143W,non_ess
YKL149C,non_ess
YIL153W,non_ess
YAL004W,non_ess
YAL018C,non_ess
YAL027W,non_ess
YAL037W,non_ess
YAL045C,non_ess
YAL046C,non_ess
YAL049C,non_ess
YAL061W,non_ess
YAL064C-A,non_ess
YAL065C,non_ess
YAL068C,non_ess
YAR029W,non_ess
YBL010C,non_ess
YBL028C,non_ess
YBL044W,non_ess
YBL053W,non_ess
YBL055C,non_ess
YBL059W,non_ess
YBL070C,non_ess
YBL081W,non_ess
YBL086C,non_ess
YBL095W,non_ess
YBL104C,non_ess
YBR005W,non_ess
YBR012C,non_ess
YBR014C,non_ess
YBR022W,non_ess
YBR027C,non_ess
YBR030W,non_ess
YBR052C,non_ess
YBR056W,non_ess
YBR062C,non_ess
YBR064W,non_ess
YBR071W,non_ess
YBR096W,non_ess
YBR113W,non_ess
YBR137W,non_ess
YBR141C,non_ess
YBR147W,non_ess
YBR161W,non_ess
YBR168W,non_ess
YBR187W,non_ess
YBR206W,non_ess
YBR219C,non_ess
YBR225W,non_ess
YBR235W,non_ess
YBR239C,non_ess
YBR242W,non_ess
YBR250W,non_ess
YBR259W,non_ess
YBR261C,non_ess
YBR266C,non_ess
YBR267W,non_ess
YBR270C,non_ess
YBR271W,non_ess
YBR273C,non_ess
YBR277C,non_ess
YBR280C,non_ess
YBR281C,non_ess
YBR284W,non_ess
YBR285W,non_ess
YBR292C,non_ess
YBR293W,non_ess
YBR300C,non_ess
YCL001W-A,non_ess
YCL023C,non_ess
YCL033C,non_ess
YCL044C,non_ess
YCL046W,non_ess
YCL048W,non_ess
YCL069W,non_ess
YCL076W,non_ess
YCR006C,non_ess
YCR015C,non_ess
YCR023C,non_ess
YCR025C,non_ess
YCR043C,non_ess
YCR049C,non_ess
YCR051W,non_ess
YCR076C,non_ess
YCR082W,non_ess
YCR099C,non_ess
YCR101C,non_ess
YCR102W-A,non_ess
YDL009C,non_ess
YDL011C,non_ess
YDL025C,non_ess
YDL032W,non_ess
YDL034W,non_ess
YDL057W,non_ess
YDL062W,non_ess
YDL068W,non_ess
YDL073W,non_ess
YDL086W,non_ess
YDL091C,non_ess
YDL096C,non_ess
YDL110C,non_ess
YDL114W,non_ess
YDL129W,non_ess
YDL144C,non_ess
YDL156W,non_ess
YDL157C,non_ess
YDL158C,non_ess
YDL162C,non_ess
YDL176W,non_ess
YDL177C,non_ess
YDL180W,non_ess
YDL183C,non_ess
YDL187C,non_ess
YDL199C,non_ess
YDL237W,non_ess
YDL242W,non_ess
YDR020C,non_ess
YDR029W,non_ess
YDR042C,non_ess
YDR061W,non_ess
YDR090C,non_ess
YDR094W,non_ess
YDR102C,non_ess
YDR107C,non_ess
YDR124W,non_ess
YDR128W,non_ess
YDR132C,non_ess
YDR134C,non_ess
YDR185C,non_ess
YDR199W,non_ess
YDR203W,non_ess
YDR209C,non_ess
YDR219C,non_ess
YDR222W,non_ess
YDR248C,non_ess
YDR250C,non_ess
YDR262W,non_ess
YDR271C,non_ess
YDR286C,non_ess
YDR291W,non_ess
YDR307W,non_ess
YDR316W,non_ess
YDR317W,non_ess
YDR319C,non_ess
YDR330W,non_ess
YDR332W,non_ess
YDR333C,non_ess
YDR338C,non_ess
YDR340W,non_ess
YDR344C,non_ess
YDR348C,non_ess
YDR352W,non_ess
YDR357C,non_ess
YDR391C,non_ess
YDR415C,non_ess
YDR428C,non_ess
YDR442W,non_ess
YBR009C,non_ess
YBR017C,non_ess
YML012C-A,non_ess
YDR161W,non_ess
YMR057C,non_ess
YMR148W,non_ess
YMR184W,non_ess
YMR226C,non_ess
YMR259C,non_ess
YGR201C,non_ess
YGR250C,non_ess
YHR049C-A,non_ess
YHR126C,non_ess
YHR182W,non_ess
YBR232C,non_ess
YCL047C,non_ess
YPL264C,non_ess
YLR428C,non_ess
YML081W,non_ess
YML119W,non_ess
YMR040W,non_ess
YHR045W,non_ess
YHR115C,non_ess
YHR140W,non_ess
YIL014C-A,non_ess
YIL057C,non_ess
YDL186W,non_ess
YDR015C,non_ess
YDR065W,non_ess
YDR114C,non_ess
YDR154C,non_ess
YLR269C,non_ess
YGR247W,non_ess
YDR430C,non_ess
YDL175C,non_ess
YDR482C,non_ess
YOR380W,non_ess
YLR265C,non_ess
YKL175W,non_ess
YLR165C,non_ess
YOL042W,non_ess
YOR354C,non_ess
YOR106W,non_ess
YOR171C,non_ess
YOR195W,non_ess
YOR219C,non_ess
YLL042C,non_ess
YLR028C,non_ess
YLR056W,non_ess
YLR082C,non_ess
YHL040C,non_ess
YHR047C,non_ess
YHR077C,non_ess
YHR109W,non_ess
YHR135C,non_ess
YDR465C,non_ess
YDR497C,non_ess
YDR518W,non_ess
YEL038W,non_ess
YBR120C,non_ess
YBR132C,non_ess
YBR163W,non_ess
YBR180W,non_ess
YNL329C,non_ess
YNR010W,non_ess
YNR039C,non_ess
YLR333C,non_ess
YLR363C,non_ess
YLR388W,non_ess
YLR443W,non_ess
YJL176C,non_ess
YJL189W,non_ess
YJR043C,non_ess
YJR062C,non_ess
YGL255W,non_ess
YGR032W,non_ess
YGR072W,non_ess
YGR084C,non_ess
YDR256C,non_ess
YDR277C,non_ess
YDL078C,non_ess
YDL112W,non_ess
YOR248W,non_ess
YKL134C,non_ess
YGL234W,non_ess
YBR208C,non_ess
ER069W,non_ess