,orf,label_x,label_y
0,YEL007W,non_ess,non_ess
1,YNL099C,non_ess,non_ess
2,YMR216C,non_ess,non_ess
3,YBL067C,non_ess,non_ess
4,YMR070W,non_ess,non_ess
5,YOR274W,non_ess,non_ess
6,YOL087C,non_ess,non_ess
7,YHR030C,non_ess,non_ess
8,YKR026C,non_ess,non_ess
9,YNL032W,non_ess,non_ess
10,YCR034W,non_ess,non_ess
11,YDR035W,non_ess,non_ess
12,YMR304W,non_ess,non_ess
13,YGR057C,non_ess,non_ess
14,YER019W,non_ess,non_ess
15,YGR184C,non_ess,non_ess
16,YHL034C,non_ess,non_ess
17,YDR067C,non_ess,non_ess
18,YLR055C,non_ess,non_ess
19,YDR289C,non_ess,non_ess
20,YGR208W,non_ess,non_ess
21,YDR306C,non_ess,non_ess
22,YDR314C,non_ess,non_ess
23,YDL018C,non_ess,non_ess
24,YDR162C,non_ess,non_ess
25,YOR184W,non_ess,non_ess
26,YLR286C,non_ess,non_ess
27,YPL214C,non_ess,non_ess
28,YDL210W,non_ess,non_ess
29,YDR097C,non_ess,non_ess
30,YOR381W,non_ess,non_ess
31,YOR239W,non_ess,non_ess
32,YDR152W,non_ess,non_ess
33,YLR126C,non_ess,non_ess
34,YNR019W,non_ess,non_ess
35,YML022W,non_ess,non_ess
36,YDR408C,non_ess,non_ess
37,YGR061C,non_ess,non_ess
38,YJL126W,non_ess,non_ess
39,YHR178W,non_ess,non_ess
40,YPL098C,non_ess,non_ess
41,YLR058C,non_ess,non_ess
42,YJL024C,non_ess,non_ess
43,YJR105W,non_ess,non_ess
44,YMR123W,non_ess,non_ess
45,YDL226C,non_ess,non_ess
46,YJR060W,non_ess,non_ess
47,YNL316C,non_ess,non_ess
48,YMR300C,non_ess,non_ess
49,YER091C,non_ess,non_ess
50,YGL251C,non_ess,non_ess
51,YLR303W,non_ess,non_ess
52,YPR003C,non_ess,non_ess
53,YDR336W,non_ess,non_ess
54,YIL090W,non_ess,non_ess
55,YIL130W,non_ess,non_ess
56,YPR079W,non_ess,non_ess
57,YIR023W,non_ess,non_ess
58,YKR061W,non_ess,non_ess
59,YBR288C,non_ess,non_ess
60,YDR108W,non_ess,non_ess
61,YER123W,non_ess,non_ess
62,YER176W,non_ess,non_ess
63,YKL106W,non_ess,non_ess
64,YMR284W,non_ess,non_ess
65,YGR193C,non_ess,non_ess
66,YPR028W,non_ess,non_ess
67,YCR033W,non_ess,non_ess
68,YBR035C,non_ess,non_ess
69,YHL024W,non_ess,non_ess
70,YML009C,non_ess,non_ess
71,YKL126W,non_ess,non_ess
72,YBR290W,non_ess,non_ess
73,YDR389W,non_ess,non_ess
74,YOR246C,non_ess,non_ess
75,YJR119C,non_ess,non_ess
76,YMR209C,non_ess,non_ess
77,YMR073C,non_ess,non_ess
78,YJR075W,non_ess,non_ess
79,YJL080C,non_ess,non_ess
80,YNL229C,non_ess,non_ess
81,YMR238W,non_ess,non_ess
82,YLR085C,non_ess,non_ess
83,YOL041C,non_ess,non_ess
84,YER059W,non_ess,non_ess
85,YML123C,non_ess,non_ess
86,YOR070C,non_ess,non_ess
87,YDL074C,non_ess,non_ess
88,YJL212C,non_ess,non_ess
89,YJL095W,non_ess,non_ess
90,YOL006C,non_ess,non_ess
91,YJR005W,non_ess,non_ess
92,YEL042W,non_ess,non_ess
93,YAL040C,non_ess,non_ess
94,YDR270W,non_ess,non_ess
95,YLR015W,non_ess,non_ess
96,YJR058C,non_ess,non_ess
97,YFR048W,non_ess,non_ess
98,YDL001W,non_ess,non_ess
99,YOL018C,non_ess,non_ess
100,YER151C,non_ess,non_ess
101,YIL154C,non_ess,non_ess
102,YLR418C,non_ess,non_ess
103,YKL190W,non_ess,non_ess
104,YPL065W,non_ess,non_ess
105,YJR102C,non_ess,non_ess
106,YPL002C,non_ess,non_ess
107,YLR025W,non_ess,non_ess
108,YHL027W,non_ess,non_ess
109,YNR029C,non_ess,non_ess
110,YCR026C,non_ess,non_ess
111,YOR275C,non_ess,non_ess
112,YLR113W,non_ess,non_ess
113,YDR276C,non_ess,non_ess
114,YJL128C,non_ess,non_ess
115,YDL022W,non_ess,non_ess
116,YNL183C,non_ess,non_ess
117,YLR330W,non_ess,non_ess
118,YMR289W,non_ess,non_ess
119,YOR356W,non_ess,non_ess
120,YLR120C,non_ess,non_ess
121,YLL040C,non_ess,non_ess
122,YMR152W,non_ess,non_ess
123,YPL037C,non_ess,non_ess
124,YPL227C,non_ess,non_ess
125,YPR173C,non_ess,non_ess
126,YMR077C,non_ess,non_ess
127,YMR102C,non_ess,non_ess
128,YHR207C,non_ess,non_ess
129,YMR109W,non_ess,non_ess
130,YOR067C,non_ess,non_ess
131,YDL100C,non_ess,non_ess
132,YDL101C,non_ess,non_ess
133,YCR017C,non_ess,non_ess
134,YKL041W,non_ess,non_ess
135,YLR417W,non_ess,non_ess
136,YDR049W,non_ess,non_ess
137,YOR051C,non_ess,non_ess
138,YOR164C,non_ess,non_ess
139,YMR121C,non_ess,non_ess
140,YNL257C,non_ess,non_ess
141,YPL120W,non_ess,non_ess
142,YNR006W,non_ess,non_ess
143,YPL084W,non_ess,non_ess
144,YBR231C,non_ess,non_ess
145,YAL002W,non_ess,non_ess
146,YLR114C,non_ess,non_ess
147,YPL183C,non_ess,non_ess
148,YBR215W,non_ess,non_ess
149,YNL288W,non_ess,non_ess
150,YNL027W,non_ess,non_ess
151,YNL206C,non_ess,non_ess
152,YJR140C,non_ess,non_ess
153,YBL008W,non_ess,non_ess
154,YJL036W,non_ess,non_ess
155,YDL236W,non_ess,non_ess
156,YNL307C,non_ess,non_ess
157,YNL201C,non_ess,non_ess
158,YDR414C,non_ess,non_ess
159,YLR436C,non_ess,non_ess
160,YJR137C,non_ess,non_ess
161,YKR069W,non_ess,non_ess
162,YIL044C,non_ess,non_ess
163,YJR073C,non_ess,non_ess
164,YJL088W,non_ess,non_ess
165,YMR062C,non_ess,non_ess
166,YOR069W,non_ess,non_ess
167,YOR132W,non_ess,non_ess
168,YOR136W,non_ess,non_ess
169,YJR010W,non_ess,non_ess
170,YDL146W,non_ess,non_ess
171,YOL003C,non_ess,non_ess
172,YAR003W,non_ess,non_ess
173,YOR123C,non_ess,non_ess
174,YDL134C,non_ess,non_ess
175,YOL062C,non_ess,non_ess
176,YDR253C,non_ess,non_ess
177,YCL010C,non_ess,non_ess
178,YNR007C,non_ess,non_ess
179,YGL006W,non_ess,non_ess
180,YHR082C,non_ess,non_ess
181,YJL073W,non_ess,non_ess
182,YLR006C,non_ess,non_ess
183,YDR297W,non_ess,non_ess
184,YBL061C,non_ess,non_ess
185,YBR260C,non_ess,non_ess
186,YMR015C,non_ess,non_ess
187,YNL070W,non_ess,non_ess
188,YNL231C,non_ess,non_ess
189,YKL135C,non_ess,non_ess
190,YDR372C,non_ess,non_ess
191,YNL219C,non_ess,non_ess
192,YDR395W,non_ess,non_ess
193,YJL099W,non_ess,non_ess
194,YOL089C,non_ess,non_ess
195,YJL187C,non_ess,non_ess
196,YER005W,non_ess,non_ess
197,YKL101W,non_ess,non_ess
198,YLR170C,non_ess,non_ess
199,YDR469W,non_ess,non_ess
200,YDR005C,non_ess,non_ess
201,YJL207C,non_ess,non_ess
202,YCR098C,non_ess,non_ess
203,YER048C,non_ess,non_ess
204,YEL012W,non_ess,non_ess
205,YKR080W,non_ess,non_ess
206,YKL156W,non_ess,non_ess
207,YKL178C,non_ess,non_ess
208,YKL181W,non_ess,non_ess
209,YKL184W,non_ess,non_ess
210,YKL191W,non_ess,non_ess
211,YKL197C,non_ess,non_ess
212,YKL205W,non_ess,non_ess
213,YKL209C,non_ess,non_ess
214,YKL213C,non_ess,non_ess
215,YKL220C,non_ess,non_ess
216,YKR024C,non_ess,non_ess
217,YKR031C,non_ess,non_ess
218,YKR039W,non_ess,non_ess
219,YKR050W,non_ess,non_ess
220,YKR055W,non_ess,non_ess
221,YKR076W,non_ess,non_ess
222,YKR084C,non_ess,non_ess
223,YLL001W,non_ess,non_ess
224,YLL002W,non_ess,non_ess
225,YLL009C,non_ess,non_ess
226,YLL010C,non_ess,non_ess
227,YLL015W,non_ess,non_ess
228,YLL018C-A,non_ess,non_ess
229,YLL019C,non_ess,non_ess
230,YLL021W,non_ess,non_ess
231,YLL026W,non_ess,non_ess
232,YLL041C,non_ess,non_ess
233,YLR024C,non_ess,non_ess
234,YLR034C,non_ess,non_ess
235,YLR038C,non_ess,non_ess
236,YLR083C,non_ess,non_ess
237,YLR096W,non_ess,non_ess
238,YLR107W,non_ess,non_ess
239,YLR131C,non_ess,non_ess
240,YLR138W,non_ess,non_ess
241,YLR144C,non_ess,non_ess
242,YLR150W,non_ess,non_ess
243,YLR172C,non_ess,non_ess
244,YLR188W,non_ess,non_ess
245,YLR191W,non_ess,non_ess
246,YLR203C,non_ess,non_ess
247,YLR207W,non_ess,non_ess
248,YLR242C,non_ess,non_ess
249,YLR244C,non_ess,non_ess
250,YLR246W,non_ess,non_ess
251,YLR248W,non_ess,non_ess
252,YLR250W,non_ess,non_ess
253,YLR264W,non_ess,non_ess
254,YLR289W,non_ess,non_ess
255,YLR299W,non_ess,non_ess
256,YLR309C,non_ess,non_ess
257,YLR319C,non_ess,non_ess
258,YLR325C,non_ess,non_ess
259,YLR348C,non_ess,non_ess
260,YLR354C,non_ess,non_ess
261,YLR357W,non_ess,non_ess
262,YLR377C,non_ess,non_ess
263,YLR393W,non_ess,non_ess
264,YLR399C,non_ess,non_ess
265,YLR421C,non_ess,non_ess
266,YLR438W,non_ess,non_ess
267,YLR448W,non_ess,non_ess
268,YML001W,non_ess,non_ess
269,YML021C,non_ess,non_ess
270,YML026C,non_ess,non_ess
271,YML032C,non_ess,non_ess
272,YML035C,non_ess,non_ess
273,YML054C,non_ess,non_ess
274,YML057W,non_ess,non_ess
275,YML063W,non_ess,non_ess
276,YML067C,non_ess,non_ess
277,YML074C,non_ess,non_ess
278,YML081C-A,non_ess,non_ess
279,YML086C,non_ess,non_ess
280,YML095C,non_ess,non_ess
281,YML106W,non_ess,non_ess
282,YML110C,non_ess,non_ess
283,YMR019W,non_ess,non_ess
284,YMR021C,non_ess,non_ess
285,YMR023C,non_ess,non_ess
286,YMR026C,non_ess,non_ess
287,YMR035W,non_ess,non_ess
288,YMR065W,non_ess,non_ess
289,YMR089C,non_ess,non_ess
290,YMR092C,non_ess,non_ess
291,YMR096W,non_ess,non_ess
292,YLR044C,non_ess,non_ess
293,YJR084W,non_ess,non_ess
294,YKR082W,non_ess,non_ess
295,YKR093W,non_ess,non_ess
296,YLL028W,non_ess,non_ess
297,YLR014C,non_ess,non_ess
298,YLR032W,non_ess,non_ess
299,YLR059C,non_ess,non_ess
300,YLR084C,non_ess,non_ess
301,YLR090W,non_ess,non_ess
302,YLR109W,non_ess,non_ess
303,YLR130C,non_ess,non_ess
304,YLR133W,non_ess,non_ess
305,YLR136C,non_ess,non_ess
306,YLR139C,non_ess,non_ess
307,YLR142W,non_ess,non_ess
308,YLR146C,non_ess,non_ess
309,YLR174W,non_ess,non_ess
310,YLR200W,non_ess,non_ess
311,YLR288C,non_ess,non_ess
312,YLR300W,non_ess,non_ess
313,YLR318W,non_ess,non_ess
314,YLR335W,non_ess,non_ess
315,YLR337C,non_ess,non_ess
316,YLR351C,non_ess,non_ess
317,YLR362W,non_ess,non_ess
318,YLR372W,non_ess,non_ess
319,YLR380W,non_ess,non_ess
320,YLR384C,non_ess,non_ess
321,YLR389C,non_ess,non_ess
322,YLR396C,non_ess,non_ess
323,YLR398C,non_ess,non_ess
324,YLR403W,non_ess,non_ess
325,YLR410W,non_ess,non_ess
326,YLR420W,non_ess,non_ess
327,YLR429W,non_ess,non_ess
328,YML004C,non_ess,non_ess
329,YML007W,non_ess,non_ess
330,YML016C,non_ess,non_ess
331,YML027W,non_ess,non_ess
332,YML034W,non_ess,non_ess
333,YML038C,non_ess,non_ess
334,YML078W,non_ess,non_ess
335,YML094W,non_ess,non_ess
336,YML099C,non_ess,non_ess
337,YML102W,non_ess,non_ess
338,YML103C,non_ess,non_ess
339,YML115C,non_ess,non_ess
340,YMR008C,non_ess,non_ess
341,YMR012W,non_ess,non_ess
342,YMR044W,non_ess,non_ess
343,YMR078C,non_ess,non_ess
344,YMR080C,non_ess,non_ess
345,YMR095C,non_ess,non_ess
346,YMR100W,non_ess,non_ess
347,YMR106C,non_ess,non_ess
348,YMR129W,non_ess,non_ess
349,YMR137C,non_ess,non_ess
350,YMR139W,non_ess,non_ess
351,YMR143W,non_ess,non_ess
352,YMR161W,non_ess,non_ess
353,YMR224C,non_ess,non_ess
354,YMR234W,non_ess,non_ess
355,YMR241W,non_ess,non_ess
356,YMR243C,non_ess,non_ess
357,YMR246W,non_ess,non_ess
358,YMR273C,non_ess,non_ess
359,YMR280C,non_ess,non_ess
360,YMR287C,non_ess,non_ess
361,YMR292W,non_ess,non_ess
362,YMR302C,non_ess,non_ess
363,YNL020C,non_ess,non_ess
364,YNL021W,non_ess,non_ess
365,YNL025C,non_ess,non_ess
366,YNL031C,non_ess,non_ess
367,YNL037C,non_ess,non_ess
368,YOR245C,non_ess,non_ess
369,YKL046C,non_ess,non_ess
370,YMR097C,non_ess,non_ess
371,YKR030W,non_ess,non_ess
372,YHR111W,non_ess,non_ess
373,YOR267C,non_ess,non_ess
374,YHR067W,non_ess,non_ess
375,YOL071W,non_ess,non_ess
376,YDR255C,non_ess,non_ess
377,YOL054W,non_ess,non_ess
378,YGL020C,non_ess,non_ess
379,YOR165W,non_ess,non_ess
380,YOR243C,non_ess,non_ess
381,YOR049C,non_ess,non_ess
382,YML068W,non_ess,non_ess
383,YLR270W,non_ess,non_ess
384,YGR096W,non_ess,non_ess
385,YMR140W,non_ess,non_ess
386,YHR194W,non_ess,non_ess
387,YHR176W,non_ess,non_ess
388,YPL157W,non_ess,non_ess
389,YDR425W,non_ess,non_ess
390,YCR105W,non_ess,non_ess
391,YLR285W,non_ess,non_ess
392,YDR116C,non_ess,non_ess
393,YGR086C,non_ess,non_ess
394,YPL004C,non_ess,non_ess
395,YBL057C,non_ess,non_ess
396,YHR189W,non_ess,non_ess
397,YOL093W,non_ess,non_ess
398,YPL170W,non_ess,non_ess
399,YKL160W,non_ess,non_ess
400,YEL015W,non_ess,non_ess
401,YGL198W,non_ess,non_ess
402,YDL213C,non_ess,non_ess
403,YGL161C,non_ess,non_ess
404,YGR268C,non_ess,non_ess
405,YBL049W,non_ess,non_ess
406,YLR097C,non_ess,non_ess
407,YDL046W,non_ess,non_ess
408,YER119C,non_ess,non_ess
409,YIL088C,non_ess,non_ess
410,YEL064C,non_ess,non_ess
411,YNL101W,non_ess,non_ess
412,YGR173W,non_ess,non_ess
413,YGL144C,non_ess,non_ess
414,YIL007C,non_ess,non_ess
415,YNL253W,non_ess,non_ess
416,YNL127W,non_ess,non_ess
417,YMR029C,non_ess,non_ess
418,YDR084C,non_ess,non_ess
419,YDR100W,non_ess,non_ess
420,YHR181W,non_ess,non_ess
421,YIL041W,non_ess,non_ess
422,YMR071C,non_ess,non_ess
423,YLR405W,non_ess,non_ess
424,YLR401C,non_ess,non_ess
425,YKL005C,non_ess,non_ess
426,YMR313C,non_ess,non_ess
427,YAL048C,non_ess,non_ess
428,YDR105C,non_ess,non_ess
429,YKL051W,non_ess,non_ess
430,YGL164C,non_ess,non_ess
431,YML014W,non_ess,non_ess
432,YDR036C,non_ess,non_ess
433,YBR216C,non_ess,non_ess
434,YOR155C,non_ess,non_ess
435,YGR003W,non_ess,non_ess
436,YMR069W,non_ess,non_ess
437,YDR346C,non_ess,non_ess
438,YDR071C,non_ess,non_ess
439,YKL086W,non_ess,non_ess
440,YNR067C,non_ess,non_ess
441,YJL020C,non_ess,non_ess
442,YCL016C,non_ess,non_ess
443,YCL061C,non_ess,non_ess
444,YPR008W,non_ess,non_ess
445,YPL101W,non_ess,non_ess
446,YER002W,non_ess,non_ess
447,YPR154W,non_ess,non_ess
448,YBL051C,non_ess,non_ess
449,YGL066W,non_ess,non_ess
450,YDR496C,non_ess,non_ess
451,YPL196W,non_ess,non_ess
452,YGL014W,non_ess,non_ess
453,YLL013C,non_ess,non_ess
454,YPL165C,non_ess,non_ess
455,YKR029C,non_ess,non_ess
456,YPL138C,non_ess,non_ess
457,YBR175W,non_ess,non_ess
458,YJL100W,non_ess,non_ess
459,YCL034W,non_ess,non_ess
460,YPR128C,non_ess,non_ess
461,YDR525W-A,non_ess,non_ess
462,YDL115C,non_ess,non_ess
463,YNL218W,non_ess,non_ess
464,YOR258W,non_ess,non_ess
465,YOR273C,non_ess,non_ess
466,YFL047W,non_ess,non_ess
467,YPL249C,non_ess,non_ess
468,YFL027C,non_ess,non_ess
469,YCL036W,non_ess,non_ess
470,YHR156C,non_ess,non_ess
471,YKR044W,non_ess,non_ess
472,YOR197W,non_ess,non_ess
473,YOR137C,non_ess,non_ess
474,YDR214W,non_ess,non_ess
475,YBL032W,non_ess,non_ess
476,YMR145C,non_ess,non_ess
477,YGL136C,non_ess,non_ess
478,YPL100W,non_ess,non_ess
479,YJR082C,non_ess,non_ess
480,YKL034W,non_ess,non_ess
481,YOR359W,non_ess,non_ess
482,YLR386W,non_ess,non_ess
483,YDL219W,non_ess,non_ess
484,YPL133C,non_ess,non_ess
485,YJL060W,non_ess,non_ess
486,YGL064C,non_ess,non_ess
487,YDR200C,non_ess,non_ess
488,YPR139C,non_ess,non_ess
489,YOL129W,non_ess,non_ess
490,YJR126C,non_ess,non_ess
491,YML041C,non_ess,non_ess
492,YGR101W,non_ess,non_ess
493,YNL091W,non_ess,non_ess
494,YDR101C,non_ess,non_ess
495,YDL201W,non_ess,non_ess
496,YDR165W,non_ess,non_ess
497,YHL002W,non_ess,non_ess
498,YOR253W,non_ess,non_ess
499,YNL094W,non_ess,non_ess
500,YDL113C,non_ess,non_ess
501,YKL179C,non_ess,non_ess
502,YOL030W,non_ess,non_ess
503,YOL132W,non_ess,non_ess
504,YGL131C,non_ess,non_ess
505,YLR251W,non_ess,non_ess
506,YLR361C,non_ess,non_ess
507,YPR031W,non_ess,non_ess
508,YPL181W,non_ess,non_ess
509,YMR075W,non_ess,non_ess
510,YBR095C,non_ess,non_ess
511,YOR042W,non_ess,non_ess
512,YHR076W,non_ess,non_ess
513,YEL024W,non_ess,non_ess
514,YMR108W,non_ess,non_ess
515,YMR116C,non_ess,non_ess
516,YMR120C,non_ess,non_ess
517,YMR315W,non_ess,non_ess
518,YNL045W,non_ess,non_ess
519,YNL056W,non_ess,non_ess
520,YNL080C,non_ess,non_ess
521,YNL083W,non_ess,non_ess
522,YNL092W,non_ess,non_ess
523,YNL115C,non_ess,non_ess
524,YNL116W,non_ess,non_ess
525,YNL119W,non_ess,non_ess
526,YNL123W,non_ess,non_ess
527,YNL129W,non_ess,non_ess
528,YNL134C,non_ess,non_ess
529,YNL200C,non_ess,non_ess
530,YNL275W,non_ess,non_ess
531,YNL321W,non_ess,non_ess
532,YNL326C,non_ess,non_ess
533,YNR018W,non_ess,non_ess
534,YNR047W,non_ess,non_ess
535,YOL008W,non_ess,non_ess
536,YOL032W,non_ess,non_ess
537,YOL075C,non_ess,non_ess
538,YOL124C,non_ess,non_ess
539,YOL138C,non_ess,non_ess
540,YOR093C,non_ess,non_ess
541,YOR111W,non_ess,non_ess
542,YOR154W,non_ess,non_ess
543,YOR175C,non_ess,non_ess
544,YOR223W,non_ess,non_ess
545,YOR283W,non_ess,non_ess
546,YOR289W,non_ess,non_ess
547,YOR291W,non_ess,non_ess
548,YOR292C,non_ess,non_ess
549,YOR322C,non_ess,non_ess
550,YOR378W,non_ess,non_ess
551,YPL009C,non_ess,non_ess
552,YPL030W,non_ess,non_ess
553,YPL110C,non_ess,non_ess
554,YPL191C,non_ess,non_ess
555,YPL199C,non_ess,non_ess
556,YPL208W,non_ess,non_ess
557,YPL236C,non_ess,non_ess
558,YPL247C,non_ess,non_ess
559,YPL260W,non_ess,non_ess
560,YPR004C,non_ess,non_ess
561,YPR013C,non_ess,non_ess
562,YPR022C,non_ess,non_ess
563,YPR045C,non_ess,non_ess
564,YPR093C,non_ess,non_ess
565,YEL037C,non_ess,non_ess
566,YEL046C,non_ess,non_ess
567,YEL052W,non_ess,non_ess
568,YEL060C,non_ess,non_ess
569,YER016W,non_ess,non_ess
570,YER020W,non_ess,non_ess
571,YER040W,non_ess,non_ess
572,YER047C,non_ess,non_ess
573,YER065C,non_ess,non_ess
574,YER073W,non_ess,non_ess
575,YER075C,non_ess,non_ess
576,YER081W,non_ess,non_ess
577,YER101C,non_ess,non_ess
578,YER110C,non_ess,non_ess
579,YER118C,non_ess,non_ess
580,YER143W,non_ess,non_ess
581,YER155C,non_ess,non_ess
582,YER162C,non_ess,non_ess
583,YER169W,non_ess,non_ess
584,YER173W,non_ess,non_ess
585,YFL014W,non_ess,non_ess
586,YFL025C,non_ess,non_ess
587,YFL028C,non_ess,non_ess
588,YFL034C-A,non_ess,non_ess
589,YFL055W,non_ess,non_ess
590,YFR009W,non_ess,non_ess
591,YFR033C,non_ess,non_ess
592,YGL003C,non_ess,non_ess
593,YGL023C,non_ess,non_ess
594,YGL031C,non_ess,non_ess
595,YGL037C,non_ess,non_ess
596,YGL038C,non_ess,non_ess
597,YGL043W,non_ess,non_ess
598,YGL054C,non_ess,non_ess
599,YGL058W,non_ess,non_ess
600,YGL070C,non_ess,non_ess
601,YGL078C,non_ess,non_ess
602,YGL086W,non_ess,non_ess
603,YGL095C,non_ess,non_ess
604,YGL127C,non_ess,non_ess
605,YGL163C,non_ess,non_ess
606,YGL167C,non_ess,non_ess
607,YGL180W,non_ess,non_ess
608,YGL194C,non_ess,non_ess
609,YGL197W,non_ess,non_ess
610,YGL202W,non_ess,non_ess
611,YGL212W,non_ess,non_ess
612,YGL215W,non_ess,non_ess
613,YGL221C,non_ess,non_ess
614,YGL241W,non_ess,non_ess
615,YGL244W,non_ess,non_ess
616,YGL248W,non_ess,non_ess
617,YGL253W,non_ess,non_ess
618,YGR007W,non_ess,non_ess
619,YGR037C,non_ess,non_ess
620,YGR055W,non_ess,non_ess
621,YGR059W,non_ess,non_ess
622,YGR062C,non_ess,non_ess
623,YGR063C,non_ess,non_ess
624,YGR078C,non_ess,non_ess
625,YGR080W,non_ess,non_ess
626,YGR112W,non_ess,non_ess
627,YGR124W,non_ess,non_ess
628,YGR132C,non_ess,non_ess
629,YGR135W,non_ess,non_ess
630,YGR152C,non_ess,non_ess
631,YGR157W,non_ess,non_ess
632,YGR159C,non_ess,non_ess
633,YGR170W,non_ess,non_ess
634,YGR183C,non_ess,non_ess
635,YGR187C,non_ess,non_ess
636,YGR194C,non_ess,non_ess
637,YGR200C,non_ess,non_ess
638,YGR214W,non_ess,non_ess
639,YGR217W,non_ess,non_ess
640,YGR227W,non_ess,non_ess
641,YGR232W,non_ess,non_ess
642,YGR244C,non_ess,non_ess
643,YGR261C,non_ess,non_ess
644,YGR281W,non_ess,non_ess
645,YGR284C,non_ess,non_ess
646,YGR286C,non_ess,non_ess
647,YHL019C,non_ess,non_ess
648,YHL022C,non_ess,non_ess
649,YHR004C,non_ess,non_ess
650,YHR008C,non_ess,non_ess
651,YHR010W,non_ess,non_ess
652,YMR127C,non_ess,non_ess
653,YMR136W,non_ess,non_ess
654,YMR150C,non_ess,non_ess
655,YMR167W,non_ess,non_ess
656,YMR177W,non_ess,non_ess
657,YMR189W,non_ess,non_ess
658,YMR190C,non_ess,non_ess
659,YMR194W,non_ess,non_ess
660,YMR201C,non_ess,non_ess
661,YMR223W,non_ess,non_ess
662,YMR261C,non_ess,non_ess
663,YMR272C,non_ess,non_ess
664,YMR276W,non_ess,non_ess
665,YMR283C,non_ess,non_ess
666,YMR311C,non_ess,non_ess
667,YNL001W,non_ess,non_ess
668,YNL003C,non_ess,non_ess
669,YNL012W,non_ess,non_ess
670,YNL016W,non_ess,non_ess
671,YNL023C,non_ess,non_ess
672,YNL030W,non_ess,non_ess
673,YNL044W,non_ess,non_ess
674,YNL052W,non_ess,non_ess
675,YNL072W,non_ess,non_ess
676,YNL082W,non_ess,non_ess
677,YNL085W,non_ess,non_ess
678,YNL090W,non_ess,non_ess
679,YNL097C,non_ess,non_ess
680,YNL104C,non_ess,non_ess
681,YNL107W,non_ess,non_ess
682,YNL128W,non_ess,non_ess
683,YNL142W,non_ess,non_ess
684,YNL153C,non_ess,non_ess
685,YNL154C,non_ess,non_ess
686,YNL167C,non_ess,non_ess
687,YNL169C,non_ess,non_ess
688,YNL175C,non_ess,non_ess
689,YNL212W,non_ess,non_ess
690,YNL223W,non_ess,non_ess
691,YNL242W,non_ess,non_ess
692,YNL255C,non_ess,non_ess
693,YNL277W,non_ess,non_ess
694,YNL291C,non_ess,non_ess
695,YNL297C,non_ess,non_ess
696,YNL325C,non_ess,non_ess
697,YNR001C,non_ess,non_ess
698,YNR015W,non_ess,non_ess
699,YNR030W,non_ess,non_ess
700,YNR055C,non_ess,non_ess
701,YOL001W,non_ess,non_ess
702,YOL013C,non_ess,non_ess
703,YOL016C,non_ess,non_ess
704,YOL023W,non_ess,non_ess
705,YOL039W,non_ess,non_ess
706,YOL055C,non_ess,non_ess
707,YOL061W,non_ess,non_ess
708,YOL068C,non_ess,non_ess
709,YOL090W,non_ess,non_ess
710,YOL095C,non_ess,non_ess
711,YOL121C,non_ess,non_ess
712,YOL126C,non_ess,non_ess
713,YOL147C,non_ess,non_ess
714,YOL151W,non_ess,non_ess
715,YOR002W,non_ess,non_ess
716,YOR007C,non_ess,non_ess
717,YOR014W,non_ess,non_ess
718,YOR017W,non_ess,non_ess
719,YOR025W,non_ess,non_ess
720,YOR027W,non_ess,non_ess
721,YOR032C,non_ess,non_ess
722,YOR037W,non_ess,non_ess
723,YOR039W,non_ess,non_ess
724,YOR043W,non_ess,non_ess
725,YOR058C,non_ess,non_ess
726,YOR065W,non_ess,non_ess
727,YOR090C,non_ess,non_ess
728,YOR099W,non_ess,non_ess
729,YOR101W,non_ess,non_ess
730,YOR120W,non_ess,non_ess
731,YGR012W,non_ess,non_ess
732,YGR068C,non_ess,non_ess
733,YGR093W,non_ess,non_ess
734,YGR125W,non_ess,non_ess
735,YGR149W,non_ess,non_ess
736,YGR203W,non_ess,non_ess
737,YGR210C,non_ess,non_ess
738,YHR100C,non_ess,non_ess
739,YHR113W,non_ess,non_ess
740,YHR202W,non_ess,non_ess
741,YIL006W,non_ess,non_ess
742,YIL042C,non_ess,non_ess
743,YIL064W,non_ess,non_ess
744,YIL096C,non_ess,non_ess
745,YIL103W,non_ess,non_ess
746,YIR035C,non_ess,non_ess
747,YJL046W,non_ess,non_ess
748,YJL084C,non_ess,non_ess
749,YJL123C,non_ess,non_ess
750,YJL171C,non_ess,non_ess
751,YJL218W,non_ess,non_ess
752,YJR014W,non_ess,non_ess
753,YJR088C,non_ess,non_ess
754,YJR100C,non_ess,non_ess
755,YKL047W,non_ess,non_ess
756,YKL056C,non_ess,non_ess
757,YKL151C,non_ess,non_ess
758,YKL162C,non_ess,non_ess
759,YKL174C,non_ess,non_ess
760,YKR017C,non_ess,non_ess
761,YKR051W,non_ess,non_ess
762,YKR087C,non_ess,non_ess
763,YLR004C,non_ess,non_ess
764,YLR023C,non_ess,non_ess
765,YLR168C,non_ess,non_ess
766,YLR241W,non_ess,non_ess
767,YLR281C,non_ess,non_ess
768,YLR345W,non_ess,non_ess
769,YLR414C,non_ess,non_ess
770,YBR034C,non_ess,non_ess
771,YBR037C,non_ess,non_ess
772,YBR039W,non_ess,non_ess
773,YBR041W,non_ess,non_ess
774,YBR084W,non_ess,non_ess
775,YBR086C,non_ess,non_ess
776,YBR125C,non_ess,non_ess
777,YBR173C,non_ess,non_ess
778,YBR191W,non_ess,non_ess
779,YBR207W,non_ess,non_ess
780,YBR213W,non_ess,non_ess
781,YBR229C,non_ess,non_ess
782,YBR245C,non_ess,non_ess
783,YBR263W,non_ess,non_ess
784,YBR275C,non_ess,non_ess
785,YCR002C,non_ess,non_ess
786,YCR004C,non_ess,non_ess
787,YCR011C,non_ess,non_ess
788,YCR019W,non_ess,non_ess
789,YCR021C,non_ess,non_ess
790,YCR032W,non_ess,non_ess
791,YCR037C,non_ess,non_ess
792,YCR066W,non_ess,non_ess
793,YCR084C,non_ess,non_ess
794,YDL020C,non_ess,non_ess
795,YDL035C,non_ess,non_ess
796,YDL051W,non_ess,non_ess
797,YDL059C,non_ess,non_ess
798,YDL065C,non_ess,non_ess
799,YDL067C,non_ess,non_ess
800,YDL077C,non_ess,non_ess
801,YDL081C,non_ess,non_ess
802,YDL090C,non_ess,non_ess
803,YDL095W,non_ess,non_ess
804,YDL104C,non_ess,non_ess
805,YDL154W,non_ess,non_ess
806,YDL160C,non_ess,non_ess
807,YDL167C,non_ess,non_ess
808,YDL171C,non_ess,non_ess
809,YDL178W,non_ess,non_ess
810,YDL190C,non_ess,non_ess
811,YDL215C,non_ess,non_ess
812,YDL231C,non_ess,non_ess
813,YDL234C,non_ess,non_ess
814,YDR019C,non_ess,non_ess
815,YDR025W,non_ess,non_ess
816,YDR028C,non_ess,non_ess
817,YDR032C,non_ess,non_ess
818,YDR069C,non_ess,non_ess
819,YDR075W,non_ess,non_ess
820,YDR121W,non_ess,non_ess
821,YDR169C,non_ess,non_ess
822,YDR176W,non_ess,non_ess
823,YDR178W,non_ess,non_ess
824,YDR194C,non_ess,non_ess
825,YDR213W,non_ess,non_ess
826,YDR217C,non_ess,non_ess
827,YDR242W,non_ess,non_ess
828,YDR244W,non_ess,non_ess
829,YDR257C,non_ess,non_ess
830,YDR261C,non_ess,non_ess
831,YDR264C,non_ess,non_ess
832,YDR265W,non_ess,non_ess
833,YDR298C,non_ess,non_ess
834,YDR304C,non_ess,non_ess
835,YDR315C,non_ess,non_ess
836,YCL009C,non_ess,non_ess
837,YGR285C,non_ess,non_ess
838,YGR288W,non_ess,non_ess
839,YBL036C,non_ess,non_ess
840,YHL003C,non_ess,non_ess
841,YHL014C,non_ess,non_ess
842,YHL016C,non_ess,non_ess
843,YHR028C,non_ess,non_ess
844,YHR051W,non_ess,non_ess
845,YHR064C,non_ess,non_ess
846,YHR075C,non_ess,non_ess
847,YHR086W,non_ess,non_ess
848,YHR104W,non_ess,non_ess
849,YHR114W,non_ess,non_ess
850,YHR120W,non_ess,non_ess
851,YHR137W,non_ess,non_ess
852,YHR154W,non_ess,non_ess
853,YHR163W,non_ess,non_ess
854,YHR171W,non_ess,non_ess
855,YHR200W,non_ess,non_ess
856,YHR206W,non_ess,non_ess
857,YIL010W,non_ess,non_ess
858,YIL030C,non_ess,non_ess
859,YIL033C,non_ess,non_ess
860,YIL038C,non_ess,non_ess
861,YIR002C,non_ess,non_ess
862,YIR026C,non_ess,non_ess
863,YIR028W,non_ess,non_ess
864,YIR030C,non_ess,non_ess
865,YIR032C,non_ess,non_ess
866,YIR037W,non_ess,non_ess
867,YJL030W,non_ess,non_ess
868,YJL044C,non_ess,non_ess
869,YJL053W,non_ess,non_ess
870,YJL059W,non_ess,non_ess
871,YJL062W,non_ess,non_ess
872,YJL082W,non_ess,non_ess
873,YJL089W,non_ess,non_ess
874,YJL092W,non_ess,non_ess
875,YJL102W,non_ess,non_ess
876,YJL110C,non_ess,non_ess
877,YJL141C,non_ess,non_ess
878,YJL190C,non_ess,non_ess
879,YJL197W,non_ess,non_ess
880,YJR033C,non_ess,non_ess
881,YJR036C,non_ess,non_ess
882,YJR051W,non_ess,non_ess
883,YJR063W,non_ess,non_ess
884,YJR069C,non_ess,non_ess
885,YJR090C,non_ess,non_ess
886,YJR092W,non_ess,non_ess
887,YJR099W,non_ess,non_ess
888,YJR118C,non_ess,non_ess
889,YJR125C,non_ess,non_ess
890,YJR130C,non_ess,non_ess
891,YJR145C,non_ess,non_ess
892,YJR148W,non_ess,non_ess
893,YJR152W,non_ess,non_ess
894,YKL001C,non_ess,non_ess
895,YKL009W,non_ess,non_ess
896,YKL016C,non_ess,non_ess
897,YKL029C,non_ess,non_ess
898,YKL038W,non_ess,non_ess
899,YKL055C,non_ess,non_ess
900,YKL110C,non_ess,non_ess
901,YKL113C,non_ess,non_ess
902,YKL114C,non_ess,non_ess
903,YKL148C,non_ess,non_ess
904,YKL157W,non_ess,non_ess
905,YKL188C,non_ess,non_ess
906,YKL216W,non_ess,non_ess
907,YKR001C,non_ess,non_ess
908,YKR009C,non_ess,non_ess
909,YKR028W,non_ess,non_ess
910,YKR042W,non_ess,non_ess
911,YKR052C,non_ess,non_ess
912,YKR054C,non_ess,non_ess
913,YKR056W,non_ess,non_ess
914,YPL212C,non_ess,non_ess
915,YBL060W,non_ess,non_ess
916,YPL215W,non_ess,non_ess
917,YPL239W,non_ess,non_ess
918,YPL244C,non_ess,non_ess
919,YPR024W,non_ess,non_ess
920,YPR029C,non_ess,non_ess
921,YPR051W,non_ess,non_ess
922,YPR054W,non_ess,non_ess
923,YPR058W,non_ess,non_ess
924,YPR062W,non_ess,non_ess
925,YPR068C,non_ess,non_ess
926,YPR073C,non_ess,non_ess
927,YPR131C,non_ess,non_ess
928,YPR132W,non_ess,non_ess
929,YPR138C,non_ess,non_ess
930,YPR155C,non_ess,non_ess
931,YPR185W,non_ess,non_ess
932,YPR189W,non_ess,non_ess
933,YPR191W,non_ess,non_ess
934,YDR205W,non_ess,non_ess
935,YPR194C,non_ess,non_ess
936,YHR204W,non_ess,non_ess
937,YHR134W,non_ess,non_ess
938,YML088W,non_ess,non_ess
939,YLR209C,non_ess,non_ess
940,YHR073W,non_ess,non_ess
941,YDR083W,non_ess,non_ess
942,YGL224C,non_ess,non_ess
943,YKL002W,non_ess,non_ess
944,YCR068W,non_ess,non_ess
945,YDL019C,non_ess,non_ess
946,YLR183C,non_ess,non_ess
947,YBR162C,non_ess,non_ess
948,YER183C,non_ess,non_ess
949,YKL116C,non_ess,non_ess
950,YNL215W,non_ess,non_ess
951,YCR059C,non_ess,non_ess
952,YDR511W,non_ess,non_ess
953,YBR228W,non_ess,non_ess
954,YDR486C,non_ess,non_ess
955,YBL047C,non_ess,non_ess
956,YNL135C,non_ess,non_ess
957,YOR311C,non_ess,non_ess
958,YMR285C,non_ess,non_ess
959,YDR380W,non_ess,non_ess
960,YHR039C,non_ess,non_ess
961,YML128C,non_ess,non_ess
962,YER044C,non_ess,non_ess
963,YEL029C,non_ess,non_ess
964,YNR027W,non_ess,non_ess
965,YMR014W,non_ess,non_ess
966,YDL216C,non_ess,non_ess
967,YPR049C,non_ess,non_ess
968,YDR470C,non_ess,non_ess
969,YER041W,non_ess,non_ess
970,YML080W,non_ess,non_ess
971,YMR266W,non_ess,non_ess
972,YIL145C,non_ess,non_ess
973,YIL097W,non_ess,non_ess
974,YFR021W,non_ess,non_ess
975,YER046W,non_ess,non_ess
976,YMR048W,non_ess,non_ess
977,YLL005C,non_ess,non_ess
978,YPR040W,non_ess,non_ess
979,YDR409W,non_ess,non_ess
980,YPR037C,non_ess,non_ess
981,YER166W,non_ess,non_ess
982,YER175C,non_ess,non_ess
983,YMR162C,non_ess,non_ess
984,YPL060W,non_ess,non_ess
985,YNR013C,non_ess,non_ess
986,YCL011C,non_ess,non_ess
987,YBL107C,non_ess,non_ess
988,YBR025C,non_ess,non_ess
989,YBR028C,non_ess,non_ess
990,YBR042C,non_ess,non_ess
991,YBR159W,non_ess,non_ess
992,YBR204C,non_ess,non_ess
993,YBR220C,non_ess,non_ess
994,YBR246W,non_ess,non_ess
995,YCL045C,non_ess,non_ess
996,YCR045C,non_ess,non_ess
997,YCR061W,non_ess,non_ess
998,YCR087C-A,non_ess,non_ess
999,YCR090C,non_ess,non_ess
1000,YDL072C,non_ess,non_ess
1001,YDL119C,non_ess,non_ess
1002,YDL124W,non_ess,non_ess
1003,YDL238C,non_ess,non_ess
1004,YDR026C,non_ess,non_ess
1005,YDR063W,non_ess,non_ess
1006,YDR198C,non_ess,non_ess
1007,YDR221W,non_ess,non_ess
1008,YDR266C,non_ess,non_ess
1009,YDR282C,non_ess,non_ess
1010,YDR411C,non_ess,non_ess
1011,YER007C-A,non_ess,non_ess
1012,YER053C,non_ess,non_ess
1013,YER078C,non_ess,non_ess
1014,YER128W,non_ess,non_ess
1015,YER134C,non_ess,non_ess
1016,YER152C,non_ess,non_ess
1017,YER163C,non_ess,non_ess
1018,YFL034W,non_ess,non_ess
1019,YFL044C,non_ess,non_ess
1020,YFR006W,non_ess,non_ess
1021,YFR044C,non_ess,non_ess
1022,YGL050W,non_ess,non_ess
1023,YGL085W,non_ess,non_ess
1024,YGL101W,non_ess,non_ess
1025,YOR124C,non_ess,non_ess
1026,YDR492W,non_ess,non_ess
1027,YDR506C,non_ess,non_ess
1028,YCL025C,non_ess,non_ess
1029,YCL029C,non_ess,non_ess
1030,YCL057W,non_ess,non_ess
1031,YCR009C,non_ess,non_ess
1032,YCR065W,non_ess,non_ess
1033,YCR077C,non_ess,non_ess
1034,YCR088W,non_ess,non_ess
1035,YCR092C,non_ess,non_ess
1036,YDL002C,non_ess,non_ess
1037,YDL006W,non_ess,non_ess
1038,YDL040C,non_ess,non_ess
1039,YDL052C,non_ess,non_ess
1040,YDL056W,non_ess,non_ess
1041,YDL066W,non_ess,non_ess
1042,YDL117W,non_ess,non_ess
1043,YDL122W,non_ess,non_ess
1044,YDL128W,non_ess,non_ess
1045,YDL130W,non_ess,non_ess
1046,YDL135C,non_ess,non_ess
1047,YDL149W,non_ess,non_ess
1048,YDL159W,non_ess,non_ess
1049,YDL168W,non_ess,non_ess
1050,YDL170W,non_ess,non_ess
1051,YDL174C,non_ess,non_ess
1052,YDL225W,non_ess,non_ess
1053,YDL230W,non_ess,non_ess
1054,YDL240W,non_ess,non_ess
1055,YDR001C,non_ess,non_ess
1056,YDR004W,non_ess,non_ess
1057,YDR011W,non_ess,non_ess
1058,YDR068W,non_ess,non_ess
1059,YDR074W,non_ess,non_ess
1060,YDR080W,non_ess,non_ess
1061,YDR092W,non_ess,non_ess
1062,YDR099W,non_ess,non_ess
1063,YDR104C,non_ess,non_ess
1064,YDR120C,non_ess,non_ess
1065,YDR125C,non_ess,non_ess
1066,YDR129C,non_ess,non_ess
1067,YDR135C,non_ess,non_ess
1068,YDR142C,non_ess,non_ess
1069,YDR143C,non_ess,non_ess
1070,YDR148C,non_ess,non_ess
1071,YDR155C,non_ess,non_ess
1072,YDR204W,non_ess,non_ess
1073,YDR216W,non_ess,non_ess
1074,YDR245W,non_ess,non_ess
1075,YDR284C,non_ess,non_ess
1076,YDR293C,non_ess,non_ess
1077,YDR305C,non_ess,non_ess
1078,YDR313C,non_ess,non_ess
1079,YDR335W,non_ess,non_ess
1080,YDR375C,non_ess,non_ess
1081,YDR377W,non_ess,non_ess
1082,YDR379W,non_ess,non_ess
1083,YDR382W,non_ess,non_ess
1084,YDR386W,non_ess,non_ess
1085,YDR388W,non_ess,non_ess
1086,YDR392W,non_ess,non_ess
1087,YDR393W,non_ess,non_ess
1088,YDR399W,non_ess,non_ess
1089,YDR410C,non_ess,non_ess
1090,YDR422C,non_ess,non_ess
1091,YDR424C,non_ess,non_ess
1092,YDR435C,non_ess,non_ess
1093,YDR447C,non_ess,non_ess
1094,YDR481C,non_ess,non_ess
1095,YDR505C,non_ess,non_ess
1096,YDR517W,non_ess,non_ess
1097,YDR519W,non_ess,non_ess
1098,YDR523C,non_ess,non_ess
1099,YEL003W,non_ess,non_ess
1100,YNL067W,non_ess,non_ess
1101,YNL071W,non_ess,non_ess
1102,YNL084C,non_ess,non_ess
1103,YNL106C,non_ess,non_ess
1104,YNL121C,non_ess,non_ess
1105,YNL192W,non_ess,non_ess
1106,YNL197C,non_ess,non_ess
1107,YNL202W,non_ess,non_ess
1108,YNL230C,non_ess,non_ess
1109,YNL250W,non_ess,non_ess
1110,YNL273W,non_ess,non_ess
1111,YNL279W,non_ess,non_ess
1112,YNL281W,non_ess,non_ess
1113,YNL292W,non_ess,non_ess
1114,YNL293W,non_ess,non_ess
1115,YNL298W,non_ess,non_ess
1116,YNL315C,non_ess,non_ess
1117,YNR002C,non_ess,non_ess
1118,YNR008W,non_ess,non_ess
1119,YNR012W,non_ess,non_ess
1120,YNR031C,non_ess,non_ess
1121,YNR032W,non_ess,non_ess
1122,YNR034W,non_ess,non_ess
1123,YNR056C,non_ess,non_ess
1124,YNR058W,non_ess,non_ess
1125,YOL043C,non_ess,non_ess
1126,YOL052C,non_ess,non_ess
1127,YOL060C,non_ess,non_ess
1128,YOL065C,non_ess,non_ess
1129,YOL080C,non_ess,non_ess
1130,YOL086C,non_ess,non_ess
1131,YOL096C,non_ess,non_ess
1132,YOL103W,non_ess,non_ess
1133,YOL115W,non_ess,non_ess
1134,YOL122C,non_ess,non_ess
1135,YOL136C,non_ess,non_ess
1136,YOL141W,non_ess,non_ess
1137,YOR005C,non_ess,non_ess
1138,YOR026W,non_ess,non_ess
1139,YOR033C,non_ess,non_ess
1140,YOR038C,non_ess,non_ess
1141,YOR100C,non_ess,non_ess
1142,YOR113W,non_ess,non_ess
1143,YOR163W,non_ess,non_ess
1144,YOR188W,non_ess,non_ess
1145,YOR191W,non_ess,non_ess
1146,YOR198C,non_ess,non_ess
1147,YOR202W,non_ess,non_ess
1148,YOR208W,non_ess,non_ess
1149,YOR212W,non_ess,non_ess
1150,YOR216C,non_ess,non_ess
1151,YOR231W,non_ess,non_ess
1152,YOR298C-A,non_ess,non_ess
1153,YOR301W,non_ess,non_ess
1154,YOR304W,non_ess,non_ess
1155,YOR312C,non_ess,non_ess
1156,YOR330C,non_ess,non_ess
1157,YOR334W,non_ess,non_ess
1158,YOR344C,non_ess,non_ess
1159,YOR351C,non_ess,non_ess
1160,YOR357C,non_ess,non_ess
1161,YOR367W,non_ess,non_ess
1162,YOR369C,non_ess,non_ess
1163,YPL042C,non_ess,non_ess
1164,YPL048W,non_ess,non_ess
1165,YPL054W,non_ess,non_ess
1166,YPL086C,non_ess,non_ess
1167,YPL115C,non_ess,non_ess
1168,YPL135W,non_ess,non_ess
1169,YPL145C,non_ess,non_ess
1170,YPL149W,non_ess,non_ess
1171,YPL152W,non_ess,non_ess
1172,YPL167C,non_ess,non_ess
1173,YPL179W,non_ess,non_ess
1174,YPL194W,non_ess,non_ess
1175,YER049W,non_ess,non_ess
1176,YER113C,non_ess,non_ess
1177,YER130C,non_ess,non_ess
1178,YER156C,non_ess,non_ess
1179,YFR007W,non_ess,non_ess
1180,YFR011C,non_ess,non_ess
1181,YFR038W,non_ess,non_ess
1182,YFR043C,non_ess,non_ess
1183,YFR045W,non_ess,non_ess
1184,YGL159W,non_ess,non_ess
1185,YGL211W,non_ess,non_ess
1186,YGL231C,non_ess,non_ess
1187,YGL242C,non_ess,non_ess
1188,YGR015C,non_ess,non_ess
1189,YGR021W,non_ess,non_ess
1190,YGR031W,non_ess,non_ess
1191,YGR054W,non_ess,non_ess
1192,YGR067C,non_ess,non_ess
1193,YGR110W,non_ess,non_ess
1194,YGR205W,non_ess,non_ess
1195,YGR207C,non_ess,non_ess
1196,YGR223C,non_ess,non_ess
1197,YGR263C,non_ess,non_ess
1198,YGR287C,non_ess,non_ess
1199,YHL010C,non_ess,non_ess
1200,YHL013C,non_ess,non_ess
1201,YHR032W,non_ess,non_ess
1202,YHR048W,non_ess,non_ess
1203,YHR112C,non_ess,non_ess
1204,YHR132W-A,non_ess,non_ess
1205,YIL001W,non_ess,non_ess
1206,YIL039W,non_ess,non_ess
1207,YIL108W,non_ess,non_ess
1208,YIL166C,non_ess,non_ess
1209,YJL083W,non_ess,non_ess
1210,YOR126C,non_ess,non_ess
1211,YPR089W,non_ess,non_ess
1212,YPR097W,non_ess,non_ess
1213,YOL019W,non_ess,non_ess
1214,YDR140W,non_ess,non_ess
1215,YDR334W,non_ess,non_ess
1216,YMR233W,non_ess,non_ess
1217,YBR043C,non_ess,non_ess
1218,YMR027W,non_ess,non_ess
1219,YAL009W,non_ess,non_ess
1220,YAL017W,non_ess,non_ess
1221,YAL019W,non_ess,non_ess
1222,YAL020C,non_ess,non_ess
1223,YAL039C,non_ess,non_ess
1224,YAL054C,non_ess,non_ess
1225,YAL062W,non_ess,non_ess
1226,YAR018C,non_ess,non_ess
1227,YBL013W,non_ess,non_ess
1228,YBL015W,non_ess,non_ess
1229,YBL022C,non_ess,non_ess
1230,YBL024W,non_ess,non_ess
1231,YBL079W,non_ess,non_ess
1232,YBL082C,non_ess,non_ess
1233,YBL088C,non_ess,non_ess
1234,YBL091C,non_ess,non_ess
1235,YBL099W,non_ess,non_ess
1236,YBL102W,non_ess,non_ess
1237,YBR008C,non_ess,non_ess
1238,YBR023C,non_ess,non_ess
1239,YBR026C,non_ess,non_ess
1240,YBR046C,non_ess,non_ess
1241,YBR058C,non_ess,non_ess
1242,YBR059C,non_ess,non_ess
1243,YBR073W,non_ess,non_ess
1244,YBR078W,non_ess,non_ess
1245,YBR081C,non_ess,non_ess
1246,YBR084C-A,non_ess,non_ess
1247,YBR111C,non_ess,non_ess
1248,YBR114W,non_ess,non_ess
1249,YBR119W,non_ess,non_ess
1250,YBR149W,non_ess,non_ess
1251,YBR166C,non_ess,non_ess
1252,YBR172C,non_ess,non_ess
1253,YBR176W,non_ess,non_ess
1254,YBR179C,non_ess,non_ess
1255,YBR189W,non_ess,non_ess
1256,YBR199W,non_ess,non_ess
1257,YBR214W,non_ess,non_ess
1258,YBR217W,non_ess,non_ess
1259,YBR221C,non_ess,non_ess
1260,YBR233W,non_ess,non_ess
1261,YBR249C,non_ess,non_ess
1262,YBR276C,non_ess,non_ess
1263,YBR279W,non_ess,non_ess
1264,YBR291C,non_ess,non_ess
1265,YBR294W,non_ess,non_ess
1266,YCL001W,non_ess,non_ess
1267,YOR140W,non_ess,non_ess
1268,YOR141C,non_ess,non_ess
1269,YOR142W,non_ess,non_ess
1270,YOR144C,non_ess,non_ess
1271,YOR153W,non_ess,non_ess
1272,YOR201C,non_ess,non_ess
1273,YOR221C,non_ess,non_ess
1274,YOR307C,non_ess,non_ess
1275,YOR337W,non_ess,non_ess
1276,YOR346W,non_ess,non_ess
1277,YOR358W,non_ess,non_ess
1278,YOR368W,non_ess,non_ess
1279,YPL001W,non_ess,non_ess
1280,YPL008W,non_ess,non_ess
1281,YPL015C,non_ess,non_ess
1282,YPL022W,non_ess,non_ess
1283,YPL023C,non_ess,non_ess
1284,YPL029W,non_ess,non_ess
1285,YPL031C,non_ess,non_ess
1286,YPL046C,non_ess,non_ess
1287,YPL057C,non_ess,non_ess
1288,YPL078C,non_ess,non_ess
1289,YPL089C,non_ess,non_ess
1290,YPL096W,non_ess,non_ess
1291,YPL104W,non_ess,non_ess
1292,YPL111W,non_ess,non_ess
1293,YPL116W,non_ess,non_ess
1294,YPL125W,non_ess,non_ess
1295,YPL134C,non_ess,non_ess
1296,YPL147W,non_ess,non_ess
1297,YPL155C,non_ess,non_ess
1298,YPL164C,non_ess,non_ess
1299,YPL172C,non_ess,non_ess
1300,YPL174C,non_ess,non_ess
1301,YPL193W,non_ess,non_ess
1302,YPL195W,non_ess,non_ess
1303,YPL203W,non_ess,non_ess
1304,YPL226W,non_ess,non_ess
1305,YPL256C,non_ess,non_ess
1306,YPL259C,non_ess,non_ess
1307,YPL263C,non_ess,non_ess
1308,YPL265W,non_ess,non_ess
1309,YPR018W,non_ess,non_ess
1310,YPR023C,non_ess,non_ess
1311,YPR043W,non_ess,non_ess
1312,YPR052C,non_ess,non_ess
1313,YPR069C,non_ess,non_ess
1314,YPR129W,non_ess,non_ess
1315,YPR141C,non_ess,non_ess
1316,YPR149W,non_ess,non_ess
1317,YPR159W,non_ess,non_ess
1318,YPR163C,non_ess,non_ess
1319,YPR167C,non_ess,non_ess
1320,YPR192W,non_ess,non_ess
1321,YAL036C,non_ess,non_ess
1322,YAL042W,non_ess,non_ess
1323,YAR002W,non_ess,non_ess
1324,YAR015W,non_ess,non_ess
1325,YBL007C,non_ess,non_ess
1326,YBL016W,non_ess,non_ess
1327,YBL017C,non_ess,non_ess
1328,YBL019W,non_ess,non_ess
1329,YBL021C,non_ess,non_ess
1330,YBL037W,non_ess,non_ess
1331,YBL052C,non_ess,non_ess
1332,YBL078C,non_ess,non_ess
1333,YBL106C,non_ess,non_ess
1334,YKR016W,non_ess,non_ess
1335,YER182W,non_ess,non_ess
1336,YHR012W,non_ess,non_ess
1337,YDR448W,non_ess,non_ess
1338,YDR452W,non_ess,non_ess
1339,YDR456W,non_ess,non_ess
1340,YDR477W,non_ess,non_ess
1341,YDR483W,non_ess,non_ess
1342,YDR500C,non_ess,non_ess
1343,YDR503C,non_ess,non_ess
1344,YDR507C,non_ess,non_ess
1345,YDR513W,non_ess,non_ess
1346,YDR524C,non_ess,non_ess
1347,YDR529C,non_ess,non_ess
1348,YEL004W,non_ess,non_ess
1349,YEL011W,non_ess,non_ess
1350,YEL013W,non_ess,non_ess
1351,YEL036C,non_ess,non_ess
1352,YEL066W,non_ess,non_ess
1353,YER014W,non_ess,non_ess
1354,YER017C,non_ess,non_ess
1355,YER027C,non_ess,non_ess
1356,YER042W,non_ess,non_ess
1357,YER095W,non_ess,non_ess
1358,YER111C,non_ess,non_ess
1359,YER117W,non_ess,non_ess
1360,YER120W,non_ess,non_ess
1361,YER142C,non_ess,non_ess
1362,YER154W,non_ess,non_ess
1363,YER164W,non_ess,non_ess
1364,YER179W,non_ess,non_ess
1365,YFL021W,non_ess,non_ess
1366,YFL041W,non_ess,non_ess
1367,YFL053W,non_ess,non_ess
1368,YFR010W,non_ess,non_ess
1369,YFR019W,non_ess,non_ess
1370,YFR030W,non_ess,non_ess
1371,YFR031C-A,non_ess,non_ess
1372,YFR032C-A,non_ess,non_ess
1373,YGL009C,non_ess,non_ess
1374,YGL012W,non_ess,non_ess
1375,YGL017W,non_ess,non_ess
1376,YGL019W,non_ess,non_ess
1377,YGL067W,non_ess,non_ess
1378,YGL077C,non_ess,non_ess
1379,YGL083W,non_ess,non_ess
1380,YGL087C,non_ess,non_ess
1381,YGL094C,non_ess,non_ess
1382,YGL105W,non_ess,non_ess
1383,YGL124C,non_ess,non_ess
1384,YGL126W,non_ess,non_ess
1385,YGL141W,non_ess,non_ess
1386,YGL143C,non_ess,non_ess
1387,YGL153W,non_ess,non_ess
1388,YGL156W,non_ess,non_ess
1389,YGL195W,non_ess,non_ess
1390,YGL200C,non_ess,non_ess
1391,YGL203C,non_ess,non_ess
1392,YGL216W,non_ess,non_ess
1393,YGL243W,non_ess,non_ess
1394,YGL246C,non_ess,non_ess
1395,YGR019W,non_ess,non_ess
1396,YGR028W,non_ess,non_ess
1397,YGR034W,non_ess,non_ess
1398,YGR100W,non_ess,non_ess
1399,YGR123C,non_ess,non_ess
1400,YGR133W,non_ess,non_ess
1401,YGR144W,non_ess,non_ess
1402,YGR178C,non_ess,non_ess
1403,YGR181W,non_ess,non_ess
1404,YGR188C,non_ess,non_ess
1405,YGR202C,non_ess,non_ess
1406,YGR225W,non_ess,non_ess
1407,YGR231C,non_ess,non_ess
1408,YGR233C,non_ess,non_ess
1409,YGR234W,non_ess,non_ess
1410,YGR270W,non_ess,non_ess
1411,YGR282C,non_ess,non_ess
1412,YKR065C,non_ess,non_ess
1413,YHR198C,non_ess,non_ess
1414,YMR115W,non_ess,non_ess
1415,YGL232W,non_ess,non_ess
1416,YFL046W,non_ess,non_ess
1417,YOR286W,non_ess,non_ess
1418,YGL080W,non_ess,non_ess
1419,YIL157C,non_ess,non_ess
1420,YJR070C,non_ess,non_ess
1421,YLR201C,non_ess,non_ess
1422,YPL222W,non_ess,non_ess
1423,YGR243W,non_ess,non_ess
1424,YNL168C,non_ess,non_ess
1425,YFR041C,non_ess,non_ess
1426,YJL162C,non_ess,non_ess
1427,YJR097W,non_ess,non_ess
1428,YNL227C,non_ess,non_ess
1429,YKR089C,non_ess,non_ess
1430,YBR287W,non_ess,non_ess
1431,YCR060W,non_ess,non_ess
1432,YDR533C,non_ess,non_ess
1433,YOR280C,non_ess,non_ess
1434,YPR091C,non_ess,non_ess
1435,YHR016C,non_ess,non_ess
1436,YHR017W,non_ess,non_ess
1437,YHR021C,non_ess,non_ess
1438,YHR037W,non_ess,non_ess
1439,YHR050W,non_ess,non_ess
1440,YHR079C,non_ess,non_ess
1441,YHR108W,non_ess,non_ess
1442,YHR110W,non_ess,non_ess
1443,YHR123W,non_ess,non_ess
1444,YHR132C,non_ess,non_ess
1445,YHR158C,non_ess,non_ess
1446,YHR161C,non_ess,non_ess
1447,YHR179W,non_ess,non_ess
1448,YHR193C,non_ess,non_ess
1449,YIL002C,non_ess,non_ess
1450,YIL034C,non_ess,non_ess
1451,YIL047C,non_ess,non_ess
1452,YIL069C,non_ess,non_ess
1453,YIL099W,non_ess,non_ess
1454,YIL107C,non_ess,non_ess
1455,YIL116W,non_ess,non_ess
1456,YIL120W,non_ess,non_ess
1457,YIL124W,non_ess,non_ess
1458,YIL125W,non_ess,non_ess
1459,YIL128W,non_ess,non_ess
1460,YIL133C,non_ess,non_ess
1461,YIL134W,non_ess,non_ess
1462,YIL155C,non_ess,non_ess
1463,YIR001C,non_ess,non_ess
1464,YIR005W,non_ess,non_ess
1465,YIR017C,non_ess,non_ess
1466,YIR029W,non_ess,non_ess
1467,YIR038C,non_ess,non_ess
1468,YJL006C,non_ess,non_ess
1469,YJL101C,non_ess,non_ess
1470,YJL106W,non_ess,non_ess
1471,YJL124C,non_ess,non_ess
1472,YJL130C,non_ess,non_ess
1473,YJL154C,non_ess,non_ess
1474,YJL166W,non_ess,non_ess
1475,YJL168C,non_ess,non_ess
1476,YJL172W,non_ess,non_ess
1477,YJL177W,non_ess,non_ess
1478,YJL180C,non_ess,non_ess
1479,YJL183W,non_ess,non_ess
1480,YJL191W,non_ess,non_ess
1481,YJL208C,non_ess,non_ess
1482,YJR035W,non_ess,non_ess
1483,YJR050W,non_ess,non_ess
1484,YJR052W,non_ess,non_ess
1485,YJR055W,non_ess,non_ess
1486,YJR077C,non_ess,non_ess
1487,YJR091C,non_ess,non_ess
1488,YJR106W,non_ess,non_ess
1489,YJR117W,non_ess,non_ess
1490,YJR121W,non_ess,non_ess
1491,YJR131W,non_ess,non_ess
1492,YKL007W,non_ess,non_ess
1493,YKL010C,non_ess,non_ess
1494,YKL015W,non_ess,non_ess
1495,YKL017C,non_ess,non_ess
1496,YKL020C,non_ess,non_ess
1497,YKL025C,non_ess,non_ess
1498,YKL039W,non_ess,non_ess
1499,YKL064W,non_ess,non_ess
1500,YKL067W,non_ess,non_ess
1501,YKL079W,non_ess,non_ess
1502,YKL085W,non_ess,non_ess
1503,YKL087C,non_ess,non_ess
1504,YKL094W,non_ess,non_ess
1505,YKL103C,non_ess,non_ess
1506,YKL117W,non_ess,non_ess
1507,YKL120W,non_ess,non_ess
1508,YKL124W,non_ess,non_ess
1509,YJR008W,non_ess,non_ess
1510,YJR024C,non_ess,non_ess
1511,YJR096W,non_ess,non_ess
1512,YJR110W,non_ess,non_ess
1513,YJR116W,non_ess,non_ess
1514,YJR129C,non_ess,non_ess
1515,YKL027W,non_ess,non_ess
1516,YKL084W,non_ess,non_ess
1517,YKL171W,non_ess,non_ess
1518,YKL207W,non_ess,non_ess
1519,YKL215C,non_ess,non_ess
1520,YKR023W,non_ess,non_ess
1521,YLL012W,non_ess,non_ess
1522,YLL014W,non_ess,non_ess
1523,YLL023C,non_ess,non_ess
1524,YLL029W,non_ess,non_ess
1525,YLL032C,non_ess,non_ess
1526,YLR001C,non_ess,non_ess
1527,YLR003C,non_ess,non_ess
1528,YLR064W,non_ess,non_ess
1529,YLR118C,non_ess,non_ess
1530,YLR143W,non_ess,non_ess
1531,YLR218C,non_ess,non_ess
1532,YLR253W,non_ess,non_ess
1533,YLR290C,non_ess,non_ess
1534,YLR387C,non_ess,non_ess
1535,YLR455W,non_ess,non_ess
1536,YML005W,non_ess,non_ess
1537,YML036W,non_ess,non_ess
1538,YML096W,non_ess,non_ess
1539,YMR002W,non_ess,non_ess
1540,YMR074C,non_ess,non_ess
1541,YMR088C,non_ess,non_ess
1542,YMR090W,non_ess,non_ess
1543,YMR098C,non_ess,non_ess
1544,YMR110C,non_ess,non_ess
1545,YMR118C,non_ess,non_ess
1546,YMR171C,non_ess,non_ess
1547,YMR278W,non_ess,non_ess
1548,YMR291W,non_ess,non_ess
1549,YMR130W,non_ess,non_ess
1550,YLR456W,non_ess,non_ess
1551,YML018C,non_ess,non_ess
1552,YML059C,non_ess,non_ess
1553,YML072C,non_ess,non_ess
1554,YML131W,non_ess,non_ess
1555,YMR009W,non_ess,non_ess
1556,YMR041C,non_ess,non_ess
1557,YMR166C,non_ess,non_ess
1558,YMR237W,non_ess,non_ess
1559,YMR244W,non_ess,non_ess
1560,YMR247C,non_ess,non_ess
1561,YMR262W,non_ess,non_ess
1562,YMR269W,non_ess,non_ess
1563,YMR295C,non_ess,non_ess
1564,YNL010W,non_ess,non_ess
1565,YNL022C,non_ess,non_ess
1566,YNL035C,non_ess,non_ess
1567,YNL063W,non_ess,non_ess
1568,YNL213C,non_ess,non_ess
1569,YNL224C,non_ess,non_ess
1570,YNL274C,non_ess,non_ess
1571,YNL305C,non_ess,non_ess
1572,YNL320W,non_ess,non_ess
1573,YNR020C,non_ess,non_ess
1574,YNR021W,non_ess,non_ess
1575,YNR074C,non_ess,non_ess
1576,YOL092W,non_ess,non_ess
1577,YOL098C,non_ess,non_ess
1578,YOL125W,non_ess,non_ess
1579,YOR006C,non_ess,non_ess
1580,YOR052C,non_ess,non_ess
1581,YOR059C,non_ess,non_ess
1582,YOR086C,non_ess,non_ess
1583,YOR091W,non_ess,non_ess
1584,YOR112W,non_ess,non_ess
1585,YOR129C,non_ess,non_ess
1586,YOR166C,non_ess,non_ess
1587,YOR238W,non_ess,non_ess
1588,YOR338W,non_ess,non_ess
1589,YPL041C,non_ess,non_ess
1590,YPL066W,non_ess,non_ess
1591,YPL107W,non_ess,non_ess
1592,YPL109C,non_ess,non_ess
1593,YPL113C,non_ess,non_ess
1594,YPL141C,non_ess,non_ess
1595,YPL150W,non_ess,non_ess
1596,YPL184C,non_ess,non_ess
1597,YPL206C,non_ess,non_ess
1598,YPL207W,non_ess,non_ess
1599,YPL225W,non_ess,non_ess
1600,YKL140W,non_ess,non_ess
1601,YKL143W,non_ess,non_ess
1602,YKL149C,non_ess,non_ess
1603,YIL153W,non_ess,non_ess
1604,YAL049C,non_ess,non_ess
1605,YAL061W,non_ess,non_ess
1606,YBL055C,non_ess,non_ess
1607,YBL095W,non_ess,non_ess
1608,YBL104C,non_ess,non_ess
1609,YBR014C,non_ess,non_ess
1610,YBR030W,non_ess,non_ess
1611,YBR062C,non_ess,non_ess
1612,YBR137W,non_ess,non_ess
1613,YBR141C,non_ess,non_ess
1614,YBR187W,non_ess,non_ess
1615,YBR235W,non_ess,non_ess
1616,YBR239C,non_ess,non_ess
1617,YBR261C,non_ess,non_ess
1618,YBR267W,non_ess,non_ess
1619,YBR271W,non_ess,non_ess
1620,YBR280C,non_ess,non_ess
1621,YBR281C,non_ess,non_ess
1622,YCL033C,non_ess,non_ess
1623,YCL048W,non_ess,non_ess
1624,YCR015C,non_ess,non_ess
1625,YCR051W,non_ess,non_ess
1626,YDL025C,non_ess,non_ess
1627,YDL091C,non_ess,non_ess
1628,YDL144C,non_ess,non_ess
1629,YDL183C,non_ess,non_ess
1630,YDR020C,non_ess,non_ess
1631,YDR061W,non_ess,non_ess
1632,YDR090C,non_ess,non_ess
1633,YDR128W,non_ess,non_ess
1634,YDR248C,non_ess,non_ess
1635,YDR307W,non_ess,non_ess
1636,YDR316W,non_ess,non_ess
1637,YDR330W,non_ess,non_ess
1638,YDR332W,non_ess,non_ess
1639,YDR333C,non_ess,non_ess
1640,YDR338C,non_ess,non_ess
1641,YDR348C,non_ess,non_ess
1642,YDR352W,non_ess,non_ess
1643,YBR009C,non_ess,non_ess
1644,YDR161W,non_ess,non_ess
1645,YMR226C,non_ess,non_ess
1646,YMR259C,non_ess,non_ess
1647,YCL047C,non_ess,non_ess
1648,YML081W,non_ess,non_ess
1649,YHR140W,non_ess,non_ess
1650,YDL175C,non_ess,non_ess
1651,YDR482C,non_ess,non_ess
1652,YKL175W,non_ess,non_ess
1653,YOR171C,non_ess,non_ess
1654,YOR219C,non_ess,non_ess
1655,YHL040C,non_ess,non_ess
1656,YHR077C,non_ess,non_ess
1657,YDR465C,non_ess,non_ess
1658,YEL038W,non_ess,non_ess
1659,YBR132C,non_ess,non_ess
1660,YBR163W,non_ess,non_ess
1661,YBR180W,non_ess,non_ess
1662,YNL329C,non_ess,non_ess
1663,YNR039C,non_ess,non_ess
1664,YLR333C,non_ess,non_ess
1665,YLR388W,non_ess,non_ess
1666,YJL189W,non_ess,non_ess
1667,YJR062C,non_ess,non_ess
1668,YDR256C,non_ess,non_ess
1669,YDL078C,non_ess,non_ess
1670,YKL134C,non_ess,non_ess
1671,YGL234W,non_ess,non_ess
1672,YJR139C,non_ess,non_ess
1673,YDR034C,non_ess,non_ess
1674,YIR034C,non_ess,non_ess
1675,YDR234W,non_ess,non_ess
1676,YNR050C,non_ess,non_ess
1677,YOR323C,non_ess,non_ess
1678,YDL127W,non_ess,non_ess
1679,YMR202W,non_ess,non_ess
1680,YMR038C,non_ess,non_ess
1681,YEL062W,non_ess,non_ess
1682,YOL058W,non_ess,non_ess
1683,YJR109C,non_ess,non_ess
1684,YHR018C,non_ess,non_ess
1685,YOR303W,non_ess,non_ess
1686,YJL071W,non_ess,non_ess
1687,YLR089C,non_ess,non_ess
1688,YOR130C,non_ess,non_ess
1689,YKR072C,non_ess,non_ess
1690,YMR004W,non_ess,non_ess
1691,YLR017W,non_ess,non_ess
1692,YML097C,non_ess,non_ess
1693,YMR022W,non_ess,non_ess
1694,YDR057W,non_ess,non_ess
1695,YLR427W,non_ess,non_ess
1696,YCL039W,non_ess,non_ess
1697,YLR239C,non_ess,non_ess
1698,YDL123W,non_ess,non_ess
1699,YKL054C,non_ess,non_ess
1700,YOR271C,non_ess,non_ess
1701,YER055C,non_ess,non_ess
1702,YER068W,non_ess,non_ess
1703,YGL173C,non_ess,non_ess
1704,YHL030W,non_ess,non_ess
1705,YHR005C,non_ess,non_ess
1706,YNL064C,non_ess,non_ess
1707,YBR021W,non_ess,non_ess
1708,YIL110W,non_ess,non_ess
1709,YBR097W,non_ess,non_ess
1710,YBR115C,non_ess,non_ess
1711,YBR126C,non_ess,non_ess
1712,YBR248C,non_ess,non_ess
1713,YCL030C,non_ess,non_ess
1714,YHL031C,non_ess,non_ess
1715,YIL156W,non_ess,non_ess
1716,YJL127C,non_ess,non_ess
1717,YJL108C,non_ess,non_ess
1718,YOL084W,non_ess,non_ess
1719,YMR156C,non_ess,non_ess
1720,YLR074C,non_ess,non_ess
1721,YCR047C,non_ess,non_ess
1722,YCR063W,non_ess,non_ess
1723,YCR028C,non_ess,non_ess
1724,YCR036W,non_ess,non_ess
1725,YDL125C,non_ess,non_ess
1726,YDR225W,non_ess,non_ess
1727,YDR272W,non_ess,non_ess
1728,YDR300C,non_ess,non_ess
1729,YPL148C,non_ess,non_ess
1730,YER051W,non_ess,non_ess
1731,YPR117W,non_ess,non_ess
1732,YPR127W,non_ess,non_ess
1733,YAL021C,non_ess,non_ess
1734,YBL093C,non_ess,non_ess
1735,YBR212W,non_ess,non_ess
1736,YBR289W,non_ess,non_ess
1737,YOR288C,non_ess,non_ess
1738,YPL129W,non_ess,non_ess
1739,YPL254W,non_ess,non_ess
1740,YPR072W,non_ess,non_ess
1741,YEL063C,non_ess,non_ess
1742,YIL020C,non_ess,non_ess
1743,YJL155C,non_ess,non_ess
1744,YBR056W,non_ess,non_ess
1745,YLR056W,non_ess,non_ess
1746,YER069W,non_ess,non_ess
1747,YNL026W,ess,ess
1748,YDR267C,ess,ess
1749,YDR339C,ess,ess
1750,YDR437W,ess,ess
1751,YIL083C,ess,ess
1752,YIL091C,ess,ess
1753,YJR072C,ess,ess
1754,YJR141W,ess,ess
1755,YLL034C,ess,ess
1756,YLR243W,ess,ess
1757,YML125C,ess,ess
1758,YNL247W,ess,ess
1759,YOR004W,ess,ess
1760,YOR262W,ess,ess
1761,YPR143W,ess,ess
1762,YCR072C,ess,ess
1763,YFR042W,ess,ess
1764,YGL047W,ess,ess
1765,YGL245W,ess,ess
1766,YGR277C,ess,ess
1767,YHR020W,ess,ess
1768,YHR122W,ess,ess
1769,YIL019W,ess,ess
1770,YJL010C,ess,ess
1771,YKR079C,ess,ess
1772,YLR051C,ess,ess
1773,YLR424W,ess,ess
1774,YNL181W,ess,ess
1775,YNL313C,ess,ess
1776,YNR054C,ess,ess
1777,YPR085C,ess,ess
1778,YAL003W,ess,ess
1779,YAL032C,ess,ess
1780,YAR007C,ess,ess
1781,YBL026W,ess,ess
1782,YBL035C,ess,ess
1783,YBL041W,ess,ess
1784,YBL050W,ess,ess
1785,YBR060C,ess,ess
1786,YBR079C,ess,ess
1787,YBR087W,ess,ess
1788,YBR236C,ess,ess
1789,YBR247C,ess,ess
1790,YBR252W,ess,ess
1791,YBR254C,ess,ess
1792,YCL043C,ess,ess
1793,YCL054W,ess,ess
1794,YCR054C,ess,ess
1795,YDL030W,ess,ess
1796,YDL043C,ess,ess
1797,YDL084W,ess,ess
1798,YDL097C,ess,ess
1799,YDL105W,ess,ess
1800,YDL108W,ess,ess
1801,YDL111C,ess,ess
1802,YDL126C,ess,ess
1803,YDL132W,ess,ess
1804,YDL145C,ess,ess
1805,YDL153C,ess,ess
1806,YDL208W,ess,ess
1807,YDL217C,ess,ess
1808,YDR023W,ess,ess
1809,YDR062W,ess,ess
1810,YDR086C,ess,ess
1811,YLR259C,ess,ess
1812,YLR275W,ess,ess
1813,YLR277C,ess,ess
1814,YLR336C,ess,ess
1815,YLR340W,ess,ess
1816,YLR397C,ess,ess
1817,YLR459W,ess,ess
1818,YML010W,ess,ess
1819,YML015C,ess,ess
1820,YML046W,ess,ess
1821,YML049C,ess,ess
1822,YML064C,ess,ess
1823,YML065W,ess,ess
1824,YML077W,ess,ess
1825,YML092C,ess,ess
1826,YML098W,ess,ess
1827,YML114C,ess,ess
1828,YMR013C,ess,ess
1829,YMR047C,ess,ess
1830,YMR131C,ess,ess
1831,YMR146C,ess,ess
1832,YMR197C,ess,ess
1833,YMR203W,ess,ess
1834,YMR213W,ess,ess
1835,YMR235C,ess,ess
1836,YMR240C,ess,ess
1837,YMR281W,ess,ess
1838,YMR290C,ess,ess
1839,YNL039W,ess,ess
1840,YNL061W,ess,ess
1841,YNL113W,ess,ess
1842,YNL172W,ess,ess
1843,YNL189W,ess,ess
1844,YNL221C,ess,ess
1845,YNL240C,ess,ess
1846,YNL244C,ess,ess
1847,YNL251C,ess,ess
1848,YNL261W,ess,ess
1849,YNL272C,ess,ess
1850,YNR003C,ess,ess
1851,YNR035C,ess,ess
1852,YNR043W,ess,ess
1853,YOL005C,ess,ess
1854,YOL010W,ess,ess
1855,YOL021C,ess,ess
1856,YOL097C,ess,ess
1857,YOL102C,ess,ess
1858,YOL130W,ess,ess
1859,YOL135C,ess,ess
1860,YOL139C,ess,ess
1861,YOR020C,ess,ess
1862,YOR046C,ess,ess
1863,YOR048C,ess,ess
1864,YOR117W,ess,ess
1865,YOR143C,ess,ess
1866,YOR148C,ess,ess
1867,YOR157C,ess,ess
1868,YOR159C,ess,ess
1869,YOR194C,ess,ess
1870,YOR217W,ess,ess
1871,YOR232W,ess,ess
1872,YOR250C,ess,ess
1873,YOR257W,ess,ess
1874,YOR278W,ess,ess
1875,YOR310C,ess,ess
1876,YOR319W,ess,ess
1877,YOR335C,ess,ess
1878,YOR361C,ess,ess
1879,YOR370C,ess,ess
1880,YPL010W,ess,ess
1881,YPL028W,ess,ess
1882,YPL043W,ess,ess
1883,YPL083C,ess,ess
1884,YPL151C,ess,ess
1885,YPL209C,ess,ess
1886,YPL211W,ess,ess
1887,YPL218W,ess,ess
1888,YPL228W,ess,ess
1889,YPL237W,ess,ess
1890,YPL266W,ess,ess
1891,YPR010C,ess,ess
1892,YPR025C,ess,ess
1893,YPR033C,ess,ess
1894,YPR035W,ess,ess
1895,YPR041W,ess,ess
1896,YPR055W,ess,ess
1897,YPR108W,ess,ess
1898,YPR113W,ess,ess
1899,YPR137W,ess,ess
1900,YPR161C,ess,ess
1901,YPR175W,ess,ess
1902,YPR178W,ess,ess
1903,YPR182W,ess,ess
1904,YPR186C,ess,ess
1905,YPR190C,ess,ess
1906,YAL033W,ess,ess
1907,YAL034W-A,ess,ess
1908,YAL038W,ess,ess
1909,YAR008W,ess,ess
1910,YAR019C,ess,ess
1911,YBL034C,ess,ess
1912,YBL076C,ess,ess
1913,YBL084C,ess,ess
1914,YBL097W,ess,ess
1915,YBR011C,ess,ess
1916,YBR029C,ess,ess
1917,YBR088C,ess,ess
1918,YBR160W,ess,ess
1919,YBR193C,ess,ess
1920,YBR196C,ess,ess
1921,YBR198C,ess,ess
1922,YBR202W,ess,ess
1923,YBR234C,ess,ess
1924,YBR243C,ess,ess
1925,YBR256C,ess,ess
1926,YBR265W,ess,ess
1927,YCL059C,ess,ess
1928,YCR012W,ess,ess
1929,YCR035C,ess,ess
1930,YCR057C,ess,ess
1931,YCR093W,ess,ess
1932,YDL003W,ess,ess
1933,YDL017W,ess,ess
1934,YDL055C,ess,ess
1935,YDL087C,ess,ess
1936,YDL102W,ess,ess
1937,YDL141W,ess,ess
1938,YDL143W,ess,ess
1939,YDL150W,ess,ess
1940,YDL164C,ess,ess
1941,YDL207W,ess,ess
1942,YDR002W,ess,ess
1943,YDR044W,ess,ess
1944,YDR045C,ess,ess
1945,YMR296C,ess,ess
1946,YMR309C,ess,ess
1947,YMR314W,ess,ess
1948,YNL002C,ess,ess
1949,YNL075W,ess,ess
1950,YNL088W,ess,ess
1951,YNL102W,ess,ess
1952,YNL126W,ess,ess
1953,YNL178W,ess,ess
1954,YNL262W,ess,ess
1955,YNL287W,ess,ess
1956,YNL290W,ess,ess
1957,YNL312W,ess,ess
1958,YNL317W,ess,ess
1959,YNR016C,ess,ess
1960,YNR017W,ess,ess
1961,YNR038W,ess,ess
1962,YOL069W,ess,ess
1963,YOL094C,ess,ess
1964,YOL123W,ess,ess
1965,YOL133W,ess,ess
1966,YOL149W,ess,ess
1967,YOR057W,ess,ess
1968,YOR077W,ess,ess
1969,YOR116C,ess,ess
1970,YOR119C,ess,ess
1971,YOR151C,ess,ess
1972,YOR160W,ess,ess
1973,YOR168W,ess,ess
1974,YOR176W,ess,ess
1975,YOR210W,ess,ess
1976,YOR224C,ess,ess
1977,YOR244W,ess,ess
1978,YOR249C,ess,ess
1979,YOR261C,ess,ess
1980,YOR272W,ess,ess
1981,YOR294W,ess,ess
1982,YOR362C,ess,ess
1983,YOR373W,ess,ess
1984,YPL076W,ess,ess
1985,YPL082C,ess,ess
1986,YPL094C,ess,ess
1987,YPL117C,ess,ess
1988,YPL126W,ess,ess
1989,YPL128C,ess,ess
1990,YPL160W,ess,ess
1991,YPL175W,ess,ess
1992,YPL235W,ess,ess
1993,YPR056W,ess,ess
1994,YPR082C,ess,ess
1995,YPR103W,ess,ess
1996,YPR107C,ess,ess
1997,YPR110C,ess,ess
1998,YPR162C,ess,ess
1999,YPR176C,ess,ess
2000,YPR181C,ess,ess
2001,YPR183W,ess,ess
2002,YHR088W,ess,ess
2003,YOL077C,ess,ess
2004,YHR074W,ess,ess
2005,YMR049C,ess,ess
2006,YDL015C,ess,ess
2007,YMR288W,ess,ess
2008,YER126C,ess,ess
2009,YER082C,ess,ess
2010,YNL038W,ess,ess
2011,YDL060W,ess,ess
2012,YKR081C,ess,ess
2013,YDL148C,ess,ess
2014,YLR186W,ess,ess
2015,YLR009W,ess,ess
2016,YHR188C,ess,ess
2017,YDL166C,ess,ess
2018,YDR060W,ess,ess
2019,YGL111W,ess,ess
2020,YNL110C,ess,ess
2021,YPL012W,ess,ess
2022,YLR002C,ess,ess
2023,YGR103W,ess,ess
2024,YML127W,ess,ess
2025,YPR105C,ess,ess
2026,YKL059C,ess,ess
2027,YNL207W,ess,ess
2028,YOR056C,ess,ess
2029,YBR110W,ess,ess
2030,YBR142W,ess,ess
2031,YBR143C,ess,ess
2032,YBR153W,ess,ess
2033,YBR154C,ess,ess
2034,YBR155W,ess,ess
2035,YDL031W,ess,ess
2036,YDR487C,ess,ess
2037,YFL002C,ess,ess
2038,YFL005W,ess,ess
2039,YFL017W-A,ess,ess
2040,YFR002W,ess,ess
2041,YIL115C,ess,ess
2042,YIL129C,ess,ess
2043,YIR015W,ess,ess
2044,YNR011C,ess,ess
2045,YOR103C,ess,ess
2046,YPR086W,ess,ess
2047,YDL209C,ess,ess
2048,YNL245C,ess,ess
2049,YGR278W,ess,ess
2050,YGL128C,ess,ess
2051,YLR323C,ess,ess
2052,YLR106C,ess,ess
2053,YNL124W,ess,ess
2054,YGL247W,ess,ess
2055,YIL104C,ess,ess
2056,YKL078W,ess,ess
2057,YPL233W,ess,ess
2058,YML093W,ess,ess
2059,YDR449C,ess,ess
2060,YLR222C,ess,ess
2061,YDR398W,ess,ess
2062,YDR324C,ess,ess
2063,YJL109C,ess,ess
2064,YKL099C,ess,ess
2065,YJL069C,ess,ess
2066,YPR144C,ess,ess
2067,YDR164C,ess,ess
2068,YDR168W,ess,ess
2069,YDR172W,ess,ess
2070,YDR188W,ess,ess
2071,YDR190C,ess,ess
2072,YDR236C,ess,ess
2073,YDR238C,ess,ess
2074,YDR243C,ess,ess
2075,YDR302W,ess,ess
2076,YDR311W,ess,ess
2077,YDR331W,ess,ess
2078,YDR362C,ess,ess
2079,YDR394W,ess,ess
2080,YDR397C,ess,ess
2081,YDR404C,ess,ess
2082,YDR416W,ess,ess
2083,YDR429C,ess,ess
2084,YDR454C,ess,ess
2085,YDR478W,ess,ess
2086,YEL026W,ess,ess
2087,YEL032W,ess,ess
2088,YER013W,ess,ess
2089,YER022W,ess,ess
2090,YER094C,ess,ess
2091,YER112W,ess,ess
2092,YER136W,ess,ess
2093,YER148W,ess,ess
2094,YER159C,ess,ess
2095,YER171W,ess,ess
2096,YFL037W,ess,ess
2097,YFL039C,ess,ess
2098,YFL045C,ess,ess
2099,YFR004W,ess,ess
2100,YFR027W,ess,ess
2101,YFR050C,ess,ess
2102,YFR052W,ess,ess
2103,YGL001C,ess,ess
2104,YGL008C,ess,ess
2105,YGL011C,ess,ess
2106,YGL018C,ess,ess
2107,YGL065C,ess,ess
2108,YGL073W,ess,ess
2109,YGL091C,ess,ess
2110,YGL093W,ess,ess
2111,YGL116W,ess,ess
2112,YGL137W,ess,ess
2113,YGL142C,ess,ess
2114,YGL155W,ess,ess
2115,YGL207W,ess,ess
2116,YGL225W,ess,ess
2117,YGL238W,ess,ess
2118,YGR005C,ess,ess
2119,YGR009C,ess,ess
2120,YGR048W,ess,ess
2121,YGR074W,ess,ess
2122,YGR075C,ess,ess
2123,YGR083C,ess,ess
2124,YGR119C,ess,ess
2125,YGR172C,ess,ess
2126,YGR185C,ess,ess
2127,YGR211W,ess,ess
2128,YGR246C,ess,ess
2129,YGR267C,ess,ess
2130,YHR005C-A,ess,ess
2131,YHR019C,ess,ess
2132,YHR024C,ess,ess
2133,YHR065C,ess,ess
2134,YHR068W,ess,ess
2135,YHR072W,ess,ess
2136,YHR143W-A,ess,ess
2137,YHR148W,ess,ess
2138,YHR164C,ess,ess
2139,YHR170W,ess,ess
2140,YHR172W,ess,ess
2141,YHR190W,ess,ess
2142,YIL022W,ess,ess
2143,YIL061C,ess,ess
2144,YIL106W,ess,ess
2145,YIL109C,ess,ess
2146,YIR008C,ess,ess
2147,YIR012W,ess,ess
2148,YIR022W,ess,ess
2149,YJL025W,ess,ess
2150,YJL031C,ess,ess
2151,YJL090C,ess,ess
2152,YJL111W,ess,ess
2153,YJL143W,ess,ess
2154,YJL167W,ess,ess
2155,YJL174W,ess,ess
2156,YJR002W,ess,ess
2157,YJR007W,ess,ess
2158,YJR064W,ess,ess
2159,YJR068W,ess,ess
2160,YKL012W,ess,ess
2161,YKL022C,ess,ess
2162,YKL058W,ess,ess
2163,YKL060C,ess,ess
2164,YKL145W,ess,ess
2165,YKL173W,ess,ess
2166,YKL193C,ess,ess
2167,YKR008W,ess,ess
2168,YKR062W,ess,ess
2169,YKR086W,ess,ess
2170,YLL004W,ess,ess
2171,YLL008W,ess,ess
2172,YLL011W,ess,ess
2173,YLL036C,ess,ess
2174,YLR026C,ess,ess
2175,YLR060W,ess,ess
2176,YLR066W,ess,ess
2177,YLR071C,ess,ess
2178,YLR078C,ess,ess
2179,YLR088W,ess,ess
2180,YLR100W,ess,ess
2181,YLR115W,ess,ess
2182,YLR117C,ess,ess
2183,YLR166C,ess,ess
2184,YLR175W,ess,ess
2185,YLR195C,ess,ess
2186,YLR197W,ess,ess
2187,YLR215C,ess,ess
2188,YLR229C,ess,ess
2189,YLR249W,ess,ess
2190,YLR409C,ess,ess
2191,YPR169W,ess,ess
2192,YDR052C,ess,ess
2193,YDR091C,ess,ess
2194,YDR167W,ess,ess
2195,YDR180W,ess,ess
2196,YDR182W,ess,ess
2197,YDR208W,ess,ess
2198,YDR211W,ess,ess
2199,YDR228C,ess,ess
2200,YDR235W,ess,ess
2201,YDR246W,ess,ess
2202,YDR280W,ess,ess
2203,YDR299W,ess,ess
2204,YDR301W,ess,ess
2205,YDR328C,ess,ess
2206,YDR376W,ess,ess
2207,YDR460W,ess,ess
2208,YDR472W,ess,ess
2209,YEL002C,ess,ess
2210,YEL019C,ess,ess
2211,YEL055C,ess,ess
2212,YER003C,ess,ess
2213,YER009W,ess,ess
2214,YER012W,ess,ess
2215,YER021W,ess,ess
2216,YER023W,ess,ess
2217,YER127W,ess,ess
2218,YER146W,ess,ess
2219,YER172C,ess,ess
2220,YFL017C,ess,ess
2221,YFL024C,ess,ess
2222,YFL038C,ess,ess
2223,YGL092W,ess,ess
2224,YGL097W,ess,ess
2225,YGL123W,ess,ess
2226,YGL130W,ess,ess
2227,YGL172W,ess,ess
2228,YGL201C,ess,ess
2229,YGR091W,ess,ess
2230,YGR094W,ess,ess
2231,YGR099W,ess,ess
2232,YGR158C,ess,ess
2233,YGR186W,ess,ess
2234,YGR218W,ess,ess
2235,YGR245C,ess,ess
2236,YGR253C,ess,ess
2237,YHR069C,ess,ess
2238,YIL004C,ess,ess
2239,YIL046W,ess,ess
2240,YIL068C,ess,ess
2241,YIL075C,ess,ess
2242,YIL078W,ess,ess
2243,YIL142W,ess,ess
2244,YIL150C,ess,ess
2245,YJL002C,ess,ess
2246,YJL008C,ess,ess
2247,YJL014W,ess,ess
2248,YJL033W,ess,ess
2249,YJL034W,ess,ess
2250,YJL041W,ess,ess
2251,YJL050W,ess,ess
2252,YJL087C,ess,ess
2253,YJL194W,ess,ess
2254,YJL203W,ess,ess
2255,YJR006W,ess,ess
2256,YJR042W,ess,ess
2257,YJR045C,ess,ess
2258,YJR093C,ess,ess
2259,YJR112W,ess,ess
2260,YKL004W,ess,ess
2261,YKL013C,ess,ess
2262,YKL019W,ess,ess
2263,YKL021C,ess,ess
2264,YKL024C,ess,ess
2265,YKL035W,ess,ess
2266,YKL045W,ess,ess
2267,YKL104C,ess,ess
2268,YKL108W,ess,ess
2269,YKL125W,ess,ess
2270,YKL144C,ess,ess
2271,YKL172W,ess,ess
2272,YKL196C,ess,ess
2273,YKL210W,ess,ess
2274,YKR002W,ess,ess
2275,YKR025W,ess,ess
2276,YKR063C,ess,ess
2277,YKR068C,ess,ess
2278,YLL035W,ess,ess
2279,YLL050C,ess,ess
2280,YLR086W,ess,ess
2281,YLR105C,ess,ess
2282,YLR116W,ess,ess
2283,YLR129W,ess,ess
2284,YLR163C,ess,ess
2285,YLR196W,ess,ess
2286,YLR208W,ess,ess
2287,YLR212C,ess,ess
2288,YLR272C,ess,ess
2289,YLR274W,ess,ess
2290,YLR276C,ess,ess
2291,YLR291C,ess,ess
2292,YLR298C,ess,ess
2293,YLR321C,ess,ess
2294,YLR378C,ess,ess
2295,YLR438C-A,ess,ess
2296,YML043C,ess,ess
2297,YML126C,ess,ess
2298,YML130C,ess,ess
2299,YMR001C,ess,ess
2300,YMR005W,ess,ess
2301,YMR028W,ess,ess
2302,YMR128W,ess,ess
2303,YMR208W,ess,ess
2304,YMR220W,ess,ess
2305,YMR227C,ess,ess
2306,YMR229C,ess,ess
2307,YMR236W,ess,ess
2308,YMR239C,ess,ess
2309,YMR260C,ess,ess
2310,YMR268C,ess,ess
2311,YMR277W,ess,ess
2312,YBR109C,ess,ess
2313,YHR186C,ess,ess
2314,YGR090W,ess,ess
2315,YJL011C,ess,ess
2316,YGR145W,ess,ess
2317,YOR353C,ess,ess
2318,YHR085W,ess,ess
2319,YNL182C,ess,ess
2320,YPL063W,ess,ess
2321,YDR013W,ess,ess
2322,YDR489W,ess,ess
2323,YJL072C,ess,ess
2324,YOL146W,ess,ess
2325,YJL091C,ess,ess
2326,YHR197W,ess,ess
2327,YLR008C,ess,ess
2328,YGR024C,ess,ess
2329,YKL195W,ess,ess
2330,YJR041C,ess,ess
2331,YBR004C,ess,ess
2332,YDR341C,ess,ess
2333,YPR112C,ess,ess
2334,YPR187W,ess,ess
2335,YJL104W,ess,ess
2336,YGR264C,ess,ess
2337,YHR166C,ess,ess
2338,YIL062C,ess,ess
2339,YIL144W,ess,ess
2340,YOR075W,ess,ess
2341,YOR149C,ess,ess
2342,YOR207C,ess,ess
2343,YOR260W,ess,ess
2344,YOR340C,ess,ess
2345,YGL233W,ess,ess
2346,YGR060W,ess,ess
2347,YGR095C,ess,ess
2348,YHL015W,ess,ess
2349,YDR196C,ess,ess
2350,YBL020W,ess,ess
2351,YBR192W,ess,ess
2352,YIL051C,ess,ess
2353,YKL189W,ess,ess
2354,YBR094W,non_ess,non_ess
2355,YDR379C-A,non_ess,non_ess
2356,YHR201C,non_ess,non_ess
2357,YPR118W,non_ess,non_ess
2358,YGL190C,non_ess,non_ess
2359,YGL183C,non_ess,non_ess
2360,YCL057C-A,non_ess,non_ess
2361,YGL191W,non_ess,non_ess
2362,YIL131C,non_ess,non_ess
2363,YLR419W,non_ess,non_ess
2364,YDL106C,non_ess,non_ess
2365,YGL178W,non_ess,non_ess
2366,YPR021C,non_ess,non_ess
2367,YHR001W,non_ess,non_ess
2368,YDL085C-A,non_ess,non_ess
2369,YGR258C,non_ess,non_ess
2370,YHR119W,non_ess,non_ess
2371,YDR326C,non_ess,non_ess
2372,YJR132W,non_ess,non_ess
2373,YAL024C,non_ess,non_ess
2374,YLR245C,non_ess,non_ess
2375,YOL086W-A,non_ess,non_ess
2376,YBL071W-A,non_ess,non_ess
2377,YCL012C,non_ess,non_ess
2378,YGL100W,non_ess,non_ess
2379,YGR169C-A,non_ess,non_ess
2380,YJR135W-A,non_ess,non_ess
